row_key,month,provider_code,provider_name,specialty_code,specialty_name,waiting_list,median_wait_weeks_est,pct_within_18_weeks
2024-05|A0C5S|C_130,2024-05,A0C5S,SPAMEDICA GLOUCESTER,C_130,Ophthalmology Service,68,2.0,
2024-05|A0C5S|C_999,2024-05,A0C5S,SPAMEDICA GLOUCESTER,C_999,Total,68,2.0,
2024-05|A4M8P|C_100,2024-05,A4M8P,BUCKSHAW HOSPITAL,C_100,General Surgery Service,1337,9.5,
2024-05|A4M8P|C_101,2024-05,A4M8P,BUCKSHAW HOSPITAL,C_101,Urology Service,810,14.7,
2024-05|A4M8P|C_110,2024-05,A4M8P,BUCKSHAW HOSPITAL,C_110,Trauma and Orthopaedic Service,433,13.7,
2024-05|A4M8P|C_120,2024-05,A4M8P,BUCKSHAW HOSPITAL,C_120,Ear Nose and Throat Service,587,11.0,
2024-05|A4M8P|C_160,2024-05,A4M8P,BUCKSHAW HOSPITAL,C_160,Plastic Surgery Service,3,14.5,
2024-05|A4M8P|C_170,2024-05,A4M8P,BUCKSHAW HOSPITAL,C_170,Cardiothoracic Surgery Service,1,22.5,
2024-05|A4M8P|C_301,2024-05,A4M8P,BUCKSHAW HOSPITAL,C_301,Gastroenterology Service,14,10.5,
2024-05|A4M8P|C_502,2024-05,A4M8P,BUCKSHAW HOSPITAL,C_502,Gynaecology Service,540,16.8,
2024-05|A4M8P|C_999,2024-05,A4M8P,BUCKSHAW HOSPITAL,C_999,Total,3825,12.4,
2024-05|A4M8P|X02,2024-05,A4M8P,BUCKSHAW HOSPITAL,X02,Other - Medical Services,87,19.5,
2024-05|A4M8P|X03,2024-05,A4M8P,BUCKSHAW HOSPITAL,X03,Other - Mental Health Services,1,42.5,
2024-05|A4M8P|X06,2024-05,A4M8P,BUCKSHAW HOSPITAL,X06,Other - Other Services,12,41.0,
2024-05|A4Q9X|C_130,2024-05,A4Q9X,NEWMEDICA LEICESTER,C_130,Ophthalmology Service,229,1.8,
2024-05|A4Q9X|C_999,2024-05,A4Q9X,NEWMEDICA LEICESTER,C_999,Total,229,1.8,
2024-05|AAH|C_100,2024-05,AAH,TETBURY HOSPITAL TRUST LTD,C_100,General Surgery Service,29,4.4,
2024-05|AAH|C_101,2024-05,AAH,TETBURY HOSPITAL TRUST LTD,C_101,Urology Service,32,5.2,
2024-05|AAH|C_110,2024-05,AAH,TETBURY HOSPITAL TRUST LTD,C_110,Trauma and Orthopaedic Service,24,4.5,
2024-05|AAH|C_120,2024-05,AAH,TETBURY HOSPITAL TRUST LTD,C_120,Ear Nose and Throat Service,15,11.5,
2024-05|AAH|C_130,2024-05,AAH,TETBURY HOSPITAL TRUST LTD,C_130,Ophthalmology Service,127,5.1,
2024-05|AAH|C_140,2024-05,AAH,TETBURY HOSPITAL TRUST LTD,C_140,Oral Surgery Service,8,8.0,
2024-05|AAH|C_340,2024-05,AAH,TETBURY HOSPITAL TRUST LTD,C_340,Respiratory Medicine Service,1,9.5,
2024-05|AAH|C_502,2024-05,AAH,TETBURY HOSPITAL TRUST LTD,C_502,Gynaecology Service,27,10.5,
2024-05|AAH|C_999,2024-05,AAH,TETBURY HOSPITAL TRUST LTD,C_999,Total,275,5.4,
2024-05|AAH|X05,2024-05,AAH,TETBURY HOSPITAL TRUST LTD,X05,Other - Surgical Services,1,0.5,
2024-05|AAH|X06,2024-05,AAH,TETBURY HOSPITAL TRUST LTD,X06,Other - Other Services,11,0.6,
2024-05|AAV|C_130,2024-05,AAV,COMMUNITY HEALTH AND EYECARE LIMITED,C_130,Ophthalmology Service,3449,4.3,
2024-05|AAV|C_999,2024-05,AAV,COMMUNITY HEALTH AND EYECARE LIMITED,C_999,Total,3449,4.3,
2024-05|ACG08|C_130,2024-05,ACG08,NEWMEDICA OPHTHALMOLOGY - NUNEATON - CAMP HILL - GP LED HEALTH CENTRE,C_130,Ophthalmology Service,13,0.7,
2024-05|ACG08|C_999,2024-05,ACG08,NEWMEDICA OPHTHALMOLOGY - NUNEATON - CAMP HILL - GP LED HEALTH CENTRE,C_999,Total,13,0.7,
2024-05|ACG12|C_130,2024-05,ACG12,NEWMEDICA COMMUNITY OPHTHALMOLOGY - NORTH EAST LINCOLNSHIRE - GRIMSBY,C_130,Ophthalmology Service,278,1.9,
2024-05|ACG12|C_999,2024-05,ACG12,NEWMEDICA COMMUNITY OPHTHALMOLOGY - NORTH EAST LINCOLNSHIRE - GRIMSBY,C_999,Total,278,1.9,
2024-05|ACG13|C_130,2024-05,ACG13,NEWMEDICA - GLOUCESTER (ASPEN MEDICAL CENTRE),C_130,Ophthalmology Service,211,6.1,
2024-05|ACG13|C_999,2024-05,ACG13,NEWMEDICA - GLOUCESTER (ASPEN MEDICAL CENTRE),C_999,Total,211,6.1,
2024-05|ACG19|C_130,2024-05,ACG19,NEWMEDICA COMMUNITY OPHTHALMOLOGY - LEEDS,C_130,Ophthalmology Service,515,3.4,
2024-05|ACG19|C_999,2024-05,ACG19,NEWMEDICA COMMUNITY OPHTHALMOLOGY - LEEDS,C_999,Total,515,3.4,
2024-05|ACG20|C_130,2024-05,ACG20,NEWMEDICA - BRISTOL - LITFIELD HOUSE,C_130,Ophthalmology Service,178,3.7,
2024-05|ACG20|C_999,2024-05,ACG20,NEWMEDICA - BRISTOL - LITFIELD HOUSE,C_999,Total,178,3.7,
2024-05|ACG22|C_130,2024-05,ACG22,NEWMEDICA - BRIGG - RIVERSIDE SURGERY,C_130,Ophthalmology Service,279,4.3,
2024-05|ACG22|C_999,2024-05,ACG22,NEWMEDICA - BRIGG - RIVERSIDE SURGERY,C_999,Total,279,4.3,
2024-05|ACG24|C_130,2024-05,ACG24,NEWMEDICA - TEESSIDE - NORTH ORMESBY,C_130,Ophthalmology Service,767,2.6,
2024-05|ACG24|C_999,2024-05,ACG24,NEWMEDICA - TEESSIDE - NORTH ORMESBY,C_999,Total,767,2.6,
2024-05|ACG26|C_130,2024-05,ACG26,NEWMEDICA - NORTH DERBYSHIRE - MIDLAND COURT,C_130,Ophthalmology Service,625,2.8,
2024-05|ACG26|C_999,2024-05,ACG26,NEWMEDICA - NORTH DERBYSHIRE - MIDLAND COURT,C_999,Total,625,2.8,
2024-05|ACG30|C_130,2024-05,ACG30,NEWMEDICA - WORKSOP - DUKERIES,C_130,Ophthalmology Service,75,2.0,
2024-05|ACG30|C_999,2024-05,ACG30,NEWMEDICA - WORKSOP - DUKERIES,C_999,Total,75,2.0,
2024-05|ACG31|C_130,2024-05,ACG31,NEWMEDICA - WORCESTER,C_130,Ophthalmology Service,909,3.6,
2024-05|ACG31|C_999,2024-05,ACG31,NEWMEDICA - WORCESTER,C_999,Total,909,3.6,
2024-05|ACG36|C_130,2024-05,ACG36,NEWMEDICA - EXETER - GLEN HOUSE,C_130,Ophthalmology Service,246,3.2,
2024-05|ACG36|C_999,2024-05,ACG36,NEWMEDICA - EXETER - GLEN HOUSE,C_999,Total,246,3.2,
2024-05|ACG37|C_130,2024-05,ACG37,NEWMEDICA - IPSWICH,C_130,Ophthalmology Service,1533,6.9,
2024-05|ACG37|C_999,2024-05,ACG37,NEWMEDICA - IPSWICH,C_999,Total,1533,6.9,
2024-05|ACG38|C_130,2024-05,ACG38,NEWMEDICA - LANGFORD,C_130,Ophthalmology Service,172,3.3,
2024-05|ACG38|C_999,2024-05,ACG38,NEWMEDICA - LANGFORD,C_999,Total,172,3.3,
2024-05|ACG39|C_130,2024-05,ACG39,NEWMEDICA - SWINDON,C_130,Ophthalmology Service,293,4.4,
2024-05|ACG39|C_999,2024-05,ACG39,NEWMEDICA - SWINDON,C_999,Total,293,4.4,
2024-05|ACG40|C_130,2024-05,ACG40,NEWMEDICA - WAKEFIELD,C_130,Ophthalmology Service,596,6.8,
2024-05|ACG40|C_999,2024-05,ACG40,NEWMEDICA - WAKEFIELD,C_999,Total,596,6.8,
2024-05|ACM|C_130,2024-05,ACM,EYE CARE MEDICAL LTD,C_130,Ophthalmology Service,5,0.6,
2024-05|ACM|C_999,2024-05,ACM,EYE CARE MEDICAL LTD,C_999,Total,5,0.6,
2024-05|ADN|C_502,2024-05,ADN,PRIMARY INTEGRATED COMMUNITY SERVICES LTD,C_502,Gynaecology Service,2044,13.8,
2024-05|ADN|C_999,2024-05,ADN,PRIMARY INTEGRATED COMMUNITY SERVICES LTD,C_999,Total,2044,13.8,
2024-05|ADP02|C_100,2024-05,ADP02,KIMS HOSPITAL (NEWNHAM COURT),C_100,General Surgery Service,120,13.2,
2024-05|ADP02|C_101,2024-05,ADP02,KIMS HOSPITAL (NEWNHAM COURT),C_101,Urology Service,44,10.5,
2024-05|ADP02|C_110,2024-05,ADP02,KIMS HOSPITAL (NEWNHAM COURT),C_110,Trauma and Orthopaedic Service,981,7.8,
2024-05|ADP02|C_130,2024-05,ADP02,KIMS HOSPITAL (NEWNHAM COURT),C_130,Ophthalmology Service,22,6.7,
2024-05|ADP02|C_502,2024-05,ADP02,KIMS HOSPITAL (NEWNHAM COURT),C_502,Gynaecology Service,107,6.9,
2024-05|ADP02|C_999,2024-05,ADP02,KIMS HOSPITAL (NEWNHAM COURT),C_999,Total,1337,7.7,
2024-05|ADP02|X02,2024-05,ADP02,KIMS HOSPITAL (NEWNHAM COURT),X02,Other - Medical Services,63,1.8,
2024-05|AHP|C_330,2024-05,AHP,ST MICHAEL'S CLINIC LIMITED,C_330,Dermatology Service,1549,13.3,
2024-05|AHP|C_999,2024-05,AHP,ST MICHAEL'S CLINIC LIMITED,C_999,Total,1549,13.3,
2024-05|AJ8|C_301,2024-05,AJ8,THE GRANGE MEDICAL CENTRE HQ,C_301,Gastroenterology Service,151,9.8,
2024-05|AJ8|C_999,2024-05,AJ8,THE GRANGE MEDICAL CENTRE HQ,C_999,Total,151,9.8,
2024-05|AJX|C_110,2024-05,AJX,SUSSEX MSK PARTNERSHIP 2,C_110,Trauma and Orthopaedic Service,6748,6.0,
2024-05|AJX|C_410,2024-05,AJX,SUSSEX MSK PARTNERSHIP 2,C_410,Rheumatology Service,693,8.6,
2024-05|AJX|C_999,2024-05,AJX,SUSSEX MSK PARTNERSHIP 2,C_999,Total,7493,6.3,
2024-05|AJX|X06,2024-05,AJX,SUSSEX MSK PARTNERSHIP 2,X06,Other - Other Services,52,31.0,
2024-05|AQK|C_999,2024-05,AQK,VERNOVA HEALTHCARE COMMUNITY INTEREST COMPANY,C_999,Total,66,5.3,
2024-05|AQK|X02,2024-05,AQK,VERNOVA HEALTHCARE COMMUNITY INTEREST COMPANY,X02,Other - Medical Services,66,5.3,
2024-05|AY1|C_100,2024-05,AY1,MEDEFER,C_100,General Surgery Service,298,5.3,
2024-05|AY1|C_301,2024-05,AY1,MEDEFER,C_301,Gastroenterology Service,1381,15.4,
2024-05|AY1|C_330,2024-05,AY1,MEDEFER,C_330,Dermatology Service,1,8.5,
2024-05|AY1|C_410,2024-05,AY1,MEDEFER,C_410,Rheumatology Service,35,1.8,
2024-05|AY1|C_999,2024-05,AY1,MEDEFER,C_999,Total,2224,10.1,
2024-05|AY1|X02,2024-05,AY1,MEDEFER,X02,Other - Medical Services,332,6.6,
2024-05|AY1|X05,2024-05,AY1,MEDEFER,X05,Other - Surgical Services,177,5.7,
2024-05|B1A5K|C_130,2024-05,B1A5K,NEWMEDICA - NOTTINGHAM,C_130,Ophthalmology Service,705,3.8,
2024-05|B1A5K|C_999,2024-05,B1A5K,NEWMEDICA - NOTTINGHAM,C_999,Total,705,3.8,
2024-05|B3M1X|C_100,2024-05,B3M1X,CLAREMONT PRIVATE HOSPITAL,C_100,General Surgery Service,329,13.1,
2024-05|B3M1X|C_101,2024-05,B3M1X,CLAREMONT PRIVATE HOSPITAL,C_101,Urology Service,55,13.2,
2024-05|B3M1X|C_110,2024-05,B3M1X,CLAREMONT PRIVATE HOSPITAL,C_110,Trauma and Orthopaedic Service,953,10.9,
2024-05|B3M1X|C_120,2024-05,B3M1X,CLAREMONT PRIVATE HOSPITAL,C_120,Ear Nose and Throat Service,146,6.4,
2024-05|B3M1X|C_130,2024-05,B3M1X,CLAREMONT PRIVATE HOSPITAL,C_130,Ophthalmology Service,11,5.2,
2024-05|B3M1X|C_150,2024-05,B3M1X,CLAREMONT PRIVATE HOSPITAL,C_150,Neurosurgical Service,472,12.3,
2024-05|B3M1X|C_400,2024-05,B3M1X,CLAREMONT PRIVATE HOSPITAL,C_400,Neurology Service,1,31.5,
2024-05|B3M1X|C_502,2024-05,B3M1X,CLAREMONT PRIVATE HOSPITAL,C_502,Gynaecology Service,116,9.9,
2024-05|B3M1X|C_999,2024-05,B3M1X,CLAREMONT PRIVATE HOSPITAL,C_999,Total,2083,11.1,
2024-05|B4N1U|C_130,2024-05,B4N1U,SPAMEDICA ROMFORD,C_130,Ophthalmology Service,352,2.4,
2024-05|B4N1U|C_999,2024-05,B4N1U,SPAMEDICA ROMFORD,C_999,Total,352,2.4,
2024-05|B5M7B|C_130,2024-05,B5M7B,NEWMEDICA - NORWICH,C_130,Ophthalmology Service,531,2.5,
2024-05|B5M7B|C_999,2024-05,B5M7B,NEWMEDICA - NORWICH,C_999,Total,531,2.5,
2024-05|B9J4U|C_130,2024-05,B9J4U,SPAMEDICA PETERBOROUGH,C_130,Ophthalmology Service,108,2.6,
2024-05|B9J4U|C_999,2024-05,B9J4U,SPAMEDICA PETERBOROUGH,C_999,Total,108,2.6,
2024-05|B9M3W|C_130,2024-05,B9M3W,SPAMEDICA SOUTHAMPTON,C_130,Ophthalmology Service,197,2.8,
2024-05|B9M3W|C_999,2024-05,B9M3W,SPAMEDICA SOUTHAMPTON,C_999,Total,197,2.8,
2024-05|C3Y0A|C_130,2024-05,C3Y0A,SPAMEDICA BLACKPOOL,C_130,Ophthalmology Service,97,3.4,
2024-05|C3Y0A|C_999,2024-05,C3Y0A,SPAMEDICA BLACKPOOL,C_999,Total,97,3.4,
2024-05|D3O0Z|C_130,2024-05,D3O0Z,PLYMOUTH NEWMEDICA LTD,C_130,Ophthalmology Service,282,2.4,
2024-05|D3O0Z|C_999,2024-05,D3O0Z,PLYMOUTH NEWMEDICA LTD,C_999,Total,282,2.4,
2024-05|D5P5H|C_130,2024-05,D5P5H,SPAMEDICA BEXHILL,C_130,Ophthalmology Service,205,2.0,
2024-05|D5P5H|C_999,2024-05,D5P5H,SPAMEDICA BEXHILL,C_999,Total,205,2.0,
2024-05|DFQ|C_100,2024-05,DFQ,NORWICH & NORFOLK SURGICAL LTD (N2S),C_100,General Surgery Service,176,9.0,
2024-05|DFQ|C_110,2024-05,DFQ,NORWICH & NORFOLK SURGICAL LTD (N2S),C_110,Trauma and Orthopaedic Service,428,14.0,
2024-05|DFQ|C_130,2024-05,DFQ,NORWICH & NORFOLK SURGICAL LTD (N2S),C_130,Ophthalmology Service,289,2.8,
2024-05|DFQ|C_160,2024-05,DFQ,NORWICH & NORFOLK SURGICAL LTD (N2S),C_160,Plastic Surgery Service,3,5.5,
2024-05|DFQ|C_999,2024-05,DFQ,NORWICH & NORFOLK SURGICAL LTD (N2S),C_999,Total,896,8.7,
2024-05|DFY01|C_160,2024-05,DFY01,COTSWOLDS SURGICAL PARTNERS,C_160,Plastic Surgery Service,105,4.1,
2024-05|DFY01|C_330,2024-05,DFY01,COTSWOLDS SURGICAL PARTNERS,C_330,Dermatology Service,150,6.8,
2024-05|DFY01|C_999,2024-05,DFY01,COTSWOLDS SURGICAL PARTNERS,C_999,Total,255,5.7,
2024-05|DTT|C_100,2024-05,DTT,PHOENIX PUBLIC HEALTH LTD,C_100,General Surgery Service,192,10.2,
2024-05|DTT|C_999,2024-05,DTT,PHOENIX PUBLIC HEALTH LTD,C_999,Total,192,10.2,
2024-05|DX1|C_100,2024-05,DX1,THE NEW FOSCOTE HOSPITAL LTD,C_100,General Surgery Service,171,5.2,
2024-05|DX1|C_110,2024-05,DX1,THE NEW FOSCOTE HOSPITAL LTD,C_110,Trauma and Orthopaedic Service,44,4.8,
2024-05|DX1|C_999,2024-05,DX1,THE NEW FOSCOTE HOSPITAL LTD,C_999,Total,215,5.1,
2024-05|DXV|C_120,2024-05,DXV,OMNES HEALTHCARE LTD,C_120,Ear Nose and Throat Service,3687,7.1,
2024-05|DXV|C_330,2024-05,DXV,OMNES HEALTHCARE LTD,C_330,Dermatology Service,4873,8.1,
2024-05|DXV|C_999,2024-05,DXV,OMNES HEALTHCARE LTD,C_999,Total,8560,7.7,
2024-05|E1U4T|C_130,2024-05,E1U4T,SPAMEDICA CARLISLE,C_130,Ophthalmology Service,252,2.7,
2024-05|E1U4T|C_999,2024-05,E1U4T,SPAMEDICA CARLISLE,C_999,Total,252,2.7,
2024-05|E3D4A|C_130,2024-05,E3D4A,SPAMEDICA TRURO,C_130,Ophthalmology Service,92,2.5,
2024-05|E3D4A|C_999,2024-05,E3D4A,SPAMEDICA TRURO,C_999,Total,92,2.5,
2024-05|F9Z4V|C_100,2024-05,F9Z4V,CIRCLE READING HOSPITAL,C_100,General Surgery Service,101,29.8,
2024-05|F9Z4V|C_110,2024-05,F9Z4V,CIRCLE READING HOSPITAL,C_110,Trauma and Orthopaedic Service,967,10.0,
2024-05|F9Z4V|C_120,2024-05,F9Z4V,CIRCLE READING HOSPITAL,C_120,Ear Nose and Throat Service,26,12.5,
2024-05|F9Z4V|C_130,2024-05,F9Z4V,CIRCLE READING HOSPITAL,C_130,Ophthalmology Service,87,5.7,
2024-05|F9Z4V|C_301,2024-05,F9Z4V,CIRCLE READING HOSPITAL,C_301,Gastroenterology Service,11,13.8,
2024-05|F9Z4V|C_502,2024-05,F9Z4V,CIRCLE READING HOSPITAL,C_502,Gynaecology Service,89,7.2,
2024-05|F9Z4V|C_999,2024-05,F9Z4V,CIRCLE READING HOSPITAL,C_999,Total,1317,10.2,
2024-05|F9Z4V|X06,2024-05,F9Z4V,CIRCLE READING HOSPITAL,X06,Other - Other Services,36,6.3,
2024-05|G3O5P|C_130,2024-05,G3O5P,SPAMEDICA NEWARK,C_130,Ophthalmology Service,199,2.3,
2024-05|G3O5P|C_999,2024-05,G3O5P,SPAMEDICA NEWARK,C_999,Total,199,2.3,
2024-05|G3Q3Z|C_100,2024-05,G3Q3Z,NUFFIELD HEALTH HIGHGATE HOSPITAL,C_100,General Surgery Service,135,5.1,
2024-05|G3Q3Z|C_110,2024-05,G3Q3Z,NUFFIELD HEALTH HIGHGATE HOSPITAL,C_110,Trauma and Orthopaedic Service,346,5.9,
2024-05|G3Q3Z|C_120,2024-05,G3Q3Z,NUFFIELD HEALTH HIGHGATE HOSPITAL,C_120,Ear Nose and Throat Service,206,9.1,
2024-05|G3Q3Z|C_160,2024-05,G3Q3Z,NUFFIELD HEALTH HIGHGATE HOSPITAL,C_160,Plastic Surgery Service,31,4.6,
2024-05|G3Q3Z|C_301,2024-05,G3Q3Z,NUFFIELD HEALTH HIGHGATE HOSPITAL,C_301,Gastroenterology Service,23,2.1,
2024-05|G3Q3Z|C_999,2024-05,G3Q3Z,NUFFIELD HEALTH HIGHGATE HOSPITAL,C_999,Total,846,6.0,
2024-05|G3Q3Z|X05,2024-05,G3Q3Z,NUFFIELD HEALTH HIGHGATE HOSPITAL,X05,Other - Surgical Services,105,5.9,
2024-05|G3Z1Q|C_100,2024-05,G3Z1Q,SULIS HOSPITAL BATH (FOXCOTE AVENUE),C_100,General Surgery Service,285,16.1,
2024-05|G3Z1Q|C_101,2024-05,G3Z1Q,SULIS HOSPITAL BATH (FOXCOTE AVENUE),C_101,Urology Service,137,17.1,
2024-05|G3Z1Q|C_110,2024-05,G3Z1Q,SULIS HOSPITAL BATH (FOXCOTE AVENUE),C_110,Trauma and Orthopaedic Service,1785,11.5,
2024-05|G3Z1Q|C_120,2024-05,G3Z1Q,SULIS HOSPITAL BATH (FOXCOTE AVENUE),C_120,Ear Nose and Throat Service,325,15.8,
2024-05|G3Z1Q|C_130,2024-05,G3Z1Q,SULIS HOSPITAL BATH (FOXCOTE AVENUE),C_130,Ophthalmology Service,457,11.3,
2024-05|G3Z1Q|C_301,2024-05,G3Z1Q,SULIS HOSPITAL BATH (FOXCOTE AVENUE),C_301,Gastroenterology Service,50,4.0,
2024-05|G3Z1Q|C_502,2024-05,G3Z1Q,SULIS HOSPITAL BATH (FOXCOTE AVENUE),C_502,Gynaecology Service,161,11.4,
2024-05|G3Z1Q|C_999,2024-05,G3Z1Q,SULIS HOSPITAL BATH (FOXCOTE AVENUE),C_999,Total,3217,12.1,
2024-05|G3Z1Q|X02,2024-05,G3Z1Q,SULIS HOSPITAL BATH (FOXCOTE AVENUE),X02,Other - Medical Services,1,37.5,
2024-05|G3Z1Q|X05,2024-05,G3Z1Q,SULIS HOSPITAL BATH (FOXCOTE AVENUE),X05,Other - Surgical Services,1,7.5,
2024-05|G3Z1Q|X06,2024-05,G3Z1Q,SULIS HOSPITAL BATH (FOXCOTE AVENUE),X06,Other - Other Services,15,1.8,
2024-05|G5X2Q|C_130,2024-05,G5X2Q,SPAMEDICA NORTH TYNESIDE,C_130,Ophthalmology Service,79,2.4,
2024-05|G5X2Q|C_999,2024-05,G5X2Q,SPAMEDICA NORTH TYNESIDE,C_999,Total,79,2.4,
2024-05|GEC01|C_999,2024-05,GEC01,RAPID INVESTIGATION SERVICE,C_999,Total,138,2.7,
2024-05|GEC01|X06,2024-05,GEC01,RAPID INVESTIGATION SERVICE,X06,Other - Other Services,138,2.7,
2024-05|H4I8B|C_100,2024-05,H4I8B,NUFFIELD HEALTH THE HOLLY HOSPITAL,C_100,General Surgery Service,473,12.5,
2024-05|H4I8B|C_110,2024-05,H4I8B,NUFFIELD HEALTH THE HOLLY HOSPITAL,C_110,Trauma and Orthopaedic Service,1895,9.0,
2024-05|H4I8B|C_120,2024-05,H4I8B,NUFFIELD HEALTH THE HOLLY HOSPITAL,C_120,Ear Nose and Throat Service,462,5.9,
2024-05|H4I8B|C_130,2024-05,H4I8B,NUFFIELD HEALTH THE HOLLY HOSPITAL,C_130,Ophthalmology Service,74,7.3,
2024-05|H4I8B|C_320,2024-05,H4I8B,NUFFIELD HEALTH THE HOLLY HOSPITAL,C_320,Cardiology Service,69,2.9,
2024-05|H4I8B|C_410,2024-05,H4I8B,NUFFIELD HEALTH THE HOLLY HOSPITAL,C_410,Rheumatology Service,121,9.1,
2024-05|H4I8B|C_999,2024-05,H4I8B,NUFFIELD HEALTH THE HOLLY HOSPITAL,C_999,Total,3485,8.3,
2024-05|H4I8B|X02,2024-05,H4I8B,NUFFIELD HEALTH THE HOLLY HOSPITAL,X02,Other - Medical Services,2,2.0,
2024-05|H4I8B|X05,2024-05,H4I8B,NUFFIELD HEALTH THE HOLLY HOSPITAL,X05,Other - Surgical Services,362,7.3,
2024-05|H4I8B|X06,2024-05,H4I8B,NUFFIELD HEALTH THE HOLLY HOSPITAL,X06,Other - Other Services,27,10.5,
2024-05|H4J9P|C_130,2024-05,H4J9P,NEWMEDICA AZTEC WEST,C_130,Ophthalmology Service,347,2.9,
2024-05|H4J9P|C_999,2024-05,H4J9P,NEWMEDICA AZTEC WEST,C_999,Total,347,2.9,
2024-05|I2C7H|C_130,2024-05,I2C7H,SPAMEDICA BRADFORD,C_130,Ophthalmology Service,108,1.9,
2024-05|I2C7H|C_999,2024-05,I2C7H,SPAMEDICA BRADFORD,C_999,Total,108,1.9,
2024-05|I9A4A|C_130,2024-05,I9A4A,SPAMEDICA BRIGHTON,C_130,Ophthalmology Service,214,2.5,
2024-05|I9A4A|C_999,2024-05,I9A4A,SPAMEDICA BRIGHTON,C_999,Total,214,2.5,
2024-05|J2H6H|C_130,2024-05,J2H6H,SPAMEDICA COLCHESTER,C_130,Ophthalmology Service,130,2.0,
2024-05|J2H6H|C_999,2024-05,J2H6H,SPAMEDICA COLCHESTER,C_999,Total,130,2.0,
2024-05|J3J8Z|C_130,2024-05,J3J8Z,NEWMEDICA - OXFORDSHIRE,C_130,Ophthalmology Service,587,2.9,
2024-05|J3J8Z|C_999,2024-05,J3J8Z,NEWMEDICA - OXFORDSHIRE,C_999,Total,587,2.9,
2024-05|J3X4C|C_130,2024-05,J3X4C,SPAMEDICA WORCESTER,C_130,Ophthalmology Service,77,2.3,
2024-05|J3X4C|C_999,2024-05,J3X4C,SPAMEDICA WORCESTER,C_999,Total,77,2.3,
2024-05|J7V1N|C_130,2024-05,J7V1N,SPAMEDICA SOLIHULL,C_130,Ophthalmology Service,147,2.5,
2024-05|J7V1N|C_999,2024-05,J7V1N,SPAMEDICA SOLIHULL,C_999,Total,147,2.5,
2024-05|K8I4X|C_100,2024-05,K8I4X,GLENDON WOOD HOSPITAL,C_100,General Surgery Service,108,5.5,
2024-05|K8I4X|C_101,2024-05,K8I4X,GLENDON WOOD HOSPITAL,C_101,Urology Service,34,18.0,
2024-05|K8I4X|C_110,2024-05,K8I4X,GLENDON WOOD HOSPITAL,C_110,Trauma and Orthopaedic Service,411,12.4,
2024-05|K8I4X|C_120,2024-05,K8I4X,GLENDON WOOD HOSPITAL,C_120,Ear Nose and Throat Service,23,15.8,
2024-05|K8I4X|C_130,2024-05,K8I4X,GLENDON WOOD HOSPITAL,C_130,Ophthalmology Service,712,9.2,
2024-05|K8I4X|C_160,2024-05,K8I4X,GLENDON WOOD HOSPITAL,C_160,Plastic Surgery Service,1,23.5,
2024-05|K8I4X|C_300,2024-05,K8I4X,GLENDON WOOD HOSPITAL,C_300,General Internal Medicine Service,1,2.5,
2024-05|K8I4X|C_301,2024-05,K8I4X,GLENDON WOOD HOSPITAL,C_301,Gastroenterology Service,199,3.3,
2024-05|K8I4X|C_502,2024-05,K8I4X,GLENDON WOOD HOSPITAL,C_502,Gynaecology Service,15,23.8,
2024-05|K8I4X|C_999,2024-05,K8I4X,GLENDON WOOD HOSPITAL,C_999,Total,1600,9.4,
2024-05|K8I4X|X02,2024-05,K8I4X,GLENDON WOOD HOSPITAL,X02,Other - Medical Services,92,23.7,
2024-05|K8I4X|X06,2024-05,K8I4X,GLENDON WOOD HOSPITAL,X06,Other - Other Services,4,3.0,
2024-05|L0D9W|C_130,2024-05,L0D9W,NEWMEDICA - GLOUCESTER (BRIGHOUSE COURT),C_130,Ophthalmology Service,923,4.3,
2024-05|L0D9W|C_999,2024-05,L0D9W,NEWMEDICA - GLOUCESTER (BRIGHOUSE COURT),C_999,Total,923,4.3,
2024-05|L4R3R|C_130,2024-05,L4R3R,NEWMEDICA - HAMPSHIRE,C_130,Ophthalmology Service,515,3.7,
2024-05|L4R3R|C_999,2024-05,L4R3R,NEWMEDICA - HAMPSHIRE,C_999,Total,515,3.7,
2024-05|L6O7H|C_130,2024-05,L6O7H,SPAMEDICA POOLE,C_130,Ophthalmology Service,816,3.4,
2024-05|L6O7H|C_999,2024-05,L6O7H,SPAMEDICA POOLE,C_999,Total,816,3.4,
2024-05|L9D3Z|C_130,2024-05,L9D3Z,SPAMEDICA LEICESTER,C_130,Ophthalmology Service,22,2.5,
2024-05|L9D3Z|C_999,2024-05,L9D3Z,SPAMEDICA LEICESTER,C_999,Total,22,2.5,
2024-05|M0N7E|C_130,2024-05,M0N7E,SPAMEDICA SITTINGBOURNE,C_130,Ophthalmology Service,105,2.2,
2024-05|M0N7E|C_999,2024-05,M0N7E,SPAMEDICA SITTINGBOURNE,C_999,Total,105,2.2,
2024-05|M3R0W|C_130,2024-05,M3R0W,SPAMEDICA NORWICH,C_130,Ophthalmology Service,94,2.0,
2024-05|M3R0W|C_999,2024-05,M3R0W,SPAMEDICA NORWICH,C_999,Total,94,2.0,
2024-05|M4C5R|C_130,2024-05,M4C5R,NEWMEDICA - NORTHAMPTON,C_130,Ophthalmology Service,817,4.7,
2024-05|M4C5R|C_999,2024-05,M4C5R,NEWMEDICA - NORTHAMPTON,C_999,Total,817,4.7,
2024-05|M5E1S|C_130,2024-05,M5E1S,SPAMEDICA EXETER,C_130,Ophthalmology Service,228,3.0,
2024-05|M5E1S|C_999,2024-05,M5E1S,SPAMEDICA EXETER,C_999,Total,228,3.0,
2024-05|M7C9Q|C_130,2024-05,M7C9Q,SPAMEDICA EPSOM,C_130,Ophthalmology Service,184,3.5,
2024-05|M7C9Q|C_999,2024-05,M7C9Q,SPAMEDICA EPSOM,C_999,Total,184,3.5,
2024-05|N6Z0R|C_130,2024-05,N6Z0R,NEWMEDICA - LINCOLN,C_130,Ophthalmology Service,14,2.7,
2024-05|N6Z0R|C_999,2024-05,N6Z0R,NEWMEDICA - LINCOLN,C_999,Total,14,2.7,
2024-05|NAM01|C_100,2024-05,NAM01,PROBUS SURGICAL CENTRE,C_100,General Surgery Service,190,7.6,
2024-05|NAM01|C_101,2024-05,NAM01,PROBUS SURGICAL CENTRE,C_101,Urology Service,70,5.7,
2024-05|NAM01|C_110,2024-05,NAM01,PROBUS SURGICAL CENTRE,C_110,Trauma and Orthopaedic Service,201,6.7,
2024-05|NAM01|C_130,2024-05,NAM01,PROBUS SURGICAL CENTRE,C_130,Ophthalmology Service,556,4.8,
2024-05|NAM01|C_999,2024-05,NAM01,PROBUS SURGICAL CENTRE,C_999,Total,1017,5.5,
2024-05|NCN|C_330,2024-05,NCN,DMC HEALTHCARE,C_330,Dermatology Service,2533,3.1,
2024-05|NCN|C_999,2024-05,NCN,DMC HEALTHCARE,C_999,Total,2533,3.1,
2024-05|NCR|C_130,2024-05,NCR,ISIGHT,C_130,Ophthalmology Service,1089,6.8,
2024-05|NCR|C_999,2024-05,NCR,ISIGHT,C_999,Total,1089,6.8,
2024-05|NDJ|C_110,2024-05,NDJ,FIRST COMMUNITY HEALTH AND CARE CIC,C_110,Trauma and Orthopaedic Service,799,4.9,
2024-05|NDJ|C_999,2024-05,NDJ,FIRST COMMUNITY HEALTH AND CARE CIC,C_999,Total,799,4.9,
2024-05|NDL01|C_999,2024-05,NDL01,SUFFOLK GP FEDERATION,C_999,Total,120,6.1,
2024-05|NDL01|X06,2024-05,NDL01,SUFFOLK GP FEDERATION,X06,Other - Other Services,120,6.1,
2024-05|NEQ|C_130,2024-05,NEQ,PHOENIX HEALTH SOLUTIONS LIMITED HQ,C_130,Ophthalmology Service,225,5.4,
2024-05|NEQ|C_301,2024-05,NEQ,PHOENIX HEALTH SOLUTIONS LIMITED HQ,C_301,Gastroenterology Service,282,5.4,
2024-05|NEQ|C_502,2024-05,NEQ,PHOENIX HEALTH SOLUTIONS LIMITED HQ,C_502,Gynaecology Service,6,2.6,
2024-05|NEQ|C_999,2024-05,NEQ,PHOENIX HEALTH SOLUTIONS LIMITED HQ,C_999,Total,581,4.7,
2024-05|NEQ|X02,2024-05,NEQ,PHOENIX HEALTH SOLUTIONS LIMITED HQ,X02,Other - Medical Services,68,2.3,
2024-05|NEY|C_100,2024-05,NEY,PIONEER HEALTHCARE LIMITED,C_100,General Surgery Service,434,15.4,
2024-05|NEY|C_101,2024-05,NEY,PIONEER HEALTHCARE LIMITED,C_101,Urology Service,58,10.9,
2024-05|NEY|C_110,2024-05,NEY,PIONEER HEALTHCARE LIMITED,C_110,Trauma and Orthopaedic Service,346,8.0,
2024-05|NEY|C_120,2024-05,NEY,PIONEER HEALTHCARE LIMITED,C_120,Ear Nose and Throat Service,686,14.8,
2024-05|NEY|C_130,2024-05,NEY,PIONEER HEALTHCARE LIMITED,C_130,Ophthalmology Service,406,16.8,
2024-05|NEY|C_140,2024-05,NEY,PIONEER HEALTHCARE LIMITED,C_140,Oral Surgery Service,3,53.5,
2024-05|NEY|C_150,2024-05,NEY,PIONEER HEALTHCARE LIMITED,C_150,Neurosurgical Service,161,20.2,
2024-05|NEY|C_160,2024-05,NEY,PIONEER HEALTHCARE LIMITED,C_160,Plastic Surgery Service,1,58.5,
2024-05|NEY|C_400,2024-05,NEY,PIONEER HEALTHCARE LIMITED,C_400,Neurology Service,286,19.3,
2024-05|NEY|C_502,2024-05,NEY,PIONEER HEALTHCARE LIMITED,C_502,Gynaecology Service,954,26.2,
2024-05|NEY|C_999,2024-05,NEY,PIONEER HEALTHCARE LIMITED,C_999,Total,3753,18.5,
2024-05|NEY|X02,2024-05,NEY,PIONEER HEALTHCARE LIMITED,X02,Other - Medical Services,205,13.0,
2024-05|NEY|X05,2024-05,NEY,PIONEER HEALTHCARE LIMITED,X05,Other - Surgical Services,135,10.5,
2024-05|NEY|X06,2024-05,NEY,PIONEER HEALTHCARE LIMITED,X06,Other - Other Services,78,28.2,
2024-05|NFH|C_110,2024-05,NFH,SOMERSET SURGICAL SERVICES HQ,C_110,Trauma and Orthopaedic Service,76,17.5,
2024-05|NFH|C_130,2024-05,NFH,SOMERSET SURGICAL SERVICES HQ,C_130,Ophthalmology Service,290,6.8,
2024-05|NFH|C_140,2024-05,NFH,SOMERSET SURGICAL SERVICES HQ,C_140,Oral Surgery Service,236,8.4,
2024-05|NFH|C_160,2024-05,NFH,SOMERSET SURGICAL SERVICES HQ,C_160,Plastic Surgery Service,197,7.5,
2024-05|NFH|C_999,2024-05,NFH,SOMERSET SURGICAL SERVICES HQ,C_999,Total,832,8.0,
2024-05|NFH|X05,2024-05,NFH,SOMERSET SURGICAL SERVICES HQ,X05,Other - Surgical Services,33,6.5,
2024-05|NL3|C_320,2024-05,NL3,CARE PLUS GROUP,C_320,Cardiology Service,258,4.3,
2024-05|NL3|C_999,2024-05,NL3,CARE PLUS GROUP,C_999,Total,258,4.3,
2024-05|NL8|C_110,2024-05,NL8,LOCALA COMMUNITY PARTNERSHIPS CIC,C_110,Trauma and Orthopaedic Service,1116,5.9,
2024-05|NL8|C_330,2024-05,NL8,LOCALA COMMUNITY PARTNERSHIPS CIC,C_330,Dermatology Service,752,10.2,
2024-05|NL8|C_999,2024-05,NL8,LOCALA COMMUNITY PARTNERSHIPS CIC,C_999,Total,2094,7.4,
2024-05|NL8|X05,2024-05,NL8,LOCALA COMMUNITY PARTNERSHIPS CIC,X05,Other - Surgical Services,226,4.8,
2024-05|NLE01|C_101,2024-05,NLE01,LANCASTER HOUSE CONSULTING DIAGNOSTICS SURGICAL LTD HQ,C_101,Urology Service,274,5.4,
2024-05|NLE01|C_502,2024-05,NLE01,LANCASTER HOUSE CONSULTING DIAGNOSTICS SURGICAL LTD HQ,C_502,Gynaecology Service,224,5.8,
2024-05|NLE01|C_999,2024-05,NLE01,LANCASTER HOUSE CONSULTING DIAGNOSTICS SURGICAL LTD HQ,C_999,Total,498,5.6,
2024-05|NLX|C_110,2024-05,NLX,SIRONA CARE & HEALTH,C_110,Trauma and Orthopaedic Service,4422,6.1,
2024-05|NLX|C_999,2024-05,NLX,SIRONA CARE & HEALTH,C_999,Total,4422,6.1,
2024-05|NMG|C_410,2024-05,NMG,CONNECT HEALTH LIMITED,C_410,Rheumatology Service,514,6.2,
2024-05|NMG|C_999,2024-05,NMG,CONNECT HEALTH LIMITED,C_999,Total,16673,7.1,
2024-05|NMG|X06,2024-05,NMG,CONNECT HEALTH LIMITED,X06,Other - Other Services,16159,7.2,
2024-05|NN4|C_100,2024-05,NN4,TYNESIDE SURGICAL SERVICES LTD,C_100,General Surgery Service,50,5.6,
2024-05|NN4|C_101,2024-05,NN4,TYNESIDE SURGICAL SERVICES LTD,C_101,Urology Service,45,4.2,
2024-05|NN4|C_110,2024-05,NN4,TYNESIDE SURGICAL SERVICES LTD,C_110,Trauma and Orthopaedic Service,391,5.9,
2024-05|NN4|C_160,2024-05,NN4,TYNESIDE SURGICAL SERVICES LTD,C_160,Plastic Surgery Service,107,6.5,
2024-05|NN4|C_301,2024-05,NN4,TYNESIDE SURGICAL SERVICES LTD,C_301,Gastroenterology Service,209,4.8,
2024-05|NN4|C_502,2024-05,NN4,TYNESIDE SURGICAL SERVICES LTD,C_502,Gynaecology Service,167,7.2,
2024-05|NN4|C_999,2024-05,NN4,TYNESIDE SURGICAL SERVICES LTD,C_999,Total,1077,5.6,
2024-05|NN4|X02,2024-05,NN4,TYNESIDE SURGICAL SERVICES LTD,X02,Other - Medical Services,108,4.8,
2024-05|NN5|C_100,2024-05,NN5,MANCHESTER SURGICAL SERVICES LTD,C_100,General Surgery Service,64,6.5,
2024-05|NN5|C_101,2024-05,NN5,MANCHESTER SURGICAL SERVICES LTD,C_101,Urology Service,10,49.0,
2024-05|NN5|C_110,2024-05,NN5,MANCHESTER SURGICAL SERVICES LTD,C_110,Trauma and Orthopaedic Service,124,12.2,
2024-05|NN5|C_120,2024-05,NN5,MANCHESTER SURGICAL SERVICES LTD,C_120,Ear Nose and Throat Service,198,10.0,
2024-05|NN5|C_301,2024-05,NN5,MANCHESTER SURGICAL SERVICES LTD,C_301,Gastroenterology Service,21,26.2,
2024-05|NN5|C_410,2024-05,NN5,MANCHESTER SURGICAL SERVICES LTD,C_410,Rheumatology Service,73,5.8,
2024-05|NN5|C_502,2024-05,NN5,MANCHESTER SURGICAL SERVICES LTD,C_502,Gynaecology Service,154,8.9,
2024-05|NN5|C_999,2024-05,NN5,MANCHESTER SURGICAL SERVICES LTD,C_999,Total,644,9.9,
2024-05|NN8|C_100,2024-05,NN8,SPENCER PRIVATE HOSPITALS LTD,C_100,General Surgery Service,233,9.5,
2024-05|NN8|C_101,2024-05,NN8,SPENCER PRIVATE HOSPITALS LTD,C_101,Urology Service,146,8.6,
2024-05|NN8|C_110,2024-05,NN8,SPENCER PRIVATE HOSPITALS LTD,C_110,Trauma and Orthopaedic Service,1506,17.0,
2024-05|NN8|C_120,2024-05,NN8,SPENCER PRIVATE HOSPITALS LTD,C_120,Ear Nose and Throat Service,144,11.5,
2024-05|NN8|C_502,2024-05,NN8,SPENCER PRIVATE HOSPITALS LTD,C_502,Gynaecology Service,949,18.0,
2024-05|NN8|C_999,2024-05,NN8,SPENCER PRIVATE HOSPITALS LTD,C_999,Total,3142,16.1,
2024-05|NN8|X02,2024-05,NN8,SPENCER PRIVATE HOSPITALS LTD,X02,Other - Medical Services,164,14.5,
2024-05|NNE|C_100,2024-05,NNE,DORKING HEALTHCARE LIMITED (DHC),C_100,General Surgery Service,131,6.9,
2024-05|NNE|C_101,2024-05,NNE,DORKING HEALTHCARE LIMITED (DHC),C_101,Urology Service,186,7.5,
2024-05|NNE|C_110,2024-05,NNE,DORKING HEALTHCARE LIMITED (DHC),C_110,Trauma and Orthopaedic Service,541,5.8,
2024-05|NNE|C_120,2024-05,NNE,DORKING HEALTHCARE LIMITED (DHC),C_120,Ear Nose and Throat Service,760,7.0,
2024-05|NNE|C_130,2024-05,NNE,DORKING HEALTHCARE LIMITED (DHC),C_130,Ophthalmology Service,180,4.2,
2024-05|NNE|C_150,2024-05,NNE,DORKING HEALTHCARE LIMITED (DHC),C_150,Neurosurgical Service,115,13.2,
2024-05|NNE|C_300,2024-05,NNE,DORKING HEALTHCARE LIMITED (DHC),C_300,General Internal Medicine Service,86,5.0,
2024-05|NNE|C_301,2024-05,NNE,DORKING HEALTHCARE LIMITED (DHC),C_301,Gastroenterology Service,222,8.7,
2024-05|NNE|C_320,2024-05,NNE,DORKING HEALTHCARE LIMITED (DHC),C_320,Cardiology Service,541,7.4,
2024-05|NNE|C_330,2024-05,NNE,DORKING HEALTHCARE LIMITED (DHC),C_330,Dermatology Service,821,6.2,
2024-05|NNE|C_340,2024-05,NNE,DORKING HEALTHCARE LIMITED (DHC),C_340,Respiratory Medicine Service,187,6.7,
2024-05|NNE|C_400,2024-05,NNE,DORKING HEALTHCARE LIMITED (DHC),C_400,Neurology Service,442,8.4,
2024-05|NNE|C_410,2024-05,NNE,DORKING HEALTHCARE LIMITED (DHC),C_410,Rheumatology Service,159,6.9,
2024-05|NNE|C_430,2024-05,NNE,DORKING HEALTHCARE LIMITED (DHC),C_430,Elderly Medicine Service,17,4.2,
2024-05|NNE|C_502,2024-05,NNE,DORKING HEALTHCARE LIMITED (DHC),C_502,Gynaecology Service,591,10.3,
2024-05|NNE|C_999,2024-05,NNE,DORKING HEALTHCARE LIMITED (DHC),C_999,Total,5643,7.3,
2024-05|NNE|X02,2024-05,NNE,DORKING HEALTHCARE LIMITED (DHC),X02,Other - Medical Services,236,8.6,
2024-05|NNE|X03,2024-05,NNE,DORKING HEALTHCARE LIMITED (DHC),X03,Other - Mental Health Services,7,8.2,
2024-05|NNE|X05,2024-05,NNE,DORKING HEALTHCARE LIMITED (DHC),X05,Other - Surgical Services,357,11.2,
2024-05|NNE|X06,2024-05,NNE,DORKING HEALTHCARE LIMITED (DHC),X06,Other - Other Services,64,4.2,
2024-05|NPG01|C_130,2024-05,NPG01,SPAMEDICA MANCHESTER,C_130,Ophthalmology Service,113,2.8,
2024-05|NPG01|C_999,2024-05,NPG01,SPAMEDICA MANCHESTER,C_999,Total,113,2.8,
2024-05|NPG02|C_130,2024-05,NPG02,SPAMEDICA WIRRAL,C_130,Ophthalmology Service,135,2.0,
2024-05|NPG02|C_999,2024-05,NPG02,SPAMEDICA WIRRAL,C_999,Total,135,2.0,
2024-05|NPG06|C_130,2024-05,NPG06,SPAMEDICA LIVERPOOL,C_130,Ophthalmology Service,139,2.5,
2024-05|NPG06|C_999,2024-05,NPG06,SPAMEDICA LIVERPOOL,C_999,Total,139,2.5,
2024-05|NPG07|C_130,2024-05,NPG07,SPAMEDICA EYE HOSPITAL (WAKEFIELD),C_130,Ophthalmology Service,169,2.1,
2024-05|NPG07|C_999,2024-05,NPG07,SPAMEDICA EYE HOSPITAL (WAKEFIELD),C_999,Total,169,2.1,
2024-05|NPG08|C_130,2024-05,NPG08,SPAMEDICA BOLTON,C_130,Ophthalmology Service,211,2.2,
2024-05|NPG08|C_999,2024-05,NPG08,SPAMEDICA BOLTON,C_999,Total,211,2.2,
2024-05|NPG10|C_130,2024-05,NPG10,SPAMEDICA SHEFFIELD,C_130,Ophthalmology Service,136,3.0,
2024-05|NPG10|C_999,2024-05,NPG10,SPAMEDICA SHEFFIELD,C_999,Total,136,3.0,
2024-05|NPG11|C_130,2024-05,NPG11,SPAMEDICA BIRMINGHAM,C_130,Ophthalmology Service,173,2.7,
2024-05|NPG11|C_999,2024-05,NPG11,SPAMEDICA BIRMINGHAM,C_999,Total,173,2.7,
2024-05|NPG13|C_130,2024-05,NPG13,SPAMEDICA SKELMERSDALE,C_130,Ophthalmology Service,145,2.5,
2024-05|NPG13|C_999,2024-05,NPG13,SPAMEDICA SKELMERSDALE,C_999,Total,145,2.5,
2024-05|NPG14|C_130,2024-05,NPG14,SPAMEDICA WIDNES,C_130,Ophthalmology Service,106,2.6,
2024-05|NPG14|C_999,2024-05,NPG14,SPAMEDICA WIDNES,C_999,Total,106,2.6,
2024-05|NPG15|C_130,2024-05,NPG15,SPAMEDICA NEWCASTLE-UNDER-LYME,C_130,Ophthalmology Service,152,2.7,
2024-05|NPG15|C_999,2024-05,NPG15,SPAMEDICA NEWCASTLE-UNDER-LYME,C_999,Total,152,2.7,
2024-05|NPG16|C_130,2024-05,NPG16,SPAMEDICA CHELMSFORD,C_130,Ophthalmology Service,852,3.6,
2024-05|NPG16|C_999,2024-05,NPG16,SPAMEDICA CHELMSFORD,C_999,Total,852,3.6,
2024-05|NPG17|C_130,2024-05,NPG17,SPAMEDICA PRESTON,C_130,Ophthalmology Service,180,2.4,
2024-05|NPG17|C_999,2024-05,NPG17,SPAMEDICA PRESTON,C_999,Total,180,2.4,
2024-05|NPG18|C_130,2024-05,NPG18,SPAMEDICA HULL,C_130,Ophthalmology Service,116,1.9,
2024-05|NPG18|C_999,2024-05,NPG18,SPAMEDICA HULL,C_999,Total,116,1.9,
2024-05|NPG19|C_130,2024-05,NPG19,SPAMEDICA BEDFORD,C_130,Ophthalmology Service,199,2.2,
2024-05|NPG19|C_999,2024-05,NPG19,SPAMEDICA BEDFORD,C_999,Total,199,2.2,
2024-05|NPG20|C_130,2024-05,NPG20,SPAMEDICA WOLVERHAMPTON,C_130,Ophthalmology Service,203,2.4,
2024-05|NPG20|C_999,2024-05,NPG20,SPAMEDICA WOLVERHAMPTON,C_999,Total,203,2.4,
2024-05|NPG21|C_130,2024-05,NPG21,SPAMEDICA COVENTRY,C_130,Ophthalmology Service,171,2.5,
2024-05|NPG21|C_999,2024-05,NPG21,SPAMEDICA COVENTRY,C_999,Total,171,2.5,
2024-05|NPG22|C_130,2024-05,NPG22,SPAMEDICA STOCKTON-ON-TEES,C_130,Ophthalmology Service,110,2.6,
2024-05|NPG22|C_999,2024-05,NPG22,SPAMEDICA STOCKTON-ON-TEES,C_999,Total,110,2.6,
2024-05|NPG23|C_130,2024-05,NPG23,SPAMEDICA DERBY,C_130,Ophthalmology Service,130,2.6,
2024-05|NPG23|C_999,2024-05,NPG23,SPAMEDICA DERBY,C_999,Total,130,2.6,
2024-05|NQH|C_110,2024-05,NQH,NOVUS HEALTH LTD,C_110,Trauma and Orthopaedic Service,171,5.8,
2024-05|NQH|C_330,2024-05,NQH,NOVUS HEALTH LTD,C_330,Dermatology Service,922,1.9,
2024-05|NQH|C_999,2024-05,NQH,NOVUS HEALTH LTD,C_999,Total,1093,2.2,
2024-05|NQM01|C_110,2024-05,NQM01,ORTHOPAEDICS & SPINE SPECIALIST HOSPITAL SITE,C_110,Trauma and Orthopaedic Service,172,8.8,
2024-05|NQM01|C_999,2024-05,NQM01,ORTHOPAEDICS & SPINE SPECIALIST HOSPITAL SITE,C_999,Total,172,8.8,
2024-05|NQT5K|C_110,2024-05,NQT5K,ST MARTINS HOSPITAL,C_110,Trauma and Orthopaedic Service,777,7.2,
2024-05|NQT5K|C_430,2024-05,NQT5K,ST MARTINS HOSPITAL,C_430,Elderly Medicine Service,117,4.0,
2024-05|NQT5K|C_999,2024-05,NQT5K,ST MARTINS HOSPITAL,C_999,Total,894,6.7,
2024-05|NQTH0|C_330,2024-05,NQTH0,HCRG CARE EAST RIDING LLP,C_330,Dermatology Service,2941,11.0,
2024-05|NQTH0|C_999,2024-05,NQTH0,HCRG CARE EAST RIDING LLP,C_999,Total,2941,11.0,
2024-05|NQX01|C_110,2024-05,NQX01,PROVIDE WELLBEING @ TOLLGATE CLINIC,C_110,Trauma and Orthopaedic Service,128,2.1,
2024-05|NQX01|C_999,2024-05,NQX01,PROVIDE WELLBEING @ TOLLGATE CLINIC,C_999,Total,128,2.1,
2024-05|NR5|C_430,2024-05,NR5,LIVEWELL SOUTHWEST,C_430,Elderly Medicine Service,18,4.1,
2024-05|NR5|C_999,2024-05,NR5,LIVEWELL SOUTHWEST,C_999,Total,72,6.3,
2024-05|NR5|X02,2024-05,NR5,LIVEWELL SOUTHWEST,X02,Other - Medical Services,54,8.2,
2024-05|NRP|C_120,2024-05,NRP,BEACON MEDICAL SERVICES GROUP LIMITED,C_120,Ear Nose and Throat Service,273,2.5,
2024-05|NRP|C_301,2024-05,NRP,BEACON MEDICAL SERVICES GROUP LIMITED,C_301,Gastroenterology Service,66,1.8,
2024-05|NRP|C_999,2024-05,NRP,BEACON MEDICAL SERVICES GROUP LIMITED,C_999,Total,339,2.3,
2024-05|NT202|C_100,2024-05,NT202,"NUFFIELD HEALTH, BOURNEMOUTH HOSPITAL",C_100,General Surgery Service,67,13.8,
2024-05|NT202|C_101,2024-05,NT202,"NUFFIELD HEALTH, BOURNEMOUTH HOSPITAL",C_101,Urology Service,1,31.5,
2024-05|NT202|C_110,2024-05,NT202,"NUFFIELD HEALTH, BOURNEMOUTH HOSPITAL",C_110,Trauma and Orthopaedic Service,279,9.7,
2024-05|NT202|C_999,2024-05,NT202,"NUFFIELD HEALTH, BOURNEMOUTH HOSPITAL",C_999,Total,347,11.2,
2024-05|NT204|C_100,2024-05,NT204,"NUFFIELD HEALTH, BRENTWOOD HOSPITAL",C_100,General Surgery Service,80,9.7,
2024-05|NT204|C_110,2024-05,NT204,"NUFFIELD HEALTH, BRENTWOOD HOSPITAL",C_110,Trauma and Orthopaedic Service,302,7.3,
2024-05|NT204|C_120,2024-05,NT204,"NUFFIELD HEALTH, BRENTWOOD HOSPITAL",C_120,Ear Nose and Throat Service,55,15.4,
2024-05|NT204|C_150,2024-05,NT204,"NUFFIELD HEALTH, BRENTWOOD HOSPITAL",C_150,Neurosurgical Service,83,6.6,
2024-05|NT204|C_502,2024-05,NT204,"NUFFIELD HEALTH, BRENTWOOD HOSPITAL",C_502,Gynaecology Service,477,9.9,
2024-05|NT204|C_999,2024-05,NT204,"NUFFIELD HEALTH, BRENTWOOD HOSPITAL",C_999,Total,998,9.6,
2024-05|NT204|X06,2024-05,NT204,"NUFFIELD HEALTH, BRENTWOOD HOSPITAL",X06,Other - Other Services,1,0.5,
2024-05|NT205|C_100,2024-05,NT205,"NUFFIELD HEALTH, BRIGHTON HOSPITAL",C_100,General Surgery Service,57,6.4,
2024-05|NT205|C_101,2024-05,NT205,"NUFFIELD HEALTH, BRIGHTON HOSPITAL",C_101,Urology Service,151,31.2,
2024-05|NT205|C_110,2024-05,NT205,"NUFFIELD HEALTH, BRIGHTON HOSPITAL",C_110,Trauma and Orthopaedic Service,42,40.0,
2024-05|NT205|C_160,2024-05,NT205,"NUFFIELD HEALTH, BRIGHTON HOSPITAL",C_160,Plastic Surgery Service,104,26.0,
2024-05|NT205|C_999,2024-05,NT205,"NUFFIELD HEALTH, BRIGHTON HOSPITAL",C_999,Total,354,28.3,
2024-05|NT206|C_100,2024-05,NT206,"NUFFIELD HEALTH, BRISTOL HOSPITAL (CHESTERFIELD)",C_100,General Surgery Service,28,9.5,
2024-05|NT206|C_110,2024-05,NT206,"NUFFIELD HEALTH, BRISTOL HOSPITAL (CHESTERFIELD)",C_110,Trauma and Orthopaedic Service,260,14.2,
2024-05|NT206|C_999,2024-05,NT206,"NUFFIELD HEALTH, BRISTOL HOSPITAL (CHESTERFIELD)",C_999,Total,346,12.8,
2024-05|NT206|X06,2024-05,NT206,"NUFFIELD HEALTH, BRISTOL HOSPITAL (CHESTERFIELD)",X06,Other - Other Services,58,11.0,
2024-05|NT209|C_100,2024-05,NT209,"NUFFIELD HEALTH, CAMBRIDGE HOSPITAL",C_100,General Surgery Service,21,17.2,
2024-05|NT209|C_110,2024-05,NT209,"NUFFIELD HEALTH, CAMBRIDGE HOSPITAL",C_110,Trauma and Orthopaedic Service,354,13.8,
2024-05|NT209|C_150,2024-05,NT209,"NUFFIELD HEALTH, CAMBRIDGE HOSPITAL",C_150,Neurosurgical Service,75,15.2,
2024-05|NT209|C_999,2024-05,NT209,"NUFFIELD HEALTH, CAMBRIDGE HOSPITAL",C_999,Total,450,14.2,
2024-05|NT210|C_100,2024-05,NT210,"NUFFIELD HEALTH, THE GROSVENOR HOSPITAL, CHESTER",C_100,General Surgery Service,1,14.5,
2024-05|NT210|C_110,2024-05,NT210,"NUFFIELD HEALTH, THE GROSVENOR HOSPITAL, CHESTER",C_110,Trauma and Orthopaedic Service,285,13.4,
2024-05|NT210|C_999,2024-05,NT210,"NUFFIELD HEALTH, THE GROSVENOR HOSPITAL, CHESTER",C_999,Total,286,13.5,
2024-05|NT211|C_100,2024-05,NT211,"NUFFIELD HEALTH, CHELTENHAM HOSPITAL",C_100,General Surgery Service,18,35.0,
2024-05|NT211|C_110,2024-05,NT211,"NUFFIELD HEALTH, CHELTENHAM HOSPITAL",C_110,Trauma and Orthopaedic Service,39,52.2,
2024-05|NT211|C_999,2024-05,NT211,"NUFFIELD HEALTH, CHELTENHAM HOSPITAL",C_999,Total,57,45.5,
2024-05|NT212|C_100,2024-05,NT212,"NUFFIELD HEALTH, CHICHESTER HOSPITAL",C_100,General Surgery Service,30,5.0,
2024-05|NT212|C_110,2024-05,NT212,"NUFFIELD HEALTH, CHICHESTER HOSPITAL",C_110,Trauma and Orthopaedic Service,370,5.1,
2024-05|NT212|C_999,2024-05,NT212,"NUFFIELD HEALTH, CHICHESTER HOSPITAL",C_999,Total,447,5.0,
2024-05|NT212|X02,2024-05,NT212,"NUFFIELD HEALTH, CHICHESTER HOSPITAL",X02,Other - Medical Services,47,1.5,
2024-05|NT213|C_100,2024-05,NT213,"NUFFIELD HEALTH, DERBY HOSPITAL",C_100,General Surgery Service,117,18.7,
2024-05|NT213|C_110,2024-05,NT213,"NUFFIELD HEALTH, DERBY HOSPITAL",C_110,Trauma and Orthopaedic Service,1240,16.9,
2024-05|NT213|C_301,2024-05,NT213,"NUFFIELD HEALTH, DERBY HOSPITAL",C_301,Gastroenterology Service,1,2.5,
2024-05|NT213|C_999,2024-05,NT213,"NUFFIELD HEALTH, DERBY HOSPITAL",C_999,Total,1370,17.0,
2024-05|NT213|X02,2024-05,NT213,"NUFFIELD HEALTH, DERBY HOSPITAL",X02,Other - Medical Services,12,4.3,
2024-05|NT214|C_110,2024-05,NT214,"NUFFIELD HEALTH, WESSEX HOSPITAL",C_110,Trauma and Orthopaedic Service,503,15.2,
2024-05|NT214|C_999,2024-05,NT214,"NUFFIELD HEALTH, WESSEX HOSPITAL",C_999,Total,503,15.2,
2024-05|NT215|C_110,2024-05,NT215,"NUFFIELD HEALTH, EXETER HOSPITAL",C_110,Trauma and Orthopaedic Service,157,11.1,
2024-05|NT215|C_320,2024-05,NT215,"NUFFIELD HEALTH, EXETER HOSPITAL",C_320,Cardiology Service,67,10.9,
2024-05|NT215|C_999,2024-05,NT215,"NUFFIELD HEALTH, EXETER HOSPITAL",C_999,Total,224,10.9,
2024-05|NT218|C_100,2024-05,NT218,"NUFFIELD HEALTH, HAYWARDS HEATH HOSPITAL",C_100,General Surgery Service,69,21.5,
2024-05|NT218|C_999,2024-05,NT218,"NUFFIELD HEALTH, HAYWARDS HEATH HOSPITAL",C_999,Total,69,21.5,
2024-05|NT219|C_100,2024-05,NT219,"NUFFIELD HEALTH, HEREFORD HOSPITAL",C_100,General Surgery Service,33,3.4,
2024-05|NT219|C_110,2024-05,NT219,"NUFFIELD HEALTH, HEREFORD HOSPITAL",C_110,Trauma and Orthopaedic Service,176,10.1,
2024-05|NT219|C_999,2024-05,NT219,"NUFFIELD HEALTH, HEREFORD HOSPITAL",C_999,Total,209,8.5,
2024-05|NT224|C_100,2024-05,NT224,"NUFFIELD HEALTH, WARWICKSHIRE HOSPITAL",C_100,General Surgery Service,24,9.4,
2024-05|NT224|C_110,2024-05,NT224,"NUFFIELD HEALTH, WARWICKSHIRE HOSPITAL",C_110,Trauma and Orthopaedic Service,159,6.2,
2024-05|NT224|C_999,2024-05,NT224,"NUFFIELD HEALTH, WARWICKSHIRE HOSPITAL",C_999,Total,185,6.6,
2024-05|NT224|X06,2024-05,NT224,"NUFFIELD HEALTH, WARWICKSHIRE HOSPITAL",X06,Other - Other Services,2,4.5,
2024-05|NT225|C_100,2024-05,NT225,"NUFFIELD HEALTH, LEEDS HOSPITAL",C_100,General Surgery Service,330,20.4,
2024-05|NT225|C_110,2024-05,NT225,"NUFFIELD HEALTH, LEEDS HOSPITAL",C_110,Trauma and Orthopaedic Service,883,13.4,
2024-05|NT225|C_120,2024-05,NT225,"NUFFIELD HEALTH, LEEDS HOSPITAL",C_120,Ear Nose and Throat Service,30,28.0,
2024-05|NT225|C_140,2024-05,NT225,"NUFFIELD HEALTH, LEEDS HOSPITAL",C_140,Oral Surgery Service,1,18.5,
2024-05|NT225|C_150,2024-05,NT225,"NUFFIELD HEALTH, LEEDS HOSPITAL",C_150,Neurosurgical Service,1,11.5,
2024-05|NT225|C_160,2024-05,NT225,"NUFFIELD HEALTH, LEEDS HOSPITAL",C_160,Plastic Surgery Service,3,6.5,
2024-05|NT225|C_999,2024-05,NT225,"NUFFIELD HEALTH, LEEDS HOSPITAL",C_999,Total,1250,15.5,
2024-05|NT225|X02,2024-05,NT225,"NUFFIELD HEALTH, LEEDS HOSPITAL",X02,Other - Medical Services,2,8.0,
2024-05|NT226|C_100,2024-05,NT226,"NUFFIELD HEALTH, LEICESTER HOSPITAL",C_100,General Surgery Service,2,3.0,
2024-05|NT226|C_110,2024-05,NT226,"NUFFIELD HEALTH, LEICESTER HOSPITAL",C_110,Trauma and Orthopaedic Service,227,4.8,
2024-05|NT226|C_120,2024-05,NT226,"NUFFIELD HEALTH, LEICESTER HOSPITAL",C_120,Ear Nose and Throat Service,11,29.5,
2024-05|NT226|C_160,2024-05,NT226,"NUFFIELD HEALTH, LEICESTER HOSPITAL",C_160,Plastic Surgery Service,26,8.0,
2024-05|NT226|C_999,2024-05,NT226,"NUFFIELD HEALTH, LEICESTER HOSPITAL",C_999,Total,266,5.3,
2024-05|NT229|C_110,2024-05,NT229,"NUFFIELD HEALTH, NEWCASTLE UPON TYNE HOSPITAL",C_110,Trauma and Orthopaedic Service,329,16.0,
2024-05|NT229|C_160,2024-05,NT229,"NUFFIELD HEALTH, NEWCASTLE UPON TYNE HOSPITAL",C_160,Plastic Surgery Service,7,52.2,
2024-05|NT229|C_999,2024-05,NT229,"NUFFIELD HEALTH, NEWCASTLE UPON TYNE HOSPITAL",C_999,Total,336,16.3,
2024-05|NT230|C_100,2024-05,NT230,"NUFFIELD HEALTH, NORTH STAFFORDSHIRE HOSPITAL",C_100,General Surgery Service,84,6.6,
2024-05|NT230|C_110,2024-05,NT230,"NUFFIELD HEALTH, NORTH STAFFORDSHIRE HOSPITAL",C_110,Trauma and Orthopaedic Service,1216,7.9,
2024-05|NT230|C_999,2024-05,NT230,"NUFFIELD HEALTH, NORTH STAFFORDSHIRE HOSPITAL",C_999,Total,1300,7.8,
2024-05|NT233|C_100,2024-05,NT233,"NUFFIELD HEALTH, PLYMOUTH HOSPITAL",C_100,General Surgery Service,97,12.2,
2024-05|NT233|C_101,2024-05,NT233,"NUFFIELD HEALTH, PLYMOUTH HOSPITAL",C_101,Urology Service,10,6.7,
2024-05|NT233|C_110,2024-05,NT233,"NUFFIELD HEALTH, PLYMOUTH HOSPITAL",C_110,Trauma and Orthopaedic Service,629,17.4,
2024-05|NT233|C_120,2024-05,NT233,"NUFFIELD HEALTH, PLYMOUTH HOSPITAL",C_120,Ear Nose and Throat Service,25,16.5,
2024-05|NT233|C_150,2024-05,NT233,"NUFFIELD HEALTH, PLYMOUTH HOSPITAL",C_150,Neurosurgical Service,53,34.8,
2024-05|NT233|C_160,2024-05,NT233,"NUFFIELD HEALTH, PLYMOUTH HOSPITAL",C_160,Plastic Surgery Service,111,18.4,
2024-05|NT233|C_301,2024-05,NT233,"NUFFIELD HEALTH, PLYMOUTH HOSPITAL",C_301,Gastroenterology Service,37,19.3,
2024-05|NT233|C_999,2024-05,NT233,"NUFFIELD HEALTH, PLYMOUTH HOSPITAL",C_999,Total,986,17.7,
2024-05|NT233|X06,2024-05,NT233,"NUFFIELD HEALTH, PLYMOUTH HOSPITAL",X06,Other - Other Services,24,14.3,
2024-05|NT235|C_110,2024-05,NT235,"NUFFIELD HEALTH, SHREWSBURY HOSPITAL",C_110,Trauma and Orthopaedic Service,159,26.8,
2024-05|NT235|C_130,2024-05,NT235,"NUFFIELD HEALTH, SHREWSBURY HOSPITAL",C_130,Ophthalmology Service,116,7.9,
2024-05|NT235|C_999,2024-05,NT235,"NUFFIELD HEALTH, SHREWSBURY HOSPITAL",C_999,Total,275,13.6,
2024-05|NT237|C_100,2024-05,NT237,"NUFFIELD HEALTH, TEES HOSPITAL",C_100,General Surgery Service,149,11.2,
2024-05|NT237|C_110,2024-05,NT237,"NUFFIELD HEALTH, TEES HOSPITAL",C_110,Trauma and Orthopaedic Service,968,11.9,
2024-05|NT237|C_130,2024-05,NT237,"NUFFIELD HEALTH, TEES HOSPITAL",C_130,Ophthalmology Service,428,7.6,
2024-05|NT237|C_999,2024-05,NT237,"NUFFIELD HEALTH, TEES HOSPITAL",C_999,Total,1545,10.7,
2024-05|NT238|C_110,2024-05,NT238,"NUFFIELD HEALTH, TAUNTON HOSPITAL",C_110,Trauma and Orthopaedic Service,306,24.0,
2024-05|NT238|C_999,2024-05,NT238,"NUFFIELD HEALTH, TAUNTON HOSPITAL",C_999,Total,306,24.0,
2024-05|NT239|C_100,2024-05,NT239,"NUFFIELD HEALTH, TUNBRIDGE WELLS HOSPITAL",C_100,General Surgery Service,66,37.3,
2024-05|NT239|C_101,2024-05,NT239,"NUFFIELD HEALTH, TUNBRIDGE WELLS HOSPITAL",C_101,Urology Service,29,7.4,
2024-05|NT239|C_110,2024-05,NT239,"NUFFIELD HEALTH, TUNBRIDGE WELLS HOSPITAL",C_110,Trauma and Orthopaedic Service,146,10.3,
2024-05|NT239|C_120,2024-05,NT239,"NUFFIELD HEALTH, TUNBRIDGE WELLS HOSPITAL",C_120,Ear Nose and Throat Service,40,62.3,
2024-05|NT239|C_150,2024-05,NT239,"NUFFIELD HEALTH, TUNBRIDGE WELLS HOSPITAL",C_150,Neurosurgical Service,4,6.0,
2024-05|NT239|C_400,2024-05,NT239,"NUFFIELD HEALTH, TUNBRIDGE WELLS HOSPITAL",C_400,Neurology Service,5,5.5,
2024-05|NT239|C_999,2024-05,NT239,"NUFFIELD HEALTH, TUNBRIDGE WELLS HOSPITAL",C_999,Total,329,10.8,
2024-05|NT239|X05,2024-05,NT239,"NUFFIELD HEALTH, TUNBRIDGE WELLS HOSPITAL",X05,Other - Surgical Services,39,6.9,
2024-05|NT241|C_100,2024-05,NT241,"NUFFIELD HEALTH, WOKING HOSPITAL",C_100,General Surgery Service,51,11.5,
2024-05|NT241|C_101,2024-05,NT241,"NUFFIELD HEALTH, WOKING HOSPITAL",C_101,Urology Service,11,1.9,
2024-05|NT241|C_110,2024-05,NT241,"NUFFIELD HEALTH, WOKING HOSPITAL",C_110,Trauma and Orthopaedic Service,250,6.3,
2024-05|NT241|C_502,2024-05,NT241,"NUFFIELD HEALTH, WOKING HOSPITAL",C_502,Gynaecology Service,188,26.5,
2024-05|NT241|C_999,2024-05,NT241,"NUFFIELD HEALTH, WOKING HOSPITAL",C_999,Total,500,8.5,
2024-05|NT242|C_100,2024-05,NT242,"NUFFIELD HEALTH, WOLVERHAMPTON HOSPITAL",C_100,General Surgery Service,53,11.2,
2024-05|NT242|C_110,2024-05,NT242,"NUFFIELD HEALTH, WOLVERHAMPTON HOSPITAL",C_110,Trauma and Orthopaedic Service,358,11.9,
2024-05|NT242|C_130,2024-05,NT242,"NUFFIELD HEALTH, WOLVERHAMPTON HOSPITAL",C_130,Ophthalmology Service,150,6.6,
2024-05|NT242|C_999,2024-05,NT242,"NUFFIELD HEALTH, WOLVERHAMPTON HOSPITAL",C_999,Total,561,9.9,
2024-05|NT245|C_110,2024-05,NT245,"NUFFIELD HEALTH, YORK HOSPITAL",C_110,Trauma and Orthopaedic Service,485,9.7,
2024-05|NT245|C_999,2024-05,NT245,"NUFFIELD HEALTH, YORK HOSPITAL",C_999,Total,485,9.7,
2024-05|NT301|C_100,2024-05,NT301,SPIRE SOUTH BANK HOSPITAL,C_100,General Surgery Service,314,21.2,
2024-05|NT301|C_101,2024-05,NT301,SPIRE SOUTH BANK HOSPITAL,C_101,Urology Service,22,9.0,
2024-05|NT301|C_110,2024-05,NT301,SPIRE SOUTH BANK HOSPITAL,C_110,Trauma and Orthopaedic Service,529,20.6,
2024-05|NT301|C_160,2024-05,NT301,SPIRE SOUTH BANK HOSPITAL,C_160,Plastic Surgery Service,3,21.2,
2024-05|NT301|C_301,2024-05,NT301,SPIRE SOUTH BANK HOSPITAL,C_301,Gastroenterology Service,35,7.8,
2024-05|NT301|C_999,2024-05,NT301,SPIRE SOUTH BANK HOSPITAL,C_999,Total,903,20.1,
2024-05|NT302|C_100,2024-05,NT302,SPIRE BRISTOL HOSPITAL,C_100,General Surgery Service,8,30.0,
2024-05|NT302|C_101,2024-05,NT302,SPIRE BRISTOL HOSPITAL,C_101,Urology Service,1,27.5,
2024-05|NT302|C_110,2024-05,NT302,SPIRE BRISTOL HOSPITAL,C_110,Trauma and Orthopaedic Service,912,16.0,
2024-05|NT302|C_320,2024-05,NT302,SPIRE BRISTOL HOSPITAL,C_320,Cardiology Service,1,4.5,
2024-05|NT302|C_999,2024-05,NT302,SPIRE BRISTOL HOSPITAL,C_999,Total,922,16.1,
2024-05|NT304|C_100,2024-05,NT304,SPIRE SOUTHAMPTON HOSPITAL,C_100,General Surgery Service,626,12.8,
2024-05|NT304|C_110,2024-05,NT304,SPIRE SOUTHAMPTON HOSPITAL,C_110,Trauma and Orthopaedic Service,335,10.6,
2024-05|NT304|C_999,2024-05,NT304,SPIRE SOUTHAMPTON HOSPITAL,C_999,Total,961,12.5,
2024-05|NT305|C_100,2024-05,NT305,SPIRE PORTSMOUTH HOSPITAL,C_100,General Surgery Service,1,21.5,
2024-05|NT305|C_110,2024-05,NT305,SPIRE PORTSMOUTH HOSPITAL,C_110,Trauma and Orthopaedic Service,269,12.0,
2024-05|NT305|C_999,2024-05,NT305,SPIRE PORTSMOUTH HOSPITAL,C_999,Total,270,12.0,
2024-05|NT308|C_100,2024-05,NT308,SPIRE GATWICK PARK HOSPITAL,C_100,General Surgery Service,93,27.9,
2024-05|NT308|C_110,2024-05,NT308,SPIRE GATWICK PARK HOSPITAL,C_110,Trauma and Orthopaedic Service,302,15.9,
2024-05|NT308|C_999,2024-05,NT308,SPIRE GATWICK PARK HOSPITAL,C_999,Total,863,8.4,
2024-05|NT308|X05,2024-05,NT308,SPIRE GATWICK PARK HOSPITAL,X05,Other - Surgical Services,468,4.4,
2024-05|NT30A|C_100,2024-05,NT30A,SPIRE NOTTINGHAM HOSPITAL,C_100,General Surgery Service,46,5.2,
2024-05|NT30A|C_101,2024-05,NT30A,SPIRE NOTTINGHAM HOSPITAL,C_101,Urology Service,52,7.0,
2024-05|NT30A|C_110,2024-05,NT30A,SPIRE NOTTINGHAM HOSPITAL,C_110,Trauma and Orthopaedic Service,334,12.8,
2024-05|NT30A|C_150,2024-05,NT30A,SPIRE NOTTINGHAM HOSPITAL,C_150,Neurosurgical Service,14,23.0,
2024-05|NT30A|C_999,2024-05,NT30A,SPIRE NOTTINGHAM HOSPITAL,C_999,Total,446,12.1,
2024-05|NT310|C_100,2024-05,NT310,SPIRE TUNBRIDGE WELLS HOSPITAL,C_100,General Surgery Service,151,17.5,
2024-05|NT310|C_101,2024-05,NT310,SPIRE TUNBRIDGE WELLS HOSPITAL,C_101,Urology Service,30,46.0,
2024-05|NT310|C_110,2024-05,NT310,SPIRE TUNBRIDGE WELLS HOSPITAL,C_110,Trauma and Orthopaedic Service,217,5.6,
2024-05|NT310|C_120,2024-05,NT310,SPIRE TUNBRIDGE WELLS HOSPITAL,C_120,Ear Nose and Throat Service,22,4.6,
2024-05|NT310|C_502,2024-05,NT310,SPIRE TUNBRIDGE WELLS HOSPITAL,C_502,Gynaecology Service,73,14.5,
2024-05|NT310|C_999,2024-05,NT310,SPIRE TUNBRIDGE WELLS HOSPITAL,C_999,Total,493,8.9,
2024-05|NT312|C_100,2024-05,NT312,SPIRE ALEXANDRA HOSPITAL,C_100,General Surgery Service,52,9.0,
2024-05|NT312|C_110,2024-05,NT312,SPIRE ALEXANDRA HOSPITAL,C_110,Trauma and Orthopaedic Service,286,5.7,
2024-05|NT312|C_120,2024-05,NT312,SPIRE ALEXANDRA HOSPITAL,C_120,Ear Nose and Throat Service,10,17.3,
2024-05|NT312|C_150,2024-05,NT312,SPIRE ALEXANDRA HOSPITAL,C_150,Neurosurgical Service,5,11.5,
2024-05|NT312|C_502,2024-05,NT312,SPIRE ALEXANDRA HOSPITAL,C_502,Gynaecology Service,123,7.1,
2024-05|NT312|C_999,2024-05,NT312,SPIRE ALEXANDRA HOSPITAL,C_999,Total,1083,6.6,
2024-05|NT312|X05,2024-05,NT312,SPIRE ALEXANDRA HOSPITAL,X05,Other - Surgical Services,607,6.7,
2024-05|NT313|C_100,2024-05,NT313,SPIRE WELLESLEY HOSPITAL,C_100,General Surgery Service,312,22.0,
2024-05|NT313|C_110,2024-05,NT313,SPIRE WELLESLEY HOSPITAL,C_110,Trauma and Orthopaedic Service,1092,16.6,
2024-05|NT313|C_160,2024-05,NT313,SPIRE WELLESLEY HOSPITAL,C_160,Plastic Surgery Service,141,17.8,
2024-05|NT313|C_999,2024-05,NT313,SPIRE WELLESLEY HOSPITAL,C_999,Total,1761,16.3,
2024-05|NT313|X05,2024-05,NT313,SPIRE WELLESLEY HOSPITAL,X05,Other - Surgical Services,216,9.6,
2024-05|NT314|C_100,2024-05,NT314,SPIRE LONDON EAST,C_100,General Surgery Service,464,13.4,
2024-05|NT314|C_110,2024-05,NT314,SPIRE LONDON EAST,C_110,Trauma and Orthopaedic Service,875,10.9,
2024-05|NT314|C_150,2024-05,NT314,SPIRE LONDON EAST,C_150,Neurosurgical Service,181,11.8,
2024-05|NT314|C_999,2024-05,NT314,SPIRE LONDON EAST,C_999,Total,1816,12.5,
2024-05|NT314|X05,2024-05,NT314,SPIRE LONDON EAST,X05,Other - Surgical Services,296,22.5,
2024-05|NT315|C_100,2024-05,NT315,SPIRE BUSHEY HOSPITAL,C_100,General Surgery Service,188,6.7,
2024-05|NT315|C_101,2024-05,NT315,SPIRE BUSHEY HOSPITAL,C_101,Urology Service,4,14.3,
2024-05|NT315|C_110,2024-05,NT315,SPIRE BUSHEY HOSPITAL,C_110,Trauma and Orthopaedic Service,359,9.9,
2024-05|NT315|C_120,2024-05,NT315,SPIRE BUSHEY HOSPITAL,C_120,Ear Nose and Throat Service,84,8.0,
2024-05|NT315|C_999,2024-05,NT315,SPIRE BUSHEY HOSPITAL,C_999,Total,689,9.6,
2024-05|NT315|X05,2024-05,NT315,SPIRE BUSHEY HOSPITAL,X05,Other - Surgical Services,54,15.0,
2024-05|NT316|C_100,2024-05,NT316,SPIRE HARPENDEN HOSPITAL,C_100,General Surgery Service,120,7.3,
2024-05|NT316|C_110,2024-05,NT316,SPIRE HARPENDEN HOSPITAL,C_110,Trauma and Orthopaedic Service,330,7.2,
2024-05|NT316|C_120,2024-05,NT316,SPIRE HARPENDEN HOSPITAL,C_120,Ear Nose and Throat Service,129,4.0,
2024-05|NT316|C_999,2024-05,NT316,SPIRE HARPENDEN HOSPITAL,C_999,Total,579,6.7,
2024-05|NT317|C_100,2024-05,NT317,SPIRE CAMBRIDGE LEA HOSPITAL,C_100,General Surgery Service,20,8.0,
2024-05|NT317|C_110,2024-05,NT317,SPIRE CAMBRIDGE LEA HOSPITAL,C_110,Trauma and Orthopaedic Service,290,17.1,
2024-05|NT317|C_120,2024-05,NT317,SPIRE CAMBRIDGE LEA HOSPITAL,C_120,Ear Nose and Throat Service,2,42.0,
2024-05|NT317|C_150,2024-05,NT317,SPIRE CAMBRIDGE LEA HOSPITAL,C_150,Neurosurgical Service,9,14.5,
2024-05|NT317|C_999,2024-05,NT317,SPIRE CAMBRIDGE LEA HOSPITAL,C_999,Total,322,16.7,
2024-05|NT317|X05,2024-05,NT317,SPIRE CAMBRIDGE LEA HOSPITAL,X05,Other - Surgical Services,1,7.5,
2024-05|NT318|C_110,2024-05,NT318,SPIRE NORWICH HOSPITAL,C_110,Trauma and Orthopaedic Service,226,10.4,
2024-05|NT318|C_999,2024-05,NT318,SPIRE NORWICH HOSPITAL,C_999,Total,226,10.4,
2024-05|NT319|C_100,2024-05,NT319,SPIRE HARTSWOOD HOSPITAL,C_100,General Surgery Service,244,13.1,
2024-05|NT319|C_110,2024-05,NT319,SPIRE HARTSWOOD HOSPITAL,C_110,Trauma and Orthopaedic Service,1248,14.7,
2024-05|NT319|C_999,2024-05,NT319,SPIRE HARTSWOOD HOSPITAL,C_999,Total,1492,14.6,
2024-05|NT320|C_100,2024-05,NT320,SPIRE PARKWAY HOSPITAL,C_100,General Surgery Service,140,8.1,
2024-05|NT320|C_110,2024-05,NT320,SPIRE PARKWAY HOSPITAL,C_110,Trauma and Orthopaedic Service,710,7.5,
2024-05|NT320|C_502,2024-05,NT320,SPIRE PARKWAY HOSPITAL,C_502,Gynaecology Service,111,14.5,
2024-05|NT320|C_999,2024-05,NT320,SPIRE PARKWAY HOSPITAL,C_999,Total,961,8.0,
2024-05|NT321|C_100,2024-05,NT321,SPIRE LITTLE ASTON HOSPITAL,C_100,General Surgery Service,220,10.8,
2024-05|NT321|C_110,2024-05,NT321,SPIRE LITTLE ASTON HOSPITAL,C_110,Trauma and Orthopaedic Service,1017,8.4,
2024-05|NT321|C_502,2024-05,NT321,SPIRE LITTLE ASTON HOSPITAL,C_502,Gynaecology Service,254,13.2,
2024-05|NT321|C_999,2024-05,NT321,SPIRE LITTLE ASTON HOSPITAL,C_999,Total,1504,9.5,
2024-05|NT321|X05,2024-05,NT321,SPIRE LITTLE ASTON HOSPITAL,X05,Other - Surgical Services,13,5.1,
2024-05|NT322|C_100,2024-05,NT322,SPIRE LEICESTER HOSPITAL,C_100,General Surgery Service,7,27.2,
2024-05|NT322|C_110,2024-05,NT322,SPIRE LEICESTER HOSPITAL,C_110,Trauma and Orthopaedic Service,855,12.0,
2024-05|NT322|C_999,2024-05,NT322,SPIRE LEICESTER HOSPITAL,C_999,Total,862,12.1,
2024-05|NT324|C_100,2024-05,NT324,SPIRE CHESHIRE HOSPITAL,C_100,General Surgery Service,293,11.9,
2024-05|NT324|C_101,2024-05,NT324,SPIRE CHESHIRE HOSPITAL,C_101,Urology Service,9,8.5,
2024-05|NT324|C_110,2024-05,NT324,SPIRE CHESHIRE HOSPITAL,C_110,Trauma and Orthopaedic Service,607,13.3,
2024-05|NT324|C_120,2024-05,NT324,SPIRE CHESHIRE HOSPITAL,C_120,Ear Nose and Throat Service,119,11.6,
2024-05|NT324|C_160,2024-05,NT324,SPIRE CHESHIRE HOSPITAL,C_160,Plastic Surgery Service,73,13.8,
2024-05|NT324|C_301,2024-05,NT324,SPIRE CHESHIRE HOSPITAL,C_301,Gastroenterology Service,16,13.0,
2024-05|NT324|C_999,2024-05,NT324,SPIRE CHESHIRE HOSPITAL,C_999,Total,1117,12.6,
2024-05|NT325|C_100,2024-05,NT325,SPIRE MURRAYFIELD HOSPITAL,C_100,General Surgery Service,148,6.4,
2024-05|NT325|C_101,2024-05,NT325,SPIRE MURRAYFIELD HOSPITAL,C_101,Urology Service,46,3.9,
2024-05|NT325|C_110,2024-05,NT325,SPIRE MURRAYFIELD HOSPITAL,C_110,Trauma and Orthopaedic Service,317,3.4,
2024-05|NT325|C_999,2024-05,NT325,SPIRE MURRAYFIELD HOSPITAL,C_999,Total,610,4.6,
2024-05|NT325|X05,2024-05,NT325,SPIRE MURRAYFIELD HOSPITAL,X05,Other - Surgical Services,99,7.2,
2024-05|NT327|C_100,2024-05,NT327,SPIRE MANCHESTER HOSPITAL,C_100,General Surgery Service,31,43.5,
2024-05|NT327|C_110,2024-05,NT327,SPIRE MANCHESTER HOSPITAL,C_110,Trauma and Orthopaedic Service,527,8.9,
2024-05|NT327|C_120,2024-05,NT327,SPIRE MANCHESTER HOSPITAL,C_120,Ear Nose and Throat Service,10,62.3,
2024-05|NT327|C_320,2024-05,NT327,SPIRE MANCHESTER HOSPITAL,C_320,Cardiology Service,4,5.0,
2024-05|NT327|C_999,2024-05,NT327,SPIRE MANCHESTER HOSPITAL,C_999,Total,576,9.5,
2024-05|NT327|X05,2024-05,NT327,SPIRE MANCHESTER HOSPITAL,X05,Other - Surgical Services,4,3.0,
2024-05|NT332|C_100,2024-05,NT332,SPIRE LEEDS HOSPITAL,C_100,General Surgery Service,182,6.8,
2024-05|NT332|C_110,2024-05,NT332,SPIRE LEEDS HOSPITAL,C_110,Trauma and Orthopaedic Service,646,10.1,
2024-05|NT332|C_160,2024-05,NT332,SPIRE LEEDS HOSPITAL,C_160,Plastic Surgery Service,155,9.8,
2024-05|NT332|C_999,2024-05,NT332,SPIRE LEEDS HOSPITAL,C_999,Total,983,9.4,
2024-05|NT333|C_100,2024-05,NT333,SPIRE WASHINGTON HOSPITAL,C_100,General Surgery Service,157,7.6,
2024-05|NT333|C_110,2024-05,NT333,SPIRE WASHINGTON HOSPITAL,C_110,Trauma and Orthopaedic Service,921,8.8,
2024-05|NT333|C_150,2024-05,NT333,SPIRE WASHINGTON HOSPITAL,C_150,Neurosurgical Service,59,10.1,
2024-05|NT333|C_160,2024-05,NT333,SPIRE WASHINGTON HOSPITAL,C_160,Plastic Surgery Service,1,25.5,
2024-05|NT333|C_999,2024-05,NT333,SPIRE WASHINGTON HOSPITAL,C_999,Total,1139,8.8,
2024-05|NT333|X05,2024-05,NT333,SPIRE WASHINGTON HOSPITAL,X05,Other - Surgical Services,1,36.5,
2024-05|NT337|C_100,2024-05,NT337,SPIRE LIVERPOOL HOSPITAL,C_100,General Surgery Service,850,9.1,
2024-05|NT337|C_101,2024-05,NT337,SPIRE LIVERPOOL HOSPITAL,C_101,Urology Service,293,9.4,
2024-05|NT337|C_110,2024-05,NT337,SPIRE LIVERPOOL HOSPITAL,C_110,Trauma and Orthopaedic Service,881,6.7,
2024-05|NT337|C_120,2024-05,NT337,SPIRE LIVERPOOL HOSPITAL,C_120,Ear Nose and Throat Service,757,8.9,
2024-05|NT337|C_301,2024-05,NT337,SPIRE LIVERPOOL HOSPITAL,C_301,Gastroenterology Service,103,5.3,
2024-05|NT337|C_330,2024-05,NT337,SPIRE LIVERPOOL HOSPITAL,C_330,Dermatology Service,1,11.5,
2024-05|NT337|C_999,2024-05,NT337,SPIRE LIVERPOOL HOSPITAL,C_999,Total,3045,8.4,
2024-05|NT337|X05,2024-05,NT337,SPIRE LIVERPOOL HOSPITAL,X05,Other - Surgical Services,160,9.6,
2024-05|NT339|C_100,2024-05,NT339,SPIRE REGENCY HOSPITAL,C_100,General Surgery Service,196,10.8,
2024-05|NT339|C_101,2024-05,NT339,SPIRE REGENCY HOSPITAL,C_101,Urology Service,80,7.3,
2024-05|NT339|C_110,2024-05,NT339,SPIRE REGENCY HOSPITAL,C_110,Trauma and Orthopaedic Service,717,8.9,
2024-05|NT339|C_120,2024-05,NT339,SPIRE REGENCY HOSPITAL,C_120,Ear Nose and Throat Service,125,7.1,
2024-05|NT339|C_150,2024-05,NT339,SPIRE REGENCY HOSPITAL,C_150,Neurosurgical Service,28,6.5,
2024-05|NT339|C_502,2024-05,NT339,SPIRE REGENCY HOSPITAL,C_502,Gynaecology Service,57,14.5,
2024-05|NT339|C_999,2024-05,NT339,SPIRE REGENCY HOSPITAL,C_999,Total,1426,9.6,
2024-05|NT339|X05,2024-05,NT339,SPIRE REGENCY HOSPITAL,X05,Other - Surgical Services,223,10.6,
2024-05|NT343|C_100,2024-05,NT343,SPIRE THAMES VALLEY HOSPITAL,C_100,General Surgery Service,44,11.7,
2024-05|NT343|C_110,2024-05,NT343,SPIRE THAMES VALLEY HOSPITAL,C_110,Trauma and Orthopaedic Service,310,12.6,
2024-05|NT343|C_999,2024-05,NT343,SPIRE THAMES VALLEY HOSPITAL,C_999,Total,357,12.3,
2024-05|NT343|X05,2024-05,NT343,SPIRE THAMES VALLEY HOSPITAL,X05,Other - Surgical Services,3,5.5,
2024-05|NT344|C_100,2024-05,NT344,SPIRE DUNEDIN HOSPITAL,C_100,General Surgery Service,170,9.6,
2024-05|NT344|C_110,2024-05,NT344,SPIRE DUNEDIN HOSPITAL,C_110,Trauma and Orthopaedic Service,241,12.5,
2024-05|NT344|C_999,2024-05,NT344,SPIRE DUNEDIN HOSPITAL,C_999,Total,427,11.0,
2024-05|NT344|X05,2024-05,NT344,SPIRE DUNEDIN HOSPITAL,X05,Other - Surgical Services,16,7.0,
2024-05|NT345|C_100,2024-05,NT345,SPIRE CLARE PARK HOSPITAL,C_100,General Surgery Service,107,10.2,
2024-05|NT345|C_101,2024-05,NT345,SPIRE CLARE PARK HOSPITAL,C_101,Urology Service,13,21.1,
2024-05|NT345|C_110,2024-05,NT345,SPIRE CLARE PARK HOSPITAL,C_110,Trauma and Orthopaedic Service,95,6.9,
2024-05|NT345|C_120,2024-05,NT345,SPIRE CLARE PARK HOSPITAL,C_120,Ear Nose and Throat Service,12,10.0,
2024-05|NT345|C_999,2024-05,NT345,SPIRE CLARE PARK HOSPITAL,C_999,Total,247,10.0,
2024-05|NT345|X05,2024-05,NT345,SPIRE CLARE PARK HOSPITAL,X05,Other - Surgical Services,20,14.0,
2024-05|NT347|C_100,2024-05,NT347,SPIRE FYLDE COAST HOSPITAL,C_100,General Surgery Service,321,9.8,
2024-05|NT347|C_101,2024-05,NT347,SPIRE FYLDE COAST HOSPITAL,C_101,Urology Service,140,11.8,
2024-05|NT347|C_110,2024-05,NT347,SPIRE FYLDE COAST HOSPITAL,C_110,Trauma and Orthopaedic Service,1412,7.4,
2024-05|NT347|C_120,2024-05,NT347,SPIRE FYLDE COAST HOSPITAL,C_120,Ear Nose and Throat Service,262,13.1,
2024-05|NT347|C_130,2024-05,NT347,SPIRE FYLDE COAST HOSPITAL,C_130,Ophthalmology Service,1,10.5,
2024-05|NT347|C_150,2024-05,NT347,SPIRE FYLDE COAST HOSPITAL,C_150,Neurosurgical Service,93,10.2,
2024-05|NT347|C_301,2024-05,NT347,SPIRE FYLDE COAST HOSPITAL,C_301,Gastroenterology Service,3,10.2,
2024-05|NT347|C_320,2024-05,NT347,SPIRE FYLDE COAST HOSPITAL,C_320,Cardiology Service,3,3.5,
2024-05|NT347|C_400,2024-05,NT347,SPIRE FYLDE COAST HOSPITAL,C_400,Neurology Service,57,4.3,
2024-05|NT347|C_502,2024-05,NT347,SPIRE FYLDE COAST HOSPITAL,C_502,Gynaecology Service,268,11.5,
2024-05|NT347|C_999,2024-05,NT347,SPIRE FYLDE COAST HOSPITAL,C_999,Total,2607,9.3,
2024-05|NT347|X05,2024-05,NT347,SPIRE FYLDE COAST HOSPITAL,X05,Other - Surgical Services,47,4.5,
2024-05|NT348|C_100,2024-05,NT348,SPIRE ELLAND HOSPITAL,C_100,General Surgery Service,184,6.9,
2024-05|NT348|C_101,2024-05,NT348,SPIRE ELLAND HOSPITAL,C_101,Urology Service,25,4.2,
2024-05|NT348|C_110,2024-05,NT348,SPIRE ELLAND HOSPITAL,C_110,Trauma and Orthopaedic Service,578,10.0,
2024-05|NT348|C_502,2024-05,NT348,SPIRE ELLAND HOSPITAL,C_502,Gynaecology Service,70,6.6,
2024-05|NT348|C_999,2024-05,NT348,SPIRE ELLAND HOSPITAL,C_999,Total,1072,8.6,
2024-05|NT348|X05,2024-05,NT348,SPIRE ELLAND HOSPITAL,X05,Other - Surgical Services,215,9.5,
2024-05|NT350|C_100,2024-05,NT350,SPIRE METHLEY PARK HOSPITAL,C_100,General Surgery Service,264,8.8,
2024-05|NT350|C_101,2024-05,NT350,SPIRE METHLEY PARK HOSPITAL,C_101,Urology Service,50,9.0,
2024-05|NT350|C_110,2024-05,NT350,SPIRE METHLEY PARK HOSPITAL,C_110,Trauma and Orthopaedic Service,666,9.7,
2024-05|NT350|C_150,2024-05,NT350,SPIRE METHLEY PARK HOSPITAL,C_150,Neurosurgical Service,42,9.0,
2024-05|NT350|C_160,2024-05,NT350,SPIRE METHLEY PARK HOSPITAL,C_160,Plastic Surgery Service,16,11.0,
2024-05|NT350|C_999,2024-05,NT350,SPIRE METHLEY PARK HOSPITAL,C_999,Total,1041,9.4,
2024-05|NT350|X05,2024-05,NT350,SPIRE METHLEY PARK HOSPITAL,X05,Other - Surgical Services,3,7.5,
2024-05|NT351|C_100,2024-05,NT351,SPIRE HULL AND EAST RIDING HOSPITAL,C_100,General Surgery Service,707,9.3,
2024-05|NT351|C_101,2024-05,NT351,SPIRE HULL AND EAST RIDING HOSPITAL,C_101,Urology Service,160,9.3,
2024-05|NT351|C_110,2024-05,NT351,SPIRE HULL AND EAST RIDING HOSPITAL,C_110,Trauma and Orthopaedic Service,759,8.3,
2024-05|NT351|C_120,2024-05,NT351,SPIRE HULL AND EAST RIDING HOSPITAL,C_120,Ear Nose and Throat Service,154,4.9,
2024-05|NT351|C_150,2024-05,NT351,SPIRE HULL AND EAST RIDING HOSPITAL,C_150,Neurosurgical Service,411,7.9,
2024-05|NT351|C_320,2024-05,NT351,SPIRE HULL AND EAST RIDING HOSPITAL,C_320,Cardiology Service,75,10.1,
2024-05|NT351|C_330,2024-05,NT351,SPIRE HULL AND EAST RIDING HOSPITAL,C_330,Dermatology Service,78,4.7,
2024-05|NT351|C_400,2024-05,NT351,SPIRE HULL AND EAST RIDING HOSPITAL,C_400,Neurology Service,152,10.0,
2024-05|NT351|C_502,2024-05,NT351,SPIRE HULL AND EAST RIDING HOSPITAL,C_502,Gynaecology Service,29,15.2,
2024-05|NT351|C_999,2024-05,NT351,SPIRE HULL AND EAST RIDING HOSPITAL,C_999,Total,3105,8.5,
2024-05|NT351|X05,2024-05,NT351,SPIRE HULL AND EAST RIDING HOSPITAL,X05,Other - Surgical Services,580,9.1,
2024-05|NT364|C_100,2024-05,NT364,SPIRE MONTEFIORE HOSPITAL,C_100,General Surgery Service,68,29.8,
2024-05|NT364|C_110,2024-05,NT364,SPIRE MONTEFIORE HOSPITAL,C_110,Trauma and Orthopaedic Service,590,30.5,
2024-05|NT364|C_150,2024-05,NT364,SPIRE MONTEFIORE HOSPITAL,C_150,Neurosurgical Service,20,20.0,
2024-05|NT364|C_999,2024-05,NT364,SPIRE MONTEFIORE HOSPITAL,C_999,Total,679,30.0,
2024-05|NT364|X05,2024-05,NT364,SPIRE MONTEFIORE HOSPITAL,X05,Other - Surgical Services,1,2.5,
2024-05|NT3X3|C_100,2024-05,NT3X3,SPIRE ST ANTHONY'S HOSPITAL,C_100,General Surgery Service,382,13.1,
2024-05|NT3X3|C_101,2024-05,NT3X3,SPIRE ST ANTHONY'S HOSPITAL,C_101,Urology Service,4,17.0,
2024-05|NT3X3|C_110,2024-05,NT3X3,SPIRE ST ANTHONY'S HOSPITAL,C_110,Trauma and Orthopaedic Service,125,11.8,
2024-05|NT3X3|C_120,2024-05,NT3X3,SPIRE ST ANTHONY'S HOSPITAL,C_120,Ear Nose and Throat Service,30,12.7,
2024-05|NT3X3|C_150,2024-05,NT3X3,SPIRE ST ANTHONY'S HOSPITAL,C_150,Neurosurgical Service,8,11.5,
2024-05|NT3X3|C_301,2024-05,NT3X3,SPIRE ST ANTHONY'S HOSPITAL,C_301,Gastroenterology Service,20,16.0,
2024-05|NT3X3|C_320,2024-05,NT3X3,SPIRE ST ANTHONY'S HOSPITAL,C_320,Cardiology Service,4,11.0,
2024-05|NT3X3|C_502,2024-05,NT3X3,SPIRE ST ANTHONY'S HOSPITAL,C_502,Gynaecology Service,122,41.7,
2024-05|NT3X3|C_999,2024-05,NT3X3,SPIRE ST ANTHONY'S HOSPITAL,C_999,Total,733,13.4,
2024-05|NT3X3|X05,2024-05,NT3X3,SPIRE ST ANTHONY'S HOSPITAL,X05,Other - Surgical Services,38,8.5,
2024-05|NT401|C_100,2024-05,NT401,ALEXANDRA HOSPITAL,C_100,General Surgery Service,95,6.0,
2024-05|NT401|C_110,2024-05,NT401,ALEXANDRA HOSPITAL,C_110,Trauma and Orthopaedic Service,388,8.0,
2024-05|NT401|C_301,2024-05,NT401,ALEXANDRA HOSPITAL,C_301,Gastroenterology Service,97,5.3,
2024-05|NT401|C_999,2024-05,NT401,ALEXANDRA HOSPITAL,C_999,Total,580,7.1,
2024-05|NT402|C_100,2024-05,NT402,BATH CLINIC,C_100,General Surgery Service,52,8.3,
2024-05|NT402|C_110,2024-05,NT402,BATH CLINIC,C_110,Trauma and Orthopaedic Service,307,7.2,
2024-05|NT402|C_130,2024-05,NT402,BATH CLINIC,C_130,Ophthalmology Service,134,7.0,
2024-05|NT402|C_301,2024-05,NT402,BATH CLINIC,C_301,Gastroenterology Service,13,7.5,
2024-05|NT402|C_999,2024-05,NT402,BATH CLINIC,C_999,Total,508,7.2,
2024-05|NT402|X06,2024-05,NT402,BATH CLINIC,X06,Other - Other Services,2,1.0,
2024-05|NT403|C_100,2024-05,NT403,BEARDWOOD HOSPITAL,C_100,General Surgery Service,274,9.3,
2024-05|NT403|C_101,2024-05,NT403,BEARDWOOD HOSPITAL,C_101,Urology Service,205,7.8,
2024-05|NT403|C_110,2024-05,NT403,BEARDWOOD HOSPITAL,C_110,Trauma and Orthopaedic Service,1118,7.2,
2024-05|NT403|C_120,2024-05,NT403,BEARDWOOD HOSPITAL,C_120,Ear Nose and Throat Service,133,6.5,
2024-05|NT403|C_150,2024-05,NT403,BEARDWOOD HOSPITAL,C_150,Neurosurgical Service,38,8.8,
2024-05|NT403|C_301,2024-05,NT403,BEARDWOOD HOSPITAL,C_301,Gastroenterology Service,57,10.2,
2024-05|NT403|C_400,2024-05,NT403,BEARDWOOD HOSPITAL,C_400,Neurology Service,1,1.5,
2024-05|NT403|C_502,2024-05,NT403,BEARDWOOD HOSPITAL,C_502,Gynaecology Service,299,10.3,
2024-05|NT403|C_999,2024-05,NT403,BEARDWOOD HOSPITAL,C_999,Total,2142,8.0,
2024-05|NT403|X06,2024-05,NT403,BEARDWOOD HOSPITAL,X06,Other - Other Services,17,11.5,
2024-05|NT404|C_100,2024-05,NT404,BEAUMONT HOSPITAL,C_100,General Surgery Service,499,7.3,
2024-05|NT404|C_101,2024-05,NT404,BEAUMONT HOSPITAL,C_101,Urology Service,272,15.1,
2024-05|NT404|C_110,2024-05,NT404,BEAUMONT HOSPITAL,C_110,Trauma and Orthopaedic Service,1004,11.6,
2024-05|NT404|C_120,2024-05,NT404,BEAUMONT HOSPITAL,C_120,Ear Nose and Throat Service,339,17.4,
2024-05|NT404|C_301,2024-05,NT404,BEAUMONT HOSPITAL,C_301,Gastroenterology Service,6,6.0,
2024-05|NT404|C_502,2024-05,NT404,BEAUMONT HOSPITAL,C_502,Gynaecology Service,434,18.4,
2024-05|NT404|C_999,2024-05,NT404,BEAUMONT HOSPITAL,C_999,Total,2650,13.7,
2024-05|NT404|X06,2024-05,NT404,BEAUMONT HOSPITAL,X06,Other - Other Services,96,7.8,
2024-05|NT405|C_100,2024-05,NT405,BISHOPS WOOD HOSPITAL,C_100,General Surgery Service,63,6.5,
2024-05|NT405|C_101,2024-05,NT405,BISHOPS WOOD HOSPITAL,C_101,Urology Service,78,6.0,
2024-05|NT405|C_110,2024-05,NT405,BISHOPS WOOD HOSPITAL,C_110,Trauma and Orthopaedic Service,213,7.0,
2024-05|NT405|C_130,2024-05,NT405,BISHOPS WOOD HOSPITAL,C_130,Ophthalmology Service,14,5.0,
2024-05|NT405|C_301,2024-05,NT405,BISHOPS WOOD HOSPITAL,C_301,Gastroenterology Service,13,6.8,
2024-05|NT405|C_502,2024-05,NT405,BISHOPS WOOD HOSPITAL,C_502,Gynaecology Service,45,7.5,
2024-05|NT405|C_999,2024-05,NT405,BISHOPS WOOD HOSPITAL,C_999,Total,430,6.8,
2024-05|NT405|X06,2024-05,NT405,BISHOPS WOOD HOSPITAL,X06,Other - Other Services,4,3.0,
2024-05|NT406|C_100,2024-05,NT406,BLACKHEATH HOSPITAL,C_100,General Surgery Service,128,7.5,
2024-05|NT406|C_101,2024-05,NT406,BLACKHEATH HOSPITAL,C_101,Urology Service,309,16.4,
2024-05|NT406|C_110,2024-05,NT406,BLACKHEATH HOSPITAL,C_110,Trauma and Orthopaedic Service,535,12.0,
2024-05|NT406|C_120,2024-05,NT406,BLACKHEATH HOSPITAL,C_120,Ear Nose and Throat Service,1,24.5,
2024-05|NT406|C_130,2024-05,NT406,BLACKHEATH HOSPITAL,C_130,Ophthalmology Service,63,9.2,
2024-05|NT406|C_150,2024-05,NT406,BLACKHEATH HOSPITAL,C_150,Neurosurgical Service,11,3.8,
2024-05|NT406|C_301,2024-05,NT406,BLACKHEATH HOSPITAL,C_301,Gastroenterology Service,197,9.8,
2024-05|NT406|C_502,2024-05,NT406,BLACKHEATH HOSPITAL,C_502,Gynaecology Service,4,17.0,
2024-05|NT406|C_999,2024-05,NT406,BLACKHEATH HOSPITAL,C_999,Total,1356,10.8,
2024-05|NT406|X06,2024-05,NT406,BLACKHEATH HOSPITAL,X06,Other - Other Services,108,10.0,
2024-05|NT408|C_100,2024-05,NT408,CHAUCER HOSPITAL,C_100,General Surgery Service,176,8.0,
2024-05|NT408|C_101,2024-05,NT408,CHAUCER HOSPITAL,C_101,Urology Service,17,22.2,
2024-05|NT408|C_110,2024-05,NT408,CHAUCER HOSPITAL,C_110,Trauma and Orthopaedic Service,659,10.6,
2024-05|NT408|C_130,2024-05,NT408,CHAUCER HOSPITAL,C_130,Ophthalmology Service,31,6.4,
2024-05|NT408|C_301,2024-05,NT408,CHAUCER HOSPITAL,C_301,Gastroenterology Service,93,9.9,
2024-05|NT408|C_502,2024-05,NT408,CHAUCER HOSPITAL,C_502,Gynaecology Service,5,24.5,
2024-05|NT408|C_999,2024-05,NT408,CHAUCER HOSPITAL,C_999,Total,983,9.7,
2024-05|NT408|X06,2024-05,NT408,CHAUCER HOSPITAL,X06,Other - Other Services,2,4.5,
2024-05|NT409|C_100,2024-05,NT409,CHELSFIELD PARK HOSPITAL,C_100,General Surgery Service,81,10.4,
2024-05|NT409|C_101,2024-05,NT409,CHELSFIELD PARK HOSPITAL,C_101,Urology Service,52,4.9,
2024-05|NT409|C_110,2024-05,NT409,CHELSFIELD PARK HOSPITAL,C_110,Trauma and Orthopaedic Service,263,7.2,
2024-05|NT409|C_120,2024-05,NT409,CHELSFIELD PARK HOSPITAL,C_120,Ear Nose and Throat Service,22,10.0,
2024-05|NT409|C_150,2024-05,NT409,CHELSFIELD PARK HOSPITAL,C_150,Neurosurgical Service,2,1.5,
2024-05|NT409|C_301,2024-05,NT409,CHELSFIELD PARK HOSPITAL,C_301,Gastroenterology Service,32,8.0,
2024-05|NT409|C_502,2024-05,NT409,CHELSFIELD PARK HOSPITAL,C_502,Gynaecology Service,51,27.6,
2024-05|NT409|C_999,2024-05,NT409,CHELSFIELD PARK HOSPITAL,C_999,Total,604,7.8,
2024-05|NT409|X06,2024-05,NT409,CHELSFIELD PARK HOSPITAL,X06,Other - Other Services,101,5.9,
2024-05|NT410|C_100,2024-05,NT410,CHILTERN HOSPITAL,C_100,General Surgery Service,24,5.0,
2024-05|NT410|C_101,2024-05,NT410,CHILTERN HOSPITAL,C_101,Urology Service,59,9.5,
2024-05|NT410|C_110,2024-05,NT410,CHILTERN HOSPITAL,C_110,Trauma and Orthopaedic Service,384,15.1,
2024-05|NT410|C_301,2024-05,NT410,CHILTERN HOSPITAL,C_301,Gastroenterology Service,21,4.8,
2024-05|NT410|C_330,2024-05,NT410,CHILTERN HOSPITAL,C_330,Dermatology Service,1,2.5,
2024-05|NT410|C_999,2024-05,NT410,CHILTERN HOSPITAL,C_999,Total,513,13.8,
2024-05|NT410|X06,2024-05,NT410,CHILTERN HOSPITAL,X06,Other - Other Services,24,32.5,
2024-05|NT411|C_100,2024-05,NT411,CLEMENTINE CHURCHILL HOSPITAL,C_100,General Surgery Service,292,5.3,
2024-05|NT411|C_101,2024-05,NT411,CLEMENTINE CHURCHILL HOSPITAL,C_101,Urology Service,272,7.0,
2024-05|NT411|C_110,2024-05,NT411,CLEMENTINE CHURCHILL HOSPITAL,C_110,Trauma and Orthopaedic Service,472,5.1,
2024-05|NT411|C_120,2024-05,NT411,CLEMENTINE CHURCHILL HOSPITAL,C_120,Ear Nose and Throat Service,477,9.2,
2024-05|NT411|C_130,2024-05,NT411,CLEMENTINE CHURCHILL HOSPITAL,C_130,Ophthalmology Service,41,6.2,
2024-05|NT411|C_301,2024-05,NT411,CLEMENTINE CHURCHILL HOSPITAL,C_301,Gastroenterology Service,163,6.4,
2024-05|NT411|C_400,2024-05,NT411,CLEMENTINE CHURCHILL HOSPITAL,C_400,Neurology Service,1,1.5,
2024-05|NT411|C_502,2024-05,NT411,CLEMENTINE CHURCHILL HOSPITAL,C_502,Gynaecology Service,328,9.3,
2024-05|NT411|C_999,2024-05,NT411,CLEMENTINE CHURCHILL HOSPITAL,C_999,Total,2048,7.0,
2024-05|NT411|X06,2024-05,NT411,CLEMENTINE CHURCHILL HOSPITAL,X06,Other - Other Services,2,2.0,
2024-05|NT412|C_100,2024-05,NT412,DROITWICH SPA HOSPITAL,C_100,General Surgery Service,503,4.6,
2024-05|NT412|C_110,2024-05,NT412,DROITWICH SPA HOSPITAL,C_110,Trauma and Orthopaedic Service,690,15.8,
2024-05|NT412|C_120,2024-05,NT412,DROITWICH SPA HOSPITAL,C_120,Ear Nose and Throat Service,86,9.4,
2024-05|NT412|C_130,2024-05,NT412,DROITWICH SPA HOSPITAL,C_130,Ophthalmology Service,11,19.5,
2024-05|NT412|C_301,2024-05,NT412,DROITWICH SPA HOSPITAL,C_301,Gastroenterology Service,81,6.5,
2024-05|NT412|C_999,2024-05,NT412,DROITWICH SPA HOSPITAL,C_999,Total,1373,9.4,
2024-05|NT412|X06,2024-05,NT412,DROITWICH SPA HOSPITAL,X06,Other - Other Services,2,2.0,
2024-05|NT416|C_100,2024-05,NT416,HENDON HOSPITAL,C_100,General Surgery Service,215,10.8,
2024-05|NT416|C_101,2024-05,NT416,HENDON HOSPITAL,C_101,Urology Service,29,19.9,
2024-05|NT416|C_110,2024-05,NT416,HENDON HOSPITAL,C_110,Trauma and Orthopaedic Service,254,10.6,
2024-05|NT416|C_130,2024-05,NT416,HENDON HOSPITAL,C_130,Ophthalmology Service,136,10.5,
2024-05|NT416|C_301,2024-05,NT416,HENDON HOSPITAL,C_301,Gastroenterology Service,95,10.1,
2024-05|NT416|C_502,2024-05,NT416,HENDON HOSPITAL,C_502,Gynaecology Service,109,9.9,
2024-05|NT416|C_999,2024-05,NT416,HENDON HOSPITAL,C_999,Total,867,10.6,
2024-05|NT416|X06,2024-05,NT416,HENDON HOSPITAL,X06,Other - Other Services,29,5.8,
2024-05|NT417|C_100,2024-05,NT417,GORING HALL HOSPITAL,C_100,General Surgery Service,137,10.6,
2024-05|NT417|C_101,2024-05,NT417,GORING HALL HOSPITAL,C_101,Urology Service,144,9.8,
2024-05|NT417|C_110,2024-05,NT417,GORING HALL HOSPITAL,C_110,Trauma and Orthopaedic Service,616,13.1,
2024-05|NT417|C_120,2024-05,NT417,GORING HALL HOSPITAL,C_120,Ear Nose and Throat Service,1,17.5,
2024-05|NT417|C_130,2024-05,NT417,GORING HALL HOSPITAL,C_130,Ophthalmology Service,71,6.2,
2024-05|NT417|C_301,2024-05,NT417,GORING HALL HOSPITAL,C_301,Gastroenterology Service,101,14.2,
2024-05|NT417|C_502,2024-05,NT417,GORING HALL HOSPITAL,C_502,Gynaecology Service,107,8.1,
2024-05|NT417|C_999,2024-05,NT417,GORING HALL HOSPITAL,C_999,Total,1184,11.3,
2024-05|NT417|X06,2024-05,NT417,GORING HALL HOSPITAL,X06,Other - Other Services,7,38.5,
2024-05|NT418|C_100,2024-05,NT418,HAMPSHIRE CLINIC,C_100,General Surgery Service,37,6.8,
2024-05|NT418|C_101,2024-05,NT418,HAMPSHIRE CLINIC,C_101,Urology Service,37,2.6,
2024-05|NT418|C_110,2024-05,NT418,HAMPSHIRE CLINIC,C_110,Trauma and Orthopaedic Service,137,4.6,
2024-05|NT418|C_301,2024-05,NT418,HAMPSHIRE CLINIC,C_301,Gastroenterology Service,32,4.2,
2024-05|NT418|C_502,2024-05,NT418,HAMPSHIRE CLINIC,C_502,Gynaecology Service,99,5.2,
2024-05|NT418|C_999,2024-05,NT418,HAMPSHIRE CLINIC,C_999,Total,346,4.7,
2024-05|NT418|X06,2024-05,NT418,HAMPSHIRE CLINIC,X06,Other - Other Services,4,6.0,
2024-05|NT419|C_110,2024-05,NT419,HARBOUR HOSPITAL,C_110,Trauma and Orthopaedic Service,116,12.7,
2024-05|NT419|C_999,2024-05,NT419,HARBOUR HOSPITAL,C_999,Total,117,12.5,
2024-05|NT419|X06,2024-05,NT419,HARBOUR HOSPITAL,X06,Other - Other Services,1,5.5,
2024-05|NT420|C_100,2024-05,NT420,HIGHFIELD HOSPITAL,C_100,General Surgery Service,176,18.5,
2024-05|NT420|C_101,2024-05,NT420,HIGHFIELD HOSPITAL,C_101,Urology Service,27,19.8,
2024-05|NT420|C_110,2024-05,NT420,HIGHFIELD HOSPITAL,C_110,Trauma and Orthopaedic Service,723,16.1,
2024-05|NT420|C_150,2024-05,NT420,HIGHFIELD HOSPITAL,C_150,Neurosurgical Service,2,1.0,
2024-05|NT420|C_301,2024-05,NT420,HIGHFIELD HOSPITAL,C_301,Gastroenterology Service,273,6.4,
2024-05|NT420|C_999,2024-05,NT420,HIGHFIELD HOSPITAL,C_999,Total,1206,15.1,
2024-05|NT420|X06,2024-05,NT420,HIGHFIELD HOSPITAL,X06,Other - Other Services,5,3.2,
2024-05|NT421|C_100,2024-05,NT421,KINGS OAK HOSPITAL,C_100,General Surgery Service,128,12.0,
2024-05|NT421|C_101,2024-05,NT421,KINGS OAK HOSPITAL,C_101,Urology Service,306,11.8,
2024-05|NT421|C_110,2024-05,NT421,KINGS OAK HOSPITAL,C_110,Trauma and Orthopaedic Service,663,8.5,
2024-05|NT421|C_120,2024-05,NT421,KINGS OAK HOSPITAL,C_120,Ear Nose and Throat Service,208,11.1,
2024-05|NT421|C_301,2024-05,NT421,KINGS OAK HOSPITAL,C_301,Gastroenterology Service,22,11.0,
2024-05|NT421|C_502,2024-05,NT421,KINGS OAK HOSPITAL,C_502,Gynaecology Service,152,10.5,
2024-05|NT421|C_999,2024-05,NT421,KINGS OAK HOSPITAL,C_999,Total,1484,10.2,
2024-05|NT421|X06,2024-05,NT421,KINGS OAK HOSPITAL,X06,Other - Other Services,5,5.5,
2024-05|NT422|C_100,2024-05,NT422,LONDON INDEPENDENT HOSPITAL,C_100,General Surgery Service,1002,10.9,
2024-05|NT422|C_101,2024-05,NT422,LONDON INDEPENDENT HOSPITAL,C_101,Urology Service,506,24.4,
2024-05|NT422|C_110,2024-05,NT422,LONDON INDEPENDENT HOSPITAL,C_110,Trauma and Orthopaedic Service,1870,11.9,
2024-05|NT422|C_130,2024-05,NT422,LONDON INDEPENDENT HOSPITAL,C_130,Ophthalmology Service,56,23.0,
2024-05|NT422|C_150,2024-05,NT422,LONDON INDEPENDENT HOSPITAL,C_150,Neurosurgical Service,37,3.7,
2024-05|NT422|C_301,2024-05,NT422,LONDON INDEPENDENT HOSPITAL,C_301,Gastroenterology Service,190,9.3,
2024-05|NT422|C_502,2024-05,NT422,LONDON INDEPENDENT HOSPITAL,C_502,Gynaecology Service,1408,12.7,
2024-05|NT422|C_999,2024-05,NT422,LONDON INDEPENDENT HOSPITAL,C_999,Total,5238,13.5,
2024-05|NT422|X06,2024-05,NT422,LONDON INDEPENDENT HOSPITAL,X06,Other - Other Services,169,29.8,
2024-05|NT423|C_100,2024-05,NT423,MANOR HOSPITAL,C_100,General Surgery Service,74,12.0,
2024-05|NT423|C_101,2024-05,NT423,MANOR HOSPITAL,C_101,Urology Service,53,24.8,
2024-05|NT423|C_110,2024-05,NT423,MANOR HOSPITAL,C_110,Trauma and Orthopaedic Service,247,20.0,
2024-05|NT423|C_502,2024-05,NT423,MANOR HOSPITAL,C_502,Gynaecology Service,362,10.8,
2024-05|NT423|C_999,2024-05,NT423,MANOR HOSPITAL,C_999,Total,746,16.1,
2024-05|NT423|X06,2024-05,NT423,MANOR HOSPITAL,X06,Other - Other Services,10,32.5,
2024-05|NT424|C_100,2024-05,NT424,MERIDEN HOSPITAL,C_100,General Surgery Service,282,7.5,
2024-05|NT424|C_110,2024-05,NT424,MERIDEN HOSPITAL,C_110,Trauma and Orthopaedic Service,806,7.5,
2024-05|NT424|C_150,2024-05,NT424,MERIDEN HOSPITAL,C_150,Neurosurgical Service,313,6.4,
2024-05|NT424|C_301,2024-05,NT424,MERIDEN HOSPITAL,C_301,Gastroenterology Service,156,8.4,
2024-05|NT424|C_400,2024-05,NT424,MERIDEN HOSPITAL,C_400,Neurology Service,11,2.2,
2024-05|NT424|C_999,2024-05,NT424,MERIDEN HOSPITAL,C_999,Total,1579,7.3,
2024-05|NT424|X06,2024-05,NT424,MERIDEN HOSPITAL,X06,Other - Other Services,11,1.5,
2024-05|NT427|C_100,2024-05,NT427,PARK HOSPITAL,C_100,General Surgery Service,126,6.9,
2024-05|NT427|C_101,2024-05,NT427,PARK HOSPITAL,C_101,Urology Service,60,4.8,
2024-05|NT427|C_110,2024-05,NT427,PARK HOSPITAL,C_110,Trauma and Orthopaedic Service,565,7.1,
2024-05|NT427|C_150,2024-05,NT427,PARK HOSPITAL,C_150,Neurosurgical Service,8,4.0,
2024-05|NT427|C_301,2024-05,NT427,PARK HOSPITAL,C_301,Gastroenterology Service,48,2.8,
2024-05|NT427|C_502,2024-05,NT427,PARK HOSPITAL,C_502,Gynaecology Service,124,6.9,
2024-05|NT427|C_999,2024-05,NT427,PARK HOSPITAL,C_999,Total,943,6.6,
2024-05|NT427|X06,2024-05,NT427,PARK HOSPITAL,X06,Other - Other Services,12,5.0,
2024-05|NT428|C_100,2024-05,NT428,PRINCESS MARGARET HOSPITAL,C_100,General Surgery Service,16,7.7,
2024-05|NT428|C_110,2024-05,NT428,PRINCESS MARGARET HOSPITAL,C_110,Trauma and Orthopaedic Service,49,3.9,
2024-05|NT428|C_301,2024-05,NT428,PRINCESS MARGARET HOSPITAL,C_301,Gastroenterology Service,23,8.5,
2024-05|NT428|C_999,2024-05,NT428,PRINCESS MARGARET HOSPITAL,C_999,Total,88,5.2,
2024-05|NT429|C_100,2024-05,NT429,PRIORY HOSPITAL,C_100,General Surgery Service,95,17.6,
2024-05|NT429|C_110,2024-05,NT429,PRIORY HOSPITAL,C_110,Trauma and Orthopaedic Service,951,7.4,
2024-05|NT429|C_301,2024-05,NT429,PRIORY HOSPITAL,C_301,Gastroenterology Service,310,19.8,
2024-05|NT429|C_502,2024-05,NT429,PRIORY HOSPITAL,C_502,Gynaecology Service,1,11.5,
2024-05|NT429|C_999,2024-05,NT429,PRIORY HOSPITAL,C_999,Total,1365,11.4,
2024-05|NT429|X06,2024-05,NT429,PRIORY HOSPITAL,X06,Other - Other Services,8,1.0,
2024-05|NT430|C_100,2024-05,NT430,RIDGEWAY HOSPITAL,C_100,General Surgery Service,180,11.6,
2024-05|NT430|C_101,2024-05,NT430,RIDGEWAY HOSPITAL,C_101,Urology Service,28,42.5,
2024-05|NT430|C_110,2024-05,NT430,RIDGEWAY HOSPITAL,C_110,Trauma and Orthopaedic Service,92,21.5,
2024-05|NT430|C_120,2024-05,NT430,RIDGEWAY HOSPITAL,C_120,Ear Nose and Throat Service,6,9.0,
2024-05|NT430|C_130,2024-05,NT430,RIDGEWAY HOSPITAL,C_130,Ophthalmology Service,290,14.3,
2024-05|NT430|C_301,2024-05,NT430,RIDGEWAY HOSPITAL,C_301,Gastroenterology Service,45,13.8,
2024-05|NT430|C_502,2024-05,NT430,RIDGEWAY HOSPITAL,C_502,Gynaecology Service,34,16.0,
2024-05|NT430|C_999,2024-05,NT430,RIDGEWAY HOSPITAL,C_999,Total,675,14.1,
2024-05|NT431|C_100,2024-05,NT431,RUNNYMEDE HOSPITAL,C_100,General Surgery Service,59,10.2,
2024-05|NT431|C_110,2024-05,NT431,RUNNYMEDE HOSPITAL,C_110,Trauma and Orthopaedic Service,75,5.9,
2024-05|NT431|C_130,2024-05,NT431,RUNNYMEDE HOSPITAL,C_130,Ophthalmology Service,5,0.8,
2024-05|NT431|C_301,2024-05,NT431,RUNNYMEDE HOSPITAL,C_301,Gastroenterology Service,54,10.5,
2024-05|NT431|C_999,2024-05,NT431,RUNNYMEDE HOSPITAL,C_999,Total,196,7.3,
2024-05|NT431|X06,2024-05,NT431,RUNNYMEDE HOSPITAL,X06,Other - Other Services,3,10.5,
2024-05|NT433|C_100,2024-05,NT433,SARUM ROAD HOSPITAL,C_100,General Surgery Service,16,16.0,
2024-05|NT433|C_101,2024-05,NT433,SARUM ROAD HOSPITAL,C_101,Urology Service,1,0.5,
2024-05|NT433|C_110,2024-05,NT433,SARUM ROAD HOSPITAL,C_110,Trauma and Orthopaedic Service,299,16.4,
2024-05|NT433|C_130,2024-05,NT433,SARUM ROAD HOSPITAL,C_130,Ophthalmology Service,11,3.2,
2024-05|NT433|C_301,2024-05,NT433,SARUM ROAD HOSPITAL,C_301,Gastroenterology Service,3,0.5,
2024-05|NT433|C_999,2024-05,NT433,SARUM ROAD HOSPITAL,C_999,Total,377,14.1,
2024-05|NT433|X06,2024-05,NT433,SARUM ROAD HOSPITAL,X06,Other - Other Services,47,6.8,
2024-05|NT434|C_100,2024-05,NT434,SAXON CLINIC,C_100,General Surgery Service,142,9.8,
2024-05|NT434|C_110,2024-05,NT434,SAXON CLINIC,C_110,Trauma and Orthopaedic Service,477,25.6,
2024-05|NT434|C_301,2024-05,NT434,SAXON CLINIC,C_301,Gastroenterology Service,61,7.2,
2024-05|NT434|C_999,2024-05,NT434,SAXON CLINIC,C_999,Total,682,18.4,
2024-05|NT434|X06,2024-05,NT434,SAXON CLINIC,X06,Other - Other Services,2,5.0,
2024-05|NT435|C_100,2024-05,NT435,SHELBURNE HOSPITAL,C_100,General Surgery Service,1,1.5,
2024-05|NT435|C_101,2024-05,NT435,SHELBURNE HOSPITAL,C_101,Urology Service,19,12.2,
2024-05|NT435|C_110,2024-05,NT435,SHELBURNE HOSPITAL,C_110,Trauma and Orthopaedic Service,118,15.4,
2024-05|NT435|C_502,2024-05,NT435,SHELBURNE HOSPITAL,C_502,Gynaecology Service,24,3.8,
2024-05|NT435|C_999,2024-05,NT435,SHELBURNE HOSPITAL,C_999,Total,175,14.4,
2024-05|NT435|X06,2024-05,NT435,SHELBURNE HOSPITAL,X06,Other - Other Services,13,42.5,
2024-05|NT436|C_100,2024-05,NT436,SHIRLEY OAKS HOSPITAL,C_100,General Surgery Service,64,6.0,
2024-05|NT436|C_101,2024-05,NT436,SHIRLEY OAKS HOSPITAL,C_101,Urology Service,250,10.2,
2024-05|NT436|C_110,2024-05,NT436,SHIRLEY OAKS HOSPITAL,C_110,Trauma and Orthopaedic Service,412,13.1,
2024-05|NT436|C_120,2024-05,NT436,SHIRLEY OAKS HOSPITAL,C_120,Ear Nose and Throat Service,1,17.5,
2024-05|NT436|C_130,2024-05,NT436,SHIRLEY OAKS HOSPITAL,C_130,Ophthalmology Service,86,4.5,
2024-05|NT436|C_150,2024-05,NT436,SHIRLEY OAKS HOSPITAL,C_150,Neurosurgical Service,1,1.5,
2024-05|NT436|C_301,2024-05,NT436,SHIRLEY OAKS HOSPITAL,C_301,Gastroenterology Service,255,11.5,
2024-05|NT436|C_502,2024-05,NT436,SHIRLEY OAKS HOSPITAL,C_502,Gynaecology Service,142,12.6,
2024-05|NT436|C_999,2024-05,NT436,SHIRLEY OAKS HOSPITAL,C_999,Total,1270,11.0,
2024-05|NT436|X06,2024-05,NT436,SHIRLEY OAKS HOSPITAL,X06,Other - Other Services,59,10.8,
2024-05|NT437|C_100,2024-05,NT437,SLOANE HOSPITAL,C_100,General Surgery Service,117,7.2,
2024-05|NT437|C_101,2024-05,NT437,SLOANE HOSPITAL,C_101,Urology Service,84,6.2,
2024-05|NT437|C_110,2024-05,NT437,SLOANE HOSPITAL,C_110,Trauma and Orthopaedic Service,346,8.8,
2024-05|NT437|C_130,2024-05,NT437,SLOANE HOSPITAL,C_130,Ophthalmology Service,2,14.0,
2024-05|NT437|C_301,2024-05,NT437,SLOANE HOSPITAL,C_301,Gastroenterology Service,15,3.8,
2024-05|NT437|C_502,2024-05,NT437,SLOANE HOSPITAL,C_502,Gynaecology Service,72,12.4,
2024-05|NT437|C_999,2024-05,NT437,SLOANE HOSPITAL,C_999,Total,813,7.1,
2024-05|NT437|X06,2024-05,NT437,SLOANE HOSPITAL,X06,Other - Other Services,177,5.9,
2024-05|NT440|C_100,2024-05,NT440,THORNBURY HOSPITAL,C_100,General Surgery Service,68,4.8,
2024-05|NT440|C_110,2024-05,NT440,THORNBURY HOSPITAL,C_110,Trauma and Orthopaedic Service,297,9.2,
2024-05|NT440|C_150,2024-05,NT440,THORNBURY HOSPITAL,C_150,Neurosurgical Service,3,2.5,
2024-05|NT440|C_301,2024-05,NT440,THORNBURY HOSPITAL,C_301,Gastroenterology Service,4,2.0,
2024-05|NT440|C_400,2024-05,NT440,THORNBURY HOSPITAL,C_400,Neurology Service,4,2.0,
2024-05|NT440|C_502,2024-05,NT440,THORNBURY HOSPITAL,C_502,Gynaecology Service,151,5.5,
2024-05|NT440|C_999,2024-05,NT440,THORNBURY HOSPITAL,C_999,Total,530,7.1,
2024-05|NT440|X06,2024-05,NT440,THORNBURY HOSPITAL,X06,Other - Other Services,3,2.2,
2024-05|NT441|C_100,2024-05,NT441,THREE SHIRES HOSPITAL,C_100,General Surgery Service,593,12.5,
2024-05|NT441|C_110,2024-05,NT441,THREE SHIRES HOSPITAL,C_110,Trauma and Orthopaedic Service,1591,13.6,
2024-05|NT441|C_150,2024-05,NT441,THREE SHIRES HOSPITAL,C_150,Neurosurgical Service,91,6.5,
2024-05|NT441|C_301,2024-05,NT441,THREE SHIRES HOSPITAL,C_301,Gastroenterology Service,9,1.8,
2024-05|NT441|C_502,2024-05,NT441,THREE SHIRES HOSPITAL,C_502,Gynaecology Service,667,7.4,
2024-05|NT441|C_999,2024-05,NT441,THREE SHIRES HOSPITAL,C_999,Total,2959,11.4,
2024-05|NT441|X06,2024-05,NT441,THREE SHIRES HOSPITAL,X06,Other - Other Services,8,7.0,
2024-05|NT443|C_100,2024-05,NT443,WINTERBOURNE HOSPITAL,C_100,General Surgery Service,41,6.6,
2024-05|NT443|C_110,2024-05,NT443,WINTERBOURNE HOSPITAL,C_110,Trauma and Orthopaedic Service,247,8.6,
2024-05|NT443|C_999,2024-05,NT443,WINTERBOURNE HOSPITAL,C_999,Total,288,7.9,
2024-05|NT445|C_999,2024-05,NT445,EDGBASTON HOSPITAL,C_999,Total,1,0.5,
2024-05|NT445|X06,2024-05,NT445,EDGBASTON HOSPITAL,X06,Other - Other Services,1,0.5,
2024-05|NT446|C_100,2024-05,NT446,ST EDMUNDS HOSPITAL,C_100,General Surgery Service,66,6.8,
2024-05|NT446|C_101,2024-05,NT446,ST EDMUNDS HOSPITAL,C_101,Urology Service,33,8.8,
2024-05|NT446|C_110,2024-05,NT446,ST EDMUNDS HOSPITAL,C_110,Trauma and Orthopaedic Service,506,17.5,
2024-05|NT446|C_130,2024-05,NT446,ST EDMUNDS HOSPITAL,C_130,Ophthalmology Service,39,4.3,
2024-05|NT446|C_301,2024-05,NT446,ST EDMUNDS HOSPITAL,C_301,Gastroenterology Service,8,5.0,
2024-05|NT446|C_999,2024-05,NT446,ST EDMUNDS HOSPITAL,C_999,Total,654,16.0,
2024-05|NT446|X06,2024-05,NT446,ST EDMUNDS HOSPITAL,X06,Other - Other Services,2,4.0,
2024-05|NT447|C_100,2024-05,NT447,DUCHY HOSPITAL,C_100,General Surgery Service,129,11.6,
2024-05|NT447|C_101,2024-05,NT447,DUCHY HOSPITAL,C_101,Urology Service,81,5.9,
2024-05|NT447|C_110,2024-05,NT447,DUCHY HOSPITAL,C_110,Trauma and Orthopaedic Service,178,11.0,
2024-05|NT447|C_150,2024-05,NT447,DUCHY HOSPITAL,C_150,Neurosurgical Service,12,5.5,
2024-05|NT447|C_301,2024-05,NT447,DUCHY HOSPITAL,C_301,Gastroenterology Service,8,9.5,
2024-05|NT447|C_400,2024-05,NT447,DUCHY HOSPITAL,C_400,Neurology Service,7,1.8,
2024-05|NT447|C_999,2024-05,NT447,DUCHY HOSPITAL,C_999,Total,415,9.7,
2024-05|NT448|C_100,2024-05,NT448,HUDDERSFIELD HOSPITAL,C_100,General Surgery Service,267,5.7,
2024-05|NT448|C_101,2024-05,NT448,HUDDERSFIELD HOSPITAL,C_101,Urology Service,106,3.7,
2024-05|NT448|C_110,2024-05,NT448,HUDDERSFIELD HOSPITAL,C_110,Trauma and Orthopaedic Service,274,5.8,
2024-05|NT448|C_502,2024-05,NT448,HUDDERSFIELD HOSPITAL,C_502,Gynaecology Service,238,3.7,
2024-05|NT448|C_999,2024-05,NT448,HUDDERSFIELD HOSPITAL,C_999,Total,890,4.9,
2024-05|NT448|X06,2024-05,NT448,HUDDERSFIELD HOSPITAL,X06,Other - Other Services,5,2.5,
2024-05|NT449|C_100,2024-05,NT449,LANCASTER HOSPITAL,C_100,General Surgery Service,119,7.1,
2024-05|NT449|C_110,2024-05,NT449,LANCASTER HOSPITAL,C_110,Trauma and Orthopaedic Service,217,5.9,
2024-05|NT449|C_150,2024-05,NT449,LANCASTER HOSPITAL,C_150,Neurosurgical Service,13,9.2,
2024-05|NT449|C_301,2024-05,NT449,LANCASTER HOSPITAL,C_301,Gastroenterology Service,8,11.5,
2024-05|NT449|C_999,2024-05,NT449,LANCASTER HOSPITAL,C_999,Total,359,6.4,
2024-05|NT449|X06,2024-05,NT449,LANCASTER HOSPITAL,X06,Other - Other Services,2,1.0,
2024-05|NT450|C_100,2024-05,NT450,LINCOLN HOSPITAL,C_100,General Surgery Service,20,10.0,
2024-05|NT450|C_101,2024-05,NT450,LINCOLN HOSPITAL,C_101,Urology Service,226,9.7,
2024-05|NT450|C_110,2024-05,NT450,LINCOLN HOSPITAL,C_110,Trauma and Orthopaedic Service,1100,10.4,
2024-05|NT450|C_130,2024-05,NT450,LINCOLN HOSPITAL,C_130,Ophthalmology Service,110,12.2,
2024-05|NT450|C_502,2024-05,NT450,LINCOLN HOSPITAL,C_502,Gynaecology Service,186,12.1,
2024-05|NT450|C_999,2024-05,NT450,LINCOLN HOSPITAL,C_999,Total,1647,10.7,
2024-05|NT450|X06,2024-05,NT450,LINCOLN HOSPITAL,X06,Other - Other Services,5,3.5,
2024-05|NT451|C_100,2024-05,NT451,CAVELL HOSPITAL,C_100,General Surgery Service,269,9.1,
2024-05|NT451|C_101,2024-05,NT451,CAVELL HOSPITAL,C_101,Urology Service,129,9.7,
2024-05|NT451|C_110,2024-05,NT451,CAVELL HOSPITAL,C_110,Trauma and Orthopaedic Service,271,10.1,
2024-05|NT451|C_120,2024-05,NT451,CAVELL HOSPITAL,C_120,Ear Nose and Throat Service,232,10.7,
2024-05|NT451|C_301,2024-05,NT451,CAVELL HOSPITAL,C_301,Gastroenterology Service,323,9.1,
2024-05|NT451|C_502,2024-05,NT451,CAVELL HOSPITAL,C_502,Gynaecology Service,253,10.0,
2024-05|NT451|C_999,2024-05,NT451,CAVELL HOSPITAL,C_999,Total,1547,9.3,
2024-05|NT451|X06,2024-05,NT451,CAVELL HOSPITAL,X06,Other - Other Services,70,2.9,
2024-05|NT455|C_100,2024-05,NT455,MOUNT ALVERNIA HOSPITAL,C_100,General Surgery Service,50,4.8,
2024-05|NT455|C_101,2024-05,NT455,MOUNT ALVERNIA HOSPITAL,C_101,Urology Service,43,7.1,
2024-05|NT455|C_110,2024-05,NT455,MOUNT ALVERNIA HOSPITAL,C_110,Trauma and Orthopaedic Service,64,6.6,
2024-05|NT455|C_301,2024-05,NT455,MOUNT ALVERNIA HOSPITAL,C_301,Gastroenterology Service,14,2.7,
2024-05|NT455|C_999,2024-05,NT455,MOUNT ALVERNIA HOSPITAL,C_999,Total,196,6.1,
2024-05|NT455|X06,2024-05,NT455,MOUNT ALVERNIA HOSPITAL,X06,Other - Other Services,25,7.2,
2024-05|NT457|C_100,2024-05,NT457,WOODLANDS HOSPITAL,C_100,General Surgery Service,288,9.0,
2024-05|NT457|C_101,2024-05,NT457,WOODLANDS HOSPITAL,C_101,Urology Service,174,7.8,
2024-05|NT457|C_110,2024-05,NT457,WOODLANDS HOSPITAL,C_110,Trauma and Orthopaedic Service,656,10.1,
2024-05|NT457|C_120,2024-05,NT457,WOODLANDS HOSPITAL,C_120,Ear Nose and Throat Service,109,9.2,
2024-05|NT457|C_130,2024-05,NT457,WOODLANDS HOSPITAL,C_130,Ophthalmology Service,354,5.5,
2024-05|NT457|C_502,2024-05,NT457,WOODLANDS HOSPITAL,C_502,Gynaecology Service,188,8.5,
2024-05|NT457|C_999,2024-05,NT457,WOODLANDS HOSPITAL,C_999,Total,1834,8.2,
2024-05|NT457|X06,2024-05,NT457,WOODLANDS HOSPITAL,X06,Other - Other Services,65,11.2,
2024-05|NT490|C_100,2024-05,NT490,SOUTHEND PRIVATE HOSPITAL,C_100,General Surgery Service,92,14.4,
2024-05|NT490|C_110,2024-05,NT490,SOUTHEND PRIVATE HOSPITAL,C_110,Trauma and Orthopaedic Service,100,6.8,
2024-05|NT490|C_120,2024-05,NT490,SOUTHEND PRIVATE HOSPITAL,C_120,Ear Nose and Throat Service,1,28.5,
2024-05|NT490|C_130,2024-05,NT490,SOUTHEND PRIVATE HOSPITAL,C_130,Ophthalmology Service,1141,9.6,
2024-05|NT490|C_330,2024-05,NT490,SOUTHEND PRIVATE HOSPITAL,C_330,Dermatology Service,10,2.3,
2024-05|NT490|C_999,2024-05,NT490,SOUTHEND PRIVATE HOSPITAL,C_999,Total,1483,9.4,
2024-05|NT490|X06,2024-05,NT490,SOUTHEND PRIVATE HOSPITAL,X06,Other - Other Services,139,8.3,
2024-05|NTE02|C_100,2024-05,NTE02,ST HUGH'S HOSPITAL,C_100,General Surgery Service,167,5.9,
2024-05|NTE02|C_101,2024-05,NTE02,ST HUGH'S HOSPITAL,C_101,Urology Service,83,8.5,
2024-05|NTE02|C_110,2024-05,NTE02,ST HUGH'S HOSPITAL,C_110,Trauma and Orthopaedic Service,868,6.2,
2024-05|NTE02|C_130,2024-05,NTE02,ST HUGH'S HOSPITAL,C_130,Ophthalmology Service,44,5.9,
2024-05|NTE02|C_301,2024-05,NTE02,ST HUGH'S HOSPITAL,C_301,Gastroenterology Service,301,27.4,
2024-05|NTE02|C_502,2024-05,NTE02,ST HUGH'S HOSPITAL,C_502,Gynaecology Service,283,8.8,
2024-05|NTE02|C_999,2024-05,NTE02,ST HUGH'S HOSPITAL,C_999,Total,1757,7.9,
2024-05|NTE02|X02,2024-05,NTE02,ST HUGH'S HOSPITAL,X02,Other - Medical Services,5,38.5,
2024-05|NTE02|X06,2024-05,NTE02,ST HUGH'S HOSPITAL,X06,Other - Other Services,6,38.5,
2024-05|NTP11|C_100,2024-05,NTP11,PRACTICE PLUS GROUP HOSPITAL - SOUTHAMPTON,C_100,General Surgery Service,1382,13.5,
2024-05|NTP11|C_101,2024-05,NTP11,PRACTICE PLUS GROUP HOSPITAL - SOUTHAMPTON,C_101,Urology Service,500,32.7,
2024-05|NTP11|C_110,2024-05,NTP11,PRACTICE PLUS GROUP HOSPITAL - SOUTHAMPTON,C_110,Trauma and Orthopaedic Service,1711,10.2,
2024-05|NTP11|C_120,2024-05,NTP11,PRACTICE PLUS GROUP HOSPITAL - SOUTHAMPTON,C_120,Ear Nose and Throat Service,830,12.9,
2024-05|NTP11|C_130,2024-05,NTP11,PRACTICE PLUS GROUP HOSPITAL - SOUTHAMPTON,C_130,Ophthalmology Service,607,26.1,
2024-05|NTP11|C_140,2024-05,NTP11,PRACTICE PLUS GROUP HOSPITAL - SOUTHAMPTON,C_140,Oral Surgery Service,3430,13.9,
2024-05|NTP11|C_301,2024-05,NTP11,PRACTICE PLUS GROUP HOSPITAL - SOUTHAMPTON,C_301,Gastroenterology Service,371,2.8,
2024-05|NTP11|C_502,2024-05,NTP11,PRACTICE PLUS GROUP HOSPITAL - SOUTHAMPTON,C_502,Gynaecology Service,871,14.5,
2024-05|NTP11|C_999,2024-05,NTP11,PRACTICE PLUS GROUP HOSPITAL - SOUTHAMPTON,C_999,Total,9702,13.4,
2024-05|NTP13|C_100,2024-05,NTP13,PRACTICE PLUS GROUP HOSPITAL - BARLBOROUGH,C_100,General Surgery Service,20,15.5,
2024-05|NTP13|C_110,2024-05,NTP13,PRACTICE PLUS GROUP HOSPITAL - BARLBOROUGH,C_110,Trauma and Orthopaedic Service,1390,9.3,
2024-05|NTP13|C_130,2024-05,NTP13,PRACTICE PLUS GROUP HOSPITAL - BARLBOROUGH,C_130,Ophthalmology Service,127,3.4,
2024-05|NTP13|C_999,2024-05,NTP13,PRACTICE PLUS GROUP HOSPITAL - BARLBOROUGH,C_999,Total,1537,8.8,
2024-05|NTP15|C_100,2024-05,NTP15,PRACTICE PLUS GROUP HOSPITAL - ILFORD,C_100,General Surgery Service,644,36.2,
2024-05|NTP15|C_101,2024-05,NTP15,PRACTICE PLUS GROUP HOSPITAL - ILFORD,C_101,Urology Service,417,15.3,
2024-05|NTP15|C_110,2024-05,NTP15,PRACTICE PLUS GROUP HOSPITAL - ILFORD,C_110,Trauma and Orthopaedic Service,2610,15.7,
2024-05|NTP15|C_120,2024-05,NTP15,PRACTICE PLUS GROUP HOSPITAL - ILFORD,C_120,Ear Nose and Throat Service,167,17.5,
2024-05|NTP15|C_130,2024-05,NTP15,PRACTICE PLUS GROUP HOSPITAL - ILFORD,C_130,Ophthalmology Service,105,5.6,
2024-05|NTP15|C_301,2024-05,NTP15,PRACTICE PLUS GROUP HOSPITAL - ILFORD,C_301,Gastroenterology Service,956,4.0,
2024-05|NTP15|C_502,2024-05,NTP15,PRACTICE PLUS GROUP HOSPITAL - ILFORD,C_502,Gynaecology Service,1102,23.1,
2024-05|NTP15|C_999,2024-05,NTP15,PRACTICE PLUS GROUP HOSPITAL - ILFORD,C_999,Total,6001,15.1,
2024-05|NTP16|C_100,2024-05,NTP16,PRACTICE PLUS GROUP SURGICAL CENTRE - GILLINGHAM,C_100,General Surgery Service,292,8.9,
2024-05|NTP16|C_110,2024-05,NTP16,PRACTICE PLUS GROUP SURGICAL CENTRE - GILLINGHAM,C_110,Trauma and Orthopaedic Service,270,21.0,
2024-05|NTP16|C_130,2024-05,NTP16,PRACTICE PLUS GROUP SURGICAL CENTRE - GILLINGHAM,C_130,Ophthalmology Service,331,5.7,
2024-05|NTP16|C_301,2024-05,NTP16,PRACTICE PLUS GROUP SURGICAL CENTRE - GILLINGHAM,C_301,Gastroenterology Service,447,6.8,
2024-05|NTP16|C_999,2024-05,NTP16,PRACTICE PLUS GROUP SURGICAL CENTRE - GILLINGHAM,C_999,Total,1340,8.7,
2024-05|NTPAD|C_100,2024-05,NTPAD,PRACTICE PLUS GROUP SURGICAL CENTRE - ST MARYS PORTSMOUTH,C_100,General Surgery Service,344,6.2,
2024-05|NTPAD|C_101,2024-05,NTPAD,PRACTICE PLUS GROUP SURGICAL CENTRE - ST MARYS PORTSMOUTH,C_101,Urology Service,106,6.4,
2024-05|NTPAD|C_110,2024-05,NTPAD,PRACTICE PLUS GROUP SURGICAL CENTRE - ST MARYS PORTSMOUTH,C_110,Trauma and Orthopaedic Service,341,6.9,
2024-05|NTPAD|C_120,2024-05,NTPAD,PRACTICE PLUS GROUP SURGICAL CENTRE - ST MARYS PORTSMOUTH,C_120,Ear Nose and Throat Service,114,6.7,
2024-05|NTPAD|C_130,2024-05,NTPAD,PRACTICE PLUS GROUP SURGICAL CENTRE - ST MARYS PORTSMOUTH,C_130,Ophthalmology Service,774,3.6,
2024-05|NTPAD|C_301,2024-05,NTPAD,PRACTICE PLUS GROUP SURGICAL CENTRE - ST MARYS PORTSMOUTH,C_301,Gastroenterology Service,423,3.2,
2024-05|NTPAD|C_320,2024-05,NTPAD,PRACTICE PLUS GROUP SURGICAL CENTRE - ST MARYS PORTSMOUTH,C_320,Cardiology Service,168,6.7,
2024-05|NTPAD|C_999,2024-05,NTPAD,PRACTICE PLUS GROUP SURGICAL CENTRE - ST MARYS PORTSMOUTH,C_999,Total,2270,4.7,
2024-05|NTPAE|C_130,2024-05,NTPAE,PRACTICE PLUS GROUP OPHTHALMOLOGY - NORTH WEST,C_130,Ophthalmology Service,833,5.5,
2024-05|NTPAE|C_999,2024-05,NTPAE,PRACTICE PLUS GROUP OPHTHALMOLOGY - NORTH WEST,C_999,Total,833,5.5,
2024-05|NTPH1|C_100,2024-05,NTPH1,PRACTICE PLUS GROUP HOSPITAL - SHEPTON MALLET,C_100,General Surgery Service,184,9.0,
2024-05|NTPH1|C_101,2024-05,NTPH1,PRACTICE PLUS GROUP HOSPITAL - SHEPTON MALLET,C_101,Urology Service,102,7.0,
2024-05|NTPH1|C_110,2024-05,NTPH1,PRACTICE PLUS GROUP HOSPITAL - SHEPTON MALLET,C_110,Trauma and Orthopaedic Service,1276,14.6,
2024-05|NTPH1|C_120,2024-05,NTPH1,PRACTICE PLUS GROUP HOSPITAL - SHEPTON MALLET,C_120,Ear Nose and Throat Service,527,28.7,
2024-05|NTPH1|C_130,2024-05,NTPH1,PRACTICE PLUS GROUP HOSPITAL - SHEPTON MALLET,C_130,Ophthalmology Service,528,10.5,
2024-05|NTPH1|C_301,2024-05,NTPH1,PRACTICE PLUS GROUP HOSPITAL - SHEPTON MALLET,C_301,Gastroenterology Service,276,4.6,
2024-05|NTPH1|C_502,2024-05,NTPH1,PRACTICE PLUS GROUP HOSPITAL - SHEPTON MALLET,C_502,Gynaecology Service,157,12.4,
2024-05|NTPH1|C_999,2024-05,NTPH1,PRACTICE PLUS GROUP HOSPITAL - SHEPTON MALLET,C_999,Total,3050,12.3,
2024-05|NTPH2|C_100,2024-05,NTPH2,PRACTICE PLUS GROUP HOSPITAL - EMERSONS GREEN,C_100,General Surgery Service,480,8.8,
2024-05|NTPH2|C_101,2024-05,NTPH2,PRACTICE PLUS GROUP HOSPITAL - EMERSONS GREEN,C_101,Urology Service,172,9.7,
2024-05|NTPH2|C_110,2024-05,NTPH2,PRACTICE PLUS GROUP HOSPITAL - EMERSONS GREEN,C_110,Trauma and Orthopaedic Service,754,11.6,
2024-05|NTPH2|C_120,2024-05,NTPH2,PRACTICE PLUS GROUP HOSPITAL - EMERSONS GREEN,C_120,Ear Nose and Throat Service,297,6.9,
2024-05|NTPH2|C_130,2024-05,NTPH2,PRACTICE PLUS GROUP HOSPITAL - EMERSONS GREEN,C_130,Ophthalmology Service,489,5.5,
2024-05|NTPH2|C_140,2024-05,NTPH2,PRACTICE PLUS GROUP HOSPITAL - EMERSONS GREEN,C_140,Oral Surgery Service,1905,8.7,
2024-05|NTPH2|C_301,2024-05,NTPH2,PRACTICE PLUS GROUP HOSPITAL - EMERSONS GREEN,C_301,Gastroenterology Service,422,2.8,
2024-05|NTPH2|C_502,2024-05,NTPH2,PRACTICE PLUS GROUP HOSPITAL - EMERSONS GREEN,C_502,Gynaecology Service,319,13.2,
2024-05|NTPH2|C_999,2024-05,NTPH2,PRACTICE PLUS GROUP HOSPITAL - EMERSONS GREEN,C_999,Total,4838,8.0,
2024-05|NTPH3|C_100,2024-05,NTPH3,PRACTICE PLUS GROUP SURGICAL CENTRE - DEVIZES,C_100,General Surgery Service,117,6.5,
2024-05|NTPH3|C_101,2024-05,NTPH3,PRACTICE PLUS GROUP SURGICAL CENTRE - DEVIZES,C_101,Urology Service,92,7.5,
2024-05|NTPH3|C_110,2024-05,NTPH3,PRACTICE PLUS GROUP SURGICAL CENTRE - DEVIZES,C_110,Trauma and Orthopaedic Service,324,8.9,
2024-05|NTPH3|C_120,2024-05,NTPH3,PRACTICE PLUS GROUP SURGICAL CENTRE - DEVIZES,C_120,Ear Nose and Throat Service,70,3.0,
2024-05|NTPH3|C_130,2024-05,NTPH3,PRACTICE PLUS GROUP SURGICAL CENTRE - DEVIZES,C_130,Ophthalmology Service,377,11.0,
2024-05|NTPH3|C_140,2024-05,NTPH3,PRACTICE PLUS GROUP SURGICAL CENTRE - DEVIZES,C_140,Oral Surgery Service,1019,6.3,
2024-05|NTPH3|C_301,2024-05,NTPH3,PRACTICE PLUS GROUP SURGICAL CENTRE - DEVIZES,C_301,Gastroenterology Service,175,1.9,
2024-05|NTPH3|C_502,2024-05,NTPH3,PRACTICE PLUS GROUP SURGICAL CENTRE - DEVIZES,C_502,Gynaecology Service,115,16.7,
2024-05|NTPH3|C_999,2024-05,NTPH3,PRACTICE PLUS GROUP SURGICAL CENTRE - DEVIZES,C_999,Total,2289,6.8,
2024-05|NTPH5|C_100,2024-05,NTPH5,PRACTICE PLUS GROUP HOSPITAL - PLYMOUTH,C_100,General Surgery Service,45,12.9,
2024-05|NTPH5|C_110,2024-05,NTPH5,PRACTICE PLUS GROUP HOSPITAL - PLYMOUTH,C_110,Trauma and Orthopaedic Service,1999,12.8,
2024-05|NTPH5|C_130,2024-05,NTPH5,PRACTICE PLUS GROUP HOSPITAL - PLYMOUTH,C_130,Ophthalmology Service,90,5.5,
2024-05|NTPH5|C_301,2024-05,NTPH5,PRACTICE PLUS GROUP HOSPITAL - PLYMOUTH,C_301,Gastroenterology Service,193,2.6,
2024-05|NTPH5|C_999,2024-05,NTPH5,PRACTICE PLUS GROUP HOSPITAL - PLYMOUTH,C_999,Total,2327,11.2,
2024-05|NTX|C_100,2024-05,NTX,THE ONE HEALTH GROUP PLC,C_100,General Surgery Service,633,6.2,
2024-05|NTX|C_110,2024-05,NTX,THE ONE HEALTH GROUP PLC,C_110,Trauma and Orthopaedic Service,2478,8.1,
2024-05|NTX|C_502,2024-05,NTX,THE ONE HEALTH GROUP PLC,C_502,Gynaecology Service,491,11.6,
2024-05|NTX|C_999,2024-05,NTX,THE ONE HEALTH GROUP PLC,C_999,Total,3602,8.0,
2024-05|NV1|C_120,2024-05,NV1,INHEALTH LIMITED,C_120,Ear Nose and Throat Service,455,4.9,
2024-05|NV1|C_301,2024-05,NV1,INHEALTH LIMITED,C_301,Gastroenterology Service,1411,2.0,
2024-05|NV1|C_999,2024-05,NV1,INHEALTH LIMITED,C_999,Total,1866,2.6,
2024-05|NVC01|C_100,2024-05,NVC01,ASHTEAD HOSPITAL,C_100,General Surgery Service,158,7.9,
2024-05|NVC01|C_101,2024-05,NVC01,ASHTEAD HOSPITAL,C_101,Urology Service,95,11.8,
2024-05|NVC01|C_110,2024-05,NVC01,ASHTEAD HOSPITAL,C_110,Trauma and Orthopaedic Service,269,10.3,
2024-05|NVC01|C_130,2024-05,NVC01,ASHTEAD HOSPITAL,C_130,Ophthalmology Service,77,4.2,
2024-05|NVC01|C_301,2024-05,NVC01,ASHTEAD HOSPITAL,C_301,Gastroenterology Service,100,8.3,
2024-05|NVC01|C_400,2024-05,NVC01,ASHTEAD HOSPITAL,C_400,Neurology Service,1,13.5,
2024-05|NVC01|C_999,2024-05,NVC01,ASHTEAD HOSPITAL,C_999,Total,700,9.1,
2024-05|NVC02|C_100,2024-05,NVC02,THE BERKSHIRE INDEPENDENT HOSPITAL,C_100,General Surgery Service,118,8.5,
2024-05|NVC02|C_101,2024-05,NVC02,THE BERKSHIRE INDEPENDENT HOSPITAL,C_101,Urology Service,233,11.2,
2024-05|NVC02|C_110,2024-05,NVC02,THE BERKSHIRE INDEPENDENT HOSPITAL,C_110,Trauma and Orthopaedic Service,552,9.9,
2024-05|NVC02|C_130,2024-05,NVC02,THE BERKSHIRE INDEPENDENT HOSPITAL,C_130,Ophthalmology Service,36,2.0,
2024-05|NVC02|C_301,2024-05,NVC02,THE BERKSHIRE INDEPENDENT HOSPITAL,C_301,Gastroenterology Service,1,3.5,
2024-05|NVC02|C_502,2024-05,NVC02,THE BERKSHIRE INDEPENDENT HOSPITAL,C_502,Gynaecology Service,139,9.2,
2024-05|NVC02|C_999,2024-05,NVC02,THE BERKSHIRE INDEPENDENT HOSPITAL,C_999,Total,1079,9.5,
2024-05|NVC04|C_100,2024-05,NVC04,DUCHY HOSPITAL,C_100,General Surgery Service,318,12.3,
2024-05|NVC04|C_110,2024-05,NVC04,DUCHY HOSPITAL,C_110,Trauma and Orthopaedic Service,1111,20.3,
2024-05|NVC04|C_320,2024-05,NVC04,DUCHY HOSPITAL,C_320,Cardiology Service,224,31.2,
2024-05|NVC04|C_999,2024-05,NVC04,DUCHY HOSPITAL,C_999,Total,1668,19.6,
2024-05|NVC04|X06,2024-05,NVC04,DUCHY HOSPITAL,X06,Other - Other Services,15,11.5,
2024-05|NVC05|C_100,2024-05,NVC05,EUXTON HALL HOSPITAL,C_100,General Surgery Service,412,7.1,
2024-05|NVC05|C_101,2024-05,NVC05,EUXTON HALL HOSPITAL,C_101,Urology Service,3,29.5,
2024-05|NVC05|C_110,2024-05,NVC05,EUXTON HALL HOSPITAL,C_110,Trauma and Orthopaedic Service,1595,10.7,
2024-05|NVC05|C_120,2024-05,NVC05,EUXTON HALL HOSPITAL,C_120,Ear Nose and Throat Service,7,20.5,
2024-05|NVC05|C_160,2024-05,NVC05,EUXTON HALL HOSPITAL,C_160,Plastic Surgery Service,3,7.5,
2024-05|NVC05|C_502,2024-05,NVC05,EUXTON HALL HOSPITAL,C_502,Gynaecology Service,276,15.3,
2024-05|NVC05|C_999,2024-05,NVC05,EUXTON HALL HOSPITAL,C_999,Total,2710,11.2,
2024-05|NVC05|X02,2024-05,NVC05,EUXTON HALL HOSPITAL,X02,Other - Medical Services,413,14.4,
2024-05|NVC05|X06,2024-05,NVC05,EUXTON HALL HOSPITAL,X06,Other - Other Services,1,10.5,
2024-05|NVC06|C_100,2024-05,NVC06,FITZWILLIAM HOSPITAL,C_100,General Surgery Service,418,10.0,
2024-05|NVC06|C_101,2024-05,NVC06,FITZWILLIAM HOSPITAL,C_101,Urology Service,181,8.5,
2024-05|NVC06|C_110,2024-05,NVC06,FITZWILLIAM HOSPITAL,C_110,Trauma and Orthopaedic Service,4612,18.9,
2024-05|NVC06|C_130,2024-05,NVC06,FITZWILLIAM HOSPITAL,C_130,Ophthalmology Service,317,16.7,
2024-05|NVC06|C_300,2024-05,NVC06,FITZWILLIAM HOSPITAL,C_300,General Internal Medicine Service,196,9.9,
2024-05|NVC06|C_301,2024-05,NVC06,FITZWILLIAM HOSPITAL,C_301,Gastroenterology Service,77,29.5,
2024-05|NVC06|C_410,2024-05,NVC06,FITZWILLIAM HOSPITAL,C_410,Rheumatology Service,55,8.8,
2024-05|NVC06|C_502,2024-05,NVC06,FITZWILLIAM HOSPITAL,C_502,Gynaecology Service,647,13.1,
2024-05|NVC06|C_999,2024-05,NVC06,FITZWILLIAM HOSPITAL,C_999,Total,6994,16.0,
2024-05|NVC06|X02,2024-05,NVC06,FITZWILLIAM HOSPITAL,X02,Other - Medical Services,478,10.5,
2024-05|NVC06|X06,2024-05,NVC06,FITZWILLIAM HOSPITAL,X06,Other - Other Services,13,17.5,
2024-05|NVC07|C_100,2024-05,NVC07,FULWOOD HALL HOSPITAL,C_100,General Surgery Service,448,10.2,
2024-05|NVC07|C_101,2024-05,NVC07,FULWOOD HALL HOSPITAL,C_101,Urology Service,553,11.1,
2024-05|NVC07|C_110,2024-05,NVC07,FULWOOD HALL HOSPITAL,C_110,Trauma and Orthopaedic Service,2569,13.1,
2024-05|NVC07|C_130,2024-05,NVC07,FULWOOD HALL HOSPITAL,C_130,Ophthalmology Service,214,6.2,
2024-05|NVC07|C_160,2024-05,NVC07,FULWOOD HALL HOSPITAL,C_160,Plastic Surgery Service,15,10.5,
2024-05|NVC07|C_300,2024-05,NVC07,FULWOOD HALL HOSPITAL,C_300,General Internal Medicine Service,1,8.5,
2024-05|NVC07|C_301,2024-05,NVC07,FULWOOD HALL HOSPITAL,C_301,Gastroenterology Service,43,6.5,
2024-05|NVC07|C_502,2024-05,NVC07,FULWOOD HALL HOSPITAL,C_502,Gynaecology Service,797,15.5,
2024-05|NVC07|C_999,2024-05,NVC07,FULWOOD HALL HOSPITAL,C_999,Total,5392,11.2,
2024-05|NVC07|X02,2024-05,NVC07,FULWOOD HALL HOSPITAL,X02,Other - Medical Services,752,6.9,
2024-05|NVC08|C_100,2024-05,NVC08,MOUNT STUART HOSPITAL,C_100,General Surgery Service,239,14.4,
2024-05|NVC08|C_101,2024-05,NVC08,MOUNT STUART HOSPITAL,C_101,Urology Service,195,20.2,
2024-05|NVC08|C_110,2024-05,NVC08,MOUNT STUART HOSPITAL,C_110,Trauma and Orthopaedic Service,894,19.4,
2024-05|NVC08|C_130,2024-05,NVC08,MOUNT STUART HOSPITAL,C_130,Ophthalmology Service,234,14.5,
2024-05|NVC08|C_160,2024-05,NVC08,MOUNT STUART HOSPITAL,C_160,Plastic Surgery Service,78,19.0,
2024-05|NVC08|C_502,2024-05,NVC08,MOUNT STUART HOSPITAL,C_502,Gynaecology Service,369,22.9,
2024-05|NVC08|C_999,2024-05,NVC08,MOUNT STUART HOSPITAL,C_999,Total,2009,18.6,
2024-05|NVC09|C_100,2024-05,NVC09,NEW HALL HOSPITAL,C_100,General Surgery Service,119,6.9,
2024-05|NVC09|C_101,2024-05,NVC09,NEW HALL HOSPITAL,C_101,Urology Service,246,9.9,
2024-05|NVC09|C_110,2024-05,NVC09,NEW HALL HOSPITAL,C_110,Trauma and Orthopaedic Service,2837,11.8,
2024-05|NVC09|C_130,2024-05,NVC09,NEW HALL HOSPITAL,C_130,Ophthalmology Service,167,7.8,
2024-05|NVC09|C_301,2024-05,NVC09,NEW HALL HOSPITAL,C_301,Gastroenterology Service,123,11.6,
2024-05|NVC09|C_400,2024-05,NVC09,NEW HALL HOSPITAL,C_400,Neurology Service,5,18.5,
2024-05|NVC09|C_410,2024-05,NVC09,NEW HALL HOSPITAL,C_410,Rheumatology Service,1,13.5,
2024-05|NVC09|C_502,2024-05,NVC09,NEW HALL HOSPITAL,C_502,Gynaecology Service,146,8.2,
2024-05|NVC09|C_999,2024-05,NVC09,NEW HALL HOSPITAL,C_999,Total,3645,11.2,
2024-05|NVC09|X06,2024-05,NVC09,NEW HALL HOSPITAL,X06,Other - Other Services,1,4.5,
2024-05|NVC0I|C_100,2024-05,NVC0I,BEACON PARK HOSPITAL,C_100,General Surgery Service,127,18.4,
2024-05|NVC0I|C_101,2024-05,NVC0I,BEACON PARK HOSPITAL,C_101,Urology Service,208,7.9,
2024-05|NVC0I|C_110,2024-05,NVC0I,BEACON PARK HOSPITAL,C_110,Trauma and Orthopaedic Service,521,12.0,
2024-05|NVC0I|C_130,2024-05,NVC0I,BEACON PARK HOSPITAL,C_130,Ophthalmology Service,278,5.5,
2024-05|NVC0I|C_301,2024-05,NVC0I,BEACON PARK HOSPITAL,C_301,Gastroenterology Service,157,8.9,
2024-05|NVC0I|C_502,2024-05,NVC0I,BEACON PARK HOSPITAL,C_502,Gynaecology Service,271,15.8,
2024-05|NVC0I|C_999,2024-05,NVC0I,BEACON PARK HOSPITAL,C_999,Total,1654,9.9,
2024-05|NVC0I|X02,2024-05,NVC0I,BEACON PARK HOSPITAL,X02,Other - Medical Services,92,7.5,
2024-05|NVC0R|C_100,2024-05,NVC0R,TEES VALLEY HOSPITAL,C_100,General Surgery Service,449,5.5,
2024-05|NVC0R|C_101,2024-05,NVC0R,TEES VALLEY HOSPITAL,C_101,Urology Service,482,8.0,
2024-05|NVC0R|C_110,2024-05,NVC0R,TEES VALLEY HOSPITAL,C_110,Trauma and Orthopaedic Service,907,9.3,
2024-05|NVC0R|C_140,2024-05,NVC0R,TEES VALLEY HOSPITAL,C_140,Oral Surgery Service,221,3.9,
2024-05|NVC0R|C_160,2024-05,NVC0R,TEES VALLEY HOSPITAL,C_160,Plastic Surgery Service,430,4.1,
2024-05|NVC0R|C_301,2024-05,NVC0R,TEES VALLEY HOSPITAL,C_301,Gastroenterology Service,319,5.0,
2024-05|NVC0R|C_330,2024-05,NVC0R,TEES VALLEY HOSPITAL,C_330,Dermatology Service,434,4.8,
2024-05|NVC0R|C_502,2024-05,NVC0R,TEES VALLEY HOSPITAL,C_502,Gynaecology Service,299,14.5,
2024-05|NVC0R|C_999,2024-05,NVC0R,TEES VALLEY HOSPITAL,C_999,Total,3541,6.1,
2024-05|NVC0Y|C_101,2024-05,NVC0Y,EXETER MEDICAL,C_101,Urology Service,186,12.4,
2024-05|NVC0Y|C_110,2024-05,NVC0Y,EXETER MEDICAL,C_110,Trauma and Orthopaedic Service,37,13.2,
2024-05|NVC0Y|C_160,2024-05,NVC0Y,EXETER MEDICAL,C_160,Plastic Surgery Service,81,11.8,
2024-05|NVC0Y|C_330,2024-05,NVC0Y,EXETER MEDICAL,C_330,Dermatology Service,83,10.1,
2024-05|NVC0Y|C_999,2024-05,NVC0Y,EXETER MEDICAL,C_999,Total,387,11.7,
2024-05|NVC11|C_100,2024-05,NVC11,NORTH DOWNS HOSPITAL,C_100,General Surgery Service,264,19.5,
2024-05|NVC11|C_101,2024-05,NVC11,NORTH DOWNS HOSPITAL,C_101,Urology Service,172,23.0,
2024-05|NVC11|C_110,2024-05,NVC11,NORTH DOWNS HOSPITAL,C_110,Trauma and Orthopaedic Service,1069,15.5,
2024-05|NVC11|C_130,2024-05,NVC11,NORTH DOWNS HOSPITAL,C_130,Ophthalmology Service,235,20.4,
2024-05|NVC11|C_160,2024-05,NVC11,NORTH DOWNS HOSPITAL,C_160,Plastic Surgery Service,20,16.5,
2024-05|NVC11|C_301,2024-05,NVC11,NORTH DOWNS HOSPITAL,C_301,Gastroenterology Service,48,29.0,
2024-05|NVC11|C_502,2024-05,NVC11,NORTH DOWNS HOSPITAL,C_502,Gynaecology Service,208,15.2,
2024-05|NVC11|C_999,2024-05,NVC11,NORTH DOWNS HOSPITAL,C_999,Total,2112,17.0,
2024-05|NVC11|X02,2024-05,NVC11,NORTH DOWNS HOSPITAL,X02,Other - Medical Services,95,16.6,
2024-05|NVC11|X06,2024-05,NVC11,NORTH DOWNS HOSPITAL,X06,Other - Other Services,1,9.5,
2024-05|NVC12|C_100,2024-05,NVC12,OAKLANDS HOSPITAL,C_100,General Surgery Service,1890,15.4,
2024-05|NVC12|C_101,2024-05,NVC12,OAKLANDS HOSPITAL,C_101,Urology Service,306,14.3,
2024-05|NVC12|C_110,2024-05,NVC12,OAKLANDS HOSPITAL,C_110,Trauma and Orthopaedic Service,4048,15.9,
2024-05|NVC12|C_120,2024-05,NVC12,OAKLANDS HOSPITAL,C_120,Ear Nose and Throat Service,68,38.0,
2024-05|NVC12|C_130,2024-05,NVC12,OAKLANDS HOSPITAL,C_130,Ophthalmology Service,12,12.0,
2024-05|NVC12|C_301,2024-05,NVC12,OAKLANDS HOSPITAL,C_301,Gastroenterology Service,234,15.8,
2024-05|NVC12|C_320,2024-05,NVC12,OAKLANDS HOSPITAL,C_320,Cardiology Service,23,3.5,
2024-05|NVC12|C_330,2024-05,NVC12,OAKLANDS HOSPITAL,C_330,Dermatology Service,1,9.5,
2024-05|NVC12|C_502,2024-05,NVC12,OAKLANDS HOSPITAL,C_502,Gynaecology Service,388,48.2,
2024-05|NVC12|C_999,2024-05,NVC12,OAKLANDS HOSPITAL,C_999,Total,6971,16.7,
2024-05|NVC12|X05,2024-05,NVC12,OAKLANDS HOSPITAL,X05,Other - Surgical Services,1,17.5,
2024-05|NVC13|C_100,2024-05,NVC13,OAKS HOSPITAL,C_100,General Surgery Service,184,17.3,
2024-05|NVC13|C_101,2024-05,NVC13,OAKS HOSPITAL,C_101,Urology Service,27,23.5,
2024-05|NVC13|C_110,2024-05,NVC13,OAKS HOSPITAL,C_110,Trauma and Orthopaedic Service,336,24.8,
2024-05|NVC13|C_120,2024-05,NVC13,OAKS HOSPITAL,C_120,Ear Nose and Throat Service,66,29.0,
2024-05|NVC13|C_130,2024-05,NVC13,OAKS HOSPITAL,C_130,Ophthalmology Service,46,13.0,
2024-05|NVC13|C_301,2024-05,NVC13,OAKS HOSPITAL,C_301,Gastroenterology Service,28,12.0,
2024-05|NVC13|C_400,2024-05,NVC13,OAKS HOSPITAL,C_400,Neurology Service,4,8.5,
2024-05|NVC13|C_502,2024-05,NVC13,OAKS HOSPITAL,C_502,Gynaecology Service,188,13.0,
2024-05|NVC13|C_999,2024-05,NVC13,OAKS HOSPITAL,C_999,Total,937,17.7,
2024-05|NVC13|X02,2024-05,NVC13,OAKS HOSPITAL,X02,Other - Medical Services,57,11.8,
2024-05|NVC13|X06,2024-05,NVC13,OAKS HOSPITAL,X06,Other - Other Services,1,28.5,
2024-05|NVC14|C_110,2024-05,NVC14,PARK HILL HOSPITAL,C_110,Trauma and Orthopaedic Service,1062,13.9,
2024-05|NVC14|C_999,2024-05,NVC14,PARK HILL HOSPITAL,C_999,Total,1062,13.9,
2024-05|NVC15|C_100,2024-05,NVC15,PINEHILL HOSPITAL,C_100,General Surgery Service,302,8.5,
2024-05|NVC15|C_101,2024-05,NVC15,PINEHILL HOSPITAL,C_101,Urology Service,25,9.2,
2024-05|NVC15|C_110,2024-05,NVC15,PINEHILL HOSPITAL,C_110,Trauma and Orthopaedic Service,817,10.5,
2024-05|NVC15|C_130,2024-05,NVC15,PINEHILL HOSPITAL,C_130,Ophthalmology Service,109,9.1,
2024-05|NVC15|C_301,2024-05,NVC15,PINEHILL HOSPITAL,C_301,Gastroenterology Service,42,2.7,
2024-05|NVC15|C_502,2024-05,NVC15,PINEHILL HOSPITAL,C_502,Gynaecology Service,1,15.5,
2024-05|NVC15|C_999,2024-05,NVC15,PINEHILL HOSPITAL,C_999,Total,1391,9.7,
2024-05|NVC15|X02,2024-05,NVC15,PINEHILL HOSPITAL,X02,Other - Medical Services,90,9.0,
2024-05|NVC15|X06,2024-05,NVC15,PINEHILL HOSPITAL,X06,Other - Other Services,5,23.5,
2024-05|NVC16|C_100,2024-05,NVC16,RENACRES HOSPITAL,C_100,General Surgery Service,495,9.2,
2024-05|NVC16|C_101,2024-05,NVC16,RENACRES HOSPITAL,C_101,Urology Service,282,5.4,
2024-05|NVC16|C_110,2024-05,NVC16,RENACRES HOSPITAL,C_110,Trauma and Orthopaedic Service,1984,7.9,
2024-05|NVC16|C_120,2024-05,NVC16,RENACRES HOSPITAL,C_120,Ear Nose and Throat Service,59,20.2,
2024-05|NVC16|C_160,2024-05,NVC16,RENACRES HOSPITAL,C_160,Plastic Surgery Service,12,4.0,
2024-05|NVC16|C_301,2024-05,NVC16,RENACRES HOSPITAL,C_301,Gastroenterology Service,151,6.9,
2024-05|NVC16|C_400,2024-05,NVC16,RENACRES HOSPITAL,C_400,Neurology Service,1,12.5,
2024-05|NVC16|C_502,2024-05,NVC16,RENACRES HOSPITAL,C_502,Gynaecology Service,1,19.5,
2024-05|NVC16|C_999,2024-05,NVC16,RENACRES HOSPITAL,C_999,Total,3749,7.6,
2024-05|NVC16|X02,2024-05,NVC16,RENACRES HOSPITAL,X02,Other - Medical Services,762,7.0,
2024-05|NVC16|X06,2024-05,NVC16,RENACRES HOSPITAL,X06,Other - Other Services,2,16.0,
2024-05|NVC17|C_100,2024-05,NVC17,ROWLEY HALL HOSPITAL,C_100,General Surgery Service,278,9.2,
2024-05|NVC17|C_101,2024-05,NVC17,ROWLEY HALL HOSPITAL,C_101,Urology Service,18,12.0,
2024-05|NVC17|C_110,2024-05,NVC17,ROWLEY HALL HOSPITAL,C_110,Trauma and Orthopaedic Service,1985,12.0,
2024-05|NVC17|C_301,2024-05,NVC17,ROWLEY HALL HOSPITAL,C_301,Gastroenterology Service,47,5.9,
2024-05|NVC17|C_330,2024-05,NVC17,ROWLEY HALL HOSPITAL,C_330,Dermatology Service,1,34.5,
2024-05|NVC17|C_502,2024-05,NVC17,ROWLEY HALL HOSPITAL,C_502,Gynaecology Service,480,13.0,
2024-05|NVC17|C_999,2024-05,NVC17,ROWLEY HALL HOSPITAL,C_999,Total,2968,11.9,
2024-05|NVC17|X02,2024-05,NVC17,ROWLEY HALL HOSPITAL,X02,Other - Medical Services,152,15.5,
2024-05|NVC17|X06,2024-05,NVC17,ROWLEY HALL HOSPITAL,X06,Other - Other Services,7,21.2,
2024-05|NVC18|C_100,2024-05,NVC18,SPRINGFIELD HOSPITAL,C_100,General Surgery Service,562,10.8,
2024-05|NVC18|C_101,2024-05,NVC18,SPRINGFIELD HOSPITAL,C_101,Urology Service,985,11.6,
2024-05|NVC18|C_110,2024-05,NVC18,SPRINGFIELD HOSPITAL,C_110,Trauma and Orthopaedic Service,1782,9.9,
2024-05|NVC18|C_120,2024-05,NVC18,SPRINGFIELD HOSPITAL,C_120,Ear Nose and Throat Service,1307,11.5,
2024-05|NVC18|C_160,2024-05,NVC18,SPRINGFIELD HOSPITAL,C_160,Plastic Surgery Service,77,14.5,
2024-05|NVC18|C_301,2024-05,NVC18,SPRINGFIELD HOSPITAL,C_301,Gastroenterology Service,243,12.2,
2024-05|NVC18|C_400,2024-05,NVC18,SPRINGFIELD HOSPITAL,C_400,Neurology Service,5,2.8,
2024-05|NVC18|C_502,2024-05,NVC18,SPRINGFIELD HOSPITAL,C_502,Gynaecology Service,441,16.4,
2024-05|NVC18|C_999,2024-05,NVC18,SPRINGFIELD HOSPITAL,C_999,Total,5405,10.9,
2024-05|NVC18|X05,2024-05,NVC18,SPRINGFIELD HOSPITAL,X05,Other - Surgical Services,2,17.0,
2024-05|NVC18|X06,2024-05,NVC18,SPRINGFIELD HOSPITAL,X06,Other - Other Services,1,28.5,
2024-05|NVC19|C_100,2024-05,NVC19,RIVERS HOSPITAL,C_100,General Surgery Service,360,10.2,
2024-05|NVC19|C_101,2024-05,NVC19,RIVERS HOSPITAL,C_101,Urology Service,522,10.1,
2024-05|NVC19|C_110,2024-05,NVC19,RIVERS HOSPITAL,C_110,Trauma and Orthopaedic Service,1408,12.6,
2024-05|NVC19|C_120,2024-05,NVC19,RIVERS HOSPITAL,C_120,Ear Nose and Throat Service,115,9.6,
2024-05|NVC19|C_130,2024-05,NVC19,RIVERS HOSPITAL,C_130,Ophthalmology Service,305,6.5,
2024-05|NVC19|C_301,2024-05,NVC19,RIVERS HOSPITAL,C_301,Gastroenterology Service,759,11.0,
2024-05|NVC19|C_502,2024-05,NVC19,RIVERS HOSPITAL,C_502,Gynaecology Service,508,17.7,
2024-05|NVC19|C_999,2024-05,NVC19,RIVERS HOSPITAL,C_999,Total,4090,11.4,
2024-05|NVC19|X02,2024-05,NVC19,RIVERS HOSPITAL,X02,Other - Medical Services,106,17.8,
2024-05|NVC19|X06,2024-05,NVC19,RIVERS HOSPITAL,X06,Other - Other Services,7,0.7,
2024-05|NVC1H|C_100,2024-05,NVC1H,STOURSIDE HOSPITAL,C_100,General Surgery Service,455,7.4,
2024-05|NVC1H|C_101,2024-05,NVC1H,STOURSIDE HOSPITAL,C_101,Urology Service,307,14.6,
2024-05|NVC1H|C_110,2024-05,NVC1H,STOURSIDE HOSPITAL,C_110,Trauma and Orthopaedic Service,1619,13.5,
2024-05|NVC1H|C_120,2024-05,NVC1H,STOURSIDE HOSPITAL,C_120,Ear Nose and Throat Service,3,17.5,
2024-05|NVC1H|C_130,2024-05,NVC1H,STOURSIDE HOSPITAL,C_130,Ophthalmology Service,208,4.9,
2024-05|NVC1H|C_301,2024-05,NVC1H,STOURSIDE HOSPITAL,C_301,Gastroenterology Service,21,24.5,
2024-05|NVC1H|C_502,2024-05,NVC1H,STOURSIDE HOSPITAL,C_502,Gynaecology Service,483,13.4,
2024-05|NVC1H|C_999,2024-05,NVC1H,STOURSIDE HOSPITAL,C_999,Total,3281,12.0,
2024-05|NVC1H|X02,2024-05,NVC1H,STOURSIDE HOSPITAL,X02,Other - Medical Services,182,9.6,
2024-05|NVC1H|X06,2024-05,NVC1H,STOURSIDE HOSPITAL,X06,Other - Other Services,3,20.5,
2024-05|NVC20|C_100,2024-05,NVC20,THE YORKSHIRE CLINIC,C_100,General Surgery Service,1646,10.5,
2024-05|NVC20|C_101,2024-05,NVC20,THE YORKSHIRE CLINIC,C_101,Urology Service,1043,10.7,
2024-05|NVC20|C_110,2024-05,NVC20,THE YORKSHIRE CLINIC,C_110,Trauma and Orthopaedic Service,1522,12.3,
2024-05|NVC20|C_120,2024-05,NVC20,THE YORKSHIRE CLINIC,C_120,Ear Nose and Throat Service,647,10.9,
2024-05|NVC20|C_130,2024-05,NVC20,THE YORKSHIRE CLINIC,C_130,Ophthalmology Service,492,4.5,
2024-05|NVC20|C_160,2024-05,NVC20,THE YORKSHIRE CLINIC,C_160,Plastic Surgery Service,381,13.2,
2024-05|NVC20|C_300,2024-05,NVC20,THE YORKSHIRE CLINIC,C_300,General Internal Medicine Service,6,1.8,
2024-05|NVC20|C_301,2024-05,NVC20,THE YORKSHIRE CLINIC,C_301,Gastroenterology Service,230,9.0,
2024-05|NVC20|C_340,2024-05,NVC20,THE YORKSHIRE CLINIC,C_340,Respiratory Medicine Service,326,5.3,
2024-05|NVC20|C_400,2024-05,NVC20,THE YORKSHIRE CLINIC,C_400,Neurology Service,287,20.8,
2024-05|NVC20|C_502,2024-05,NVC20,THE YORKSHIRE CLINIC,C_502,Gynaecology Service,271,9.3,
2024-05|NVC20|C_999,2024-05,NVC20,THE YORKSHIRE CLINIC,C_999,Total,7967,9.8,
2024-05|NVC20|X02,2024-05,NVC20,THE YORKSHIRE CLINIC,X02,Other - Medical Services,1116,10.0,
2024-05|NVC21|C_100,2024-05,NVC21,WEST MIDLANDS HOSPITAL,C_100,General Surgery Service,247,10.9,
2024-05|NVC21|C_101,2024-05,NVC21,WEST MIDLANDS HOSPITAL,C_101,Urology Service,174,26.7,
2024-05|NVC21|C_110,2024-05,NVC21,WEST MIDLANDS HOSPITAL,C_110,Trauma and Orthopaedic Service,403,13.5,
2024-05|NVC21|C_130,2024-05,NVC21,WEST MIDLANDS HOSPITAL,C_130,Ophthalmology Service,1,51.5,
2024-05|NVC21|C_301,2024-05,NVC21,WEST MIDLANDS HOSPITAL,C_301,Gastroenterology Service,23,27.2,
2024-05|NVC21|C_502,2024-05,NVC21,WEST MIDLANDS HOSPITAL,C_502,Gynaecology Service,74,20.0,
2024-05|NVC21|C_999,2024-05,NVC21,WEST MIDLANDS HOSPITAL,C_999,Total,945,15.3,
2024-05|NVC21|X02,2024-05,NVC21,WEST MIDLANDS HOSPITAL,X02,Other - Medical Services,18,10.7,
2024-05|NVC21|X06,2024-05,NVC21,WEST MIDLANDS HOSPITAL,X06,Other - Other Services,5,47.5,
2024-05|NVC22|C_100,2024-05,NVC22,WINFIELD HOSPITAL,C_100,General Surgery Service,184,7.1,
2024-05|NVC22|C_101,2024-05,NVC22,WINFIELD HOSPITAL,C_101,Urology Service,35,4.1,
2024-05|NVC22|C_110,2024-05,NVC22,WINFIELD HOSPITAL,C_110,Trauma and Orthopaedic Service,620,10.3,
2024-05|NVC22|C_120,2024-05,NVC22,WINFIELD HOSPITAL,C_120,Ear Nose and Throat Service,51,5.5,
2024-05|NVC22|C_160,2024-05,NVC22,WINFIELD HOSPITAL,C_160,Plastic Surgery Service,48,5.9,
2024-05|NVC22|C_301,2024-05,NVC22,WINFIELD HOSPITAL,C_301,Gastroenterology Service,106,4.1,
2024-05|NVC22|C_999,2024-05,NVC22,WINFIELD HOSPITAL,C_999,Total,1044,7.7,
2024-05|NVC23|C_100,2024-05,NVC23,WOODLAND HOSPITAL,C_100,General Surgery Service,412,8.2,
2024-05|NVC23|C_101,2024-05,NVC23,WOODLAND HOSPITAL,C_101,Urology Service,446,10.0,
2024-05|NVC23|C_110,2024-05,NVC23,WOODLAND HOSPITAL,C_110,Trauma and Orthopaedic Service,3544,14.3,
2024-05|NVC23|C_120,2024-05,NVC23,WOODLAND HOSPITAL,C_120,Ear Nose and Throat Service,6,33.0,
2024-05|NVC23|C_130,2024-05,NVC23,WOODLAND HOSPITAL,C_130,Ophthalmology Service,11,19.5,
2024-05|NVC23|C_160,2024-05,NVC23,WOODLAND HOSPITAL,C_160,Plastic Surgery Service,33,17.5,
2024-05|NVC23|C_301,2024-05,NVC23,WOODLAND HOSPITAL,C_301,Gastroenterology Service,2,7.0,
2024-05|NVC23|C_400,2024-05,NVC23,WOODLAND HOSPITAL,C_400,Neurology Service,9,25.5,
2024-05|NVC23|C_502,2024-05,NVC23,WOODLAND HOSPITAL,C_502,Gynaecology Service,793,17.7,
2024-05|NVC23|C_999,2024-05,NVC23,WOODLAND HOSPITAL,C_999,Total,5260,13.9,
2024-05|NVC23|X02,2024-05,NVC23,WOODLAND HOSPITAL,X02,Other - Medical Services,4,29.0,
2024-05|NVC25|C_110,2024-05,NVC25,THE CHERWELL HOSPITAL,C_110,Trauma and Orthopaedic Service,1788,11.7,
2024-05|NVC25|C_130,2024-05,NVC25,THE CHERWELL HOSPITAL,C_130,Ophthalmology Service,3,69.5,
2024-05|NVC25|C_999,2024-05,NVC25,THE CHERWELL HOSPITAL,C_999,Total,1791,11.8,
2024-05|NVC27|C_100,2024-05,NVC27,BOSTON WEST HOSPITAL,C_100,General Surgery Service,142,7.8,
2024-05|NVC27|C_101,2024-05,NVC27,BOSTON WEST HOSPITAL,C_101,Urology Service,160,7.4,
2024-05|NVC27|C_110,2024-05,NVC27,BOSTON WEST HOSPITAL,C_110,Trauma and Orthopaedic Service,693,16.2,
2024-05|NVC27|C_130,2024-05,NVC27,BOSTON WEST HOSPITAL,C_130,Ophthalmology Service,578,9.1,
2024-05|NVC27|C_301,2024-05,NVC27,BOSTON WEST HOSPITAL,C_301,Gastroenterology Service,166,5.6,
2024-05|NVC27|C_502,2024-05,NVC27,BOSTON WEST HOSPITAL,C_502,Gynaecology Service,233,11.0,
2024-05|NVC27|C_999,2024-05,NVC27,BOSTON WEST HOSPITAL,C_999,Total,1975,11.0,
2024-05|NVC27|X06,2024-05,NVC27,BOSTON WEST HOSPITAL,X06,Other - Other Services,3,11.5,
2024-05|NVC28|C_100,2024-05,NVC28,CLIFTON PARK HOSPITAL,C_100,General Surgery Service,1,28.5,
2024-05|NVC28|C_110,2024-05,NVC28,CLIFTON PARK HOSPITAL,C_110,Trauma and Orthopaedic Service,1752,12.3,
2024-05|NVC28|C_160,2024-05,NVC28,CLIFTON PARK HOSPITAL,C_160,Plastic Surgery Service,1,0.5,
2024-05|NVC28|C_400,2024-05,NVC28,CLIFTON PARK HOSPITAL,C_400,Neurology Service,1,26.5,
2024-05|NVC28|C_999,2024-05,NVC28,CLIFTON PARK HOSPITAL,C_999,Total,1764,12.3,
2024-05|NVC28|X02,2024-05,NVC28,CLIFTON PARK HOSPITAL,X02,Other - Medical Services,3,15.5,
2024-05|NVC28|X05,2024-05,NVC28,CLIFTON PARK HOSPITAL,X05,Other - Surgical Services,1,27.5,
2024-05|NVC28|X06,2024-05,NVC28,CLIFTON PARK HOSPITAL,X06,Other - Other Services,5,18.5,
2024-05|NVC29|C_100,2024-05,NVC29,COBALT HOSPITAL,C_100,General Surgery Service,284,12.5,
2024-05|NVC29|C_110,2024-05,NVC29,COBALT HOSPITAL,C_110,Trauma and Orthopaedic Service,231,9.6,
2024-05|NVC29|C_160,2024-05,NVC29,COBALT HOSPITAL,C_160,Plastic Surgery Service,536,7.7,
2024-05|NVC29|C_301,2024-05,NVC29,COBALT HOSPITAL,C_301,Gastroenterology Service,519,5.3,
2024-05|NVC29|C_330,2024-05,NVC29,COBALT HOSPITAL,C_330,Dermatology Service,1,68.5,
2024-05|NVC29|C_999,2024-05,NVC29,COBALT HOSPITAL,C_999,Total,1571,7.5,
2024-05|NVC31|C_100,2024-05,NVC31,BLAKELANDS HOSPITAL,C_100,General Surgery Service,192,5.8,
2024-05|NVC31|C_101,2024-05,NVC31,BLAKELANDS HOSPITAL,C_101,Urology Service,232,16.6,
2024-05|NVC31|C_110,2024-05,NVC31,BLAKELANDS HOSPITAL,C_110,Trauma and Orthopaedic Service,599,12.7,
2024-05|NVC31|C_130,2024-05,NVC31,BLAKELANDS HOSPITAL,C_130,Ophthalmology Service,384,10.7,
2024-05|NVC31|C_301,2024-05,NVC31,BLAKELANDS HOSPITAL,C_301,Gastroenterology Service,283,6.0,
2024-05|NVC31|C_999,2024-05,NVC31,BLAKELANDS HOSPITAL,C_999,Total,1694,10.8,
2024-05|NVC31|X06,2024-05,NVC31,BLAKELANDS HOSPITAL,X06,Other - Other Services,4,28.0,
2024-05|NVC40|C_100,2024-05,NVC40,WOODTHORPE HOSPITAL,C_100,General Surgery Service,198,11.0,
2024-05|NVC40|C_101,2024-05,NVC40,WOODTHORPE HOSPITAL,C_101,Urology Service,270,16.0,
2024-05|NVC40|C_110,2024-05,NVC40,WOODTHORPE HOSPITAL,C_110,Trauma and Orthopaedic Service,3577,23.3,
2024-05|NVC40|C_130,2024-05,NVC40,WOODTHORPE HOSPITAL,C_130,Ophthalmology Service,296,4.2,
2024-05|NVC40|C_301,2024-05,NVC40,WOODTHORPE HOSPITAL,C_301,Gastroenterology Service,227,7.8,
2024-05|NVC40|C_502,2024-05,NVC40,WOODTHORPE HOSPITAL,C_502,Gynaecology Service,370,20.6,
2024-05|NVC40|C_999,2024-05,NVC40,WOODTHORPE HOSPITAL,C_999,Total,5015,18.8,
2024-05|NVC40|X02,2024-05,NVC40,WOODTHORPE HOSPITAL,X02,Other - Medical Services,76,12.0,
2024-05|NVC40|X06,2024-05,NVC40,WOODTHORPE HOSPITAL,X06,Other - Other Services,1,31.5,
2024-05|NVC44|C_100,2024-05,NVC44,THE WESTBOURNE CENTRE,C_100,General Surgery Service,150,5.6,
2024-05|NVC44|C_110,2024-05,NVC44,THE WESTBOURNE CENTRE,C_110,Trauma and Orthopaedic Service,227,7.6,
2024-05|NVC44|C_130,2024-05,NVC44,THE WESTBOURNE CENTRE,C_130,Ophthalmology Service,36,5.5,
2024-05|NVC44|C_140,2024-05,NVC44,THE WESTBOURNE CENTRE,C_140,Oral Surgery Service,2080,9.8,
2024-05|NVC44|C_160,2024-05,NVC44,THE WESTBOURNE CENTRE,C_160,Plastic Surgery Service,1,3.5,
2024-05|NVC44|C_999,2024-05,NVC44,THE WESTBOURNE CENTRE,C_999,Total,2494,9.4,
2024-05|NVG01|C_100,2024-05,NVG01,FAIRFIELD HOSPITAL,C_100,General Surgery Service,528,10.4,
2024-05|NVG01|C_101,2024-05,NVG01,FAIRFIELD HOSPITAL,C_101,Urology Service,194,11.8,
2024-05|NVG01|C_110,2024-05,NVG01,FAIRFIELD HOSPITAL,C_110,Trauma and Orthopaedic Service,1306,15.2,
2024-05|NVG01|C_120,2024-05,NVG01,FAIRFIELD HOSPITAL,C_120,Ear Nose and Throat Service,144,4.8,
2024-05|NVG01|C_130,2024-05,NVG01,FAIRFIELD HOSPITAL,C_130,Ophthalmology Service,70,13.3,
2024-05|NVG01|C_301,2024-05,NVG01,FAIRFIELD HOSPITAL,C_301,Gastroenterology Service,146,8.5,
2024-05|NVG01|C_999,2024-05,NVG01,FAIRFIELD HOSPITAL,C_999,Total,2388,12.4,
2024-05|NVM|C_100,2024-05,NVM,EPSOMEDICAL GROUP,C_100,General Surgery Service,204,6.8,
2024-05|NVM|C_101,2024-05,NVM,EPSOMEDICAL GROUP,C_101,Urology Service,242,8.5,
2024-05|NVM|C_110,2024-05,NVM,EPSOMEDICAL GROUP,C_110,Trauma and Orthopaedic Service,119,5.7,
2024-05|NVM|C_120,2024-05,NVM,EPSOMEDICAL GROUP,C_120,Ear Nose and Throat Service,305,7.1,
2024-05|NVM|C_130,2024-05,NVM,EPSOMEDICAL GROUP,C_130,Ophthalmology Service,332,5.0,
2024-05|NVM|C_160,2024-05,NVM,EPSOMEDICAL GROUP,C_160,Plastic Surgery Service,203,9.3,
2024-05|NVM|C_301,2024-05,NVM,EPSOMEDICAL GROUP,C_301,Gastroenterology Service,279,5.5,
2024-05|NVM|C_320,2024-05,NVM,EPSOMEDICAL GROUP,C_320,Cardiology Service,60,30.2,
2024-05|NVM|C_330,2024-05,NVM,EPSOMEDICAL GROUP,C_330,Dermatology Service,577,6.1,
2024-05|NVM|C_340,2024-05,NVM,EPSOMEDICAL GROUP,C_340,Respiratory Medicine Service,57,9.8,
2024-05|NVM|C_410,2024-05,NVM,EPSOMEDICAL GROUP,C_410,Rheumatology Service,92,10.0,
2024-05|NVM|C_502,2024-05,NVM,EPSOMEDICAL GROUP,C_502,Gynaecology Service,419,7.8,
2024-05|NVM|C_999,2024-05,NVM,EPSOMEDICAL GROUP,C_999,Total,2988,6.7,
2024-05|NVM|X02,2024-05,NVM,EPSOMEDICAL GROUP,X02,Other - Medical Services,1,15.5,
2024-05|NVM|X05,2024-05,NVM,EPSOMEDICAL GROUP,X05,Other - Surgical Services,98,5.6,
2024-05|NWF01|C_100,2024-05,NWF01,BENENDEN HOSPITAL,C_100,General Surgery Service,184,6.4,
2024-05|NWF01|C_101,2024-05,NWF01,BENENDEN HOSPITAL,C_101,Urology Service,64,17.7,
2024-05|NWF01|C_110,2024-05,NWF01,BENENDEN HOSPITAL,C_110,Trauma and Orthopaedic Service,620,12.5,
2024-05|NWF01|C_120,2024-05,NWF01,BENENDEN HOSPITAL,C_120,Ear Nose and Throat Service,188,12.4,
2024-05|NWF01|C_130,2024-05,NWF01,BENENDEN HOSPITAL,C_130,Ophthalmology Service,87,5.7,
2024-05|NWF01|C_301,2024-05,NWF01,BENENDEN HOSPITAL,C_301,Gastroenterology Service,117,9.8,
2024-05|NWF01|C_999,2024-05,NWF01,BENENDEN HOSPITAL,C_999,Total,1260,11.2,
2024-05|NWV01|C_101,2024-05,NWV01,GP CARE UK,C_101,Urology Service,258,1.8,
2024-05|NWV01|C_999,2024-05,NWV01,GP CARE UK,C_999,Total,258,1.8,
2024-05|NWX|C_100,2024-05,NWX,HERE,C_100,General Surgery Service,60,7.8,
2024-05|NWX|C_110,2024-05,NWX,HERE,C_110,Trauma and Orthopaedic Service,12526,14.3,
2024-05|NWX|C_410,2024-05,NWX,HERE,C_410,Rheumatology Service,1211,11.2,
2024-05|NWX|C_999,2024-05,NWX,HERE,C_999,Total,14866,14.6,
2024-05|NWX|X05,2024-05,NWX,HERE,X05,Other - Surgical Services,382,13.2,
2024-05|NWX|X06,2024-05,NWX,HERE,X06,Other - Other Services,687,32.5,
2024-05|NXM01|C_110,2024-05,NXM01,THE HORDER CENTRE - ST JOHNS ROAD,C_110,Trauma and Orthopaedic Service,300,8.5,
2024-05|NXM01|C_999,2024-05,NXM01,THE HORDER CENTRE - ST JOHNS ROAD,C_999,Total,300,8.5,
2024-05|NXP|C_100,2024-05,NXP,INDEPENDENT HEALTH GROUP,C_100,General Surgery Service,452,2.8,
2024-05|NXP|C_101,2024-05,NXP,INDEPENDENT HEALTH GROUP,C_101,Urology Service,238,5.0,
2024-05|NXP|C_110,2024-05,NXP,INDEPENDENT HEALTH GROUP,C_110,Trauma and Orthopaedic Service,203,5.2,
2024-05|NXP|C_130,2024-05,NXP,INDEPENDENT HEALTH GROUP,C_130,Ophthalmology Service,165,2.4,
2024-05|NXP|C_999,2024-05,NXP,INDEPENDENT HEALTH GROUP,C_999,Total,1058,3.6,
2024-05|NYG|C_330,2024-05,NYG,SUSSEX COMMUNITY DERMATOLOGY SERVICE,C_330,Dermatology Service,13111,7.7,
2024-05|NYG|C_999,2024-05,NYG,SUSSEX COMMUNITY DERMATOLOGY SERVICE,C_999,Total,13111,7.7,
2024-05|NYR|C_101,2024-05,NYR,HEALTHSHARE DIAGNOSTICS,C_101,Urology Service,73,9.9,
2024-05|NYR|C_110,2024-05,NYR,HEALTHSHARE DIAGNOSTICS,C_110,Trauma and Orthopaedic Service,177,12.5,
2024-05|NYR|C_130,2024-05,NYR,HEALTHSHARE DIAGNOSTICS,C_130,Ophthalmology Service,51,35.4,
2024-05|NYR|C_160,2024-05,NYR,HEALTHSHARE DIAGNOSTICS,C_160,Plastic Surgery Service,90,6.8,
2024-05|NYR|C_330,2024-05,NYR,HEALTHSHARE DIAGNOSTICS,C_330,Dermatology Service,56,7.1,
2024-05|NYR|C_410,2024-05,NYR,HEALTHSHARE DIAGNOSTICS,C_410,Rheumatology Service,44,20.0,
2024-05|NYR|C_502,2024-05,NYR,HEALTHSHARE DIAGNOSTICS,C_502,Gynaecology Service,129,15.4,
2024-05|NYR|C_999,2024-05,NYR,HEALTHSHARE DIAGNOSTICS,C_999,Total,620,11.9,
2024-05|NYW17|C_130,2024-05,NYW17,ASPEN HEALTHCARE - MIDLAND EYE,C_130,Ophthalmology Service,586,6.6,
2024-05|NYW17|C_999,2024-05,NYW17,ASPEN HEALTHCARE - MIDLAND EYE,C_999,Total,586,6.6,
2024-05|O1P6X|C_130,2024-05,O1P6X,SPAMEDICA OLDHAM,C_130,Ophthalmology Service,157,2.0,
2024-05|O1P6X|C_999,2024-05,O1P6X,SPAMEDICA OLDHAM,C_999,Total,157,2.0,
2024-05|O5Y9D|C_130,2024-05,O5Y9D,SPAMEDICA OXFORD,C_130,Ophthalmology Service,120,3.2,
2024-05|O5Y9D|C_999,2024-05,O5Y9D,SPAMEDICA OXFORD,C_999,Total,120,3.2,
2024-05|P0C3F|C_130,2024-05,P0C3F,SPAMEDICA LEEDS,C_130,Ophthalmology Service,91,2.1,
2024-05|P0C3F|C_999,2024-05,P0C3F,SPAMEDICA LEEDS,C_999,Total,91,2.1,
2024-05|P1B7M|C_130,2024-05,P1B7M,SPAMEDICA BRISTOL,C_130,Ophthalmology Service,79,2.3,
2024-05|P1B7M|C_999,2024-05,P1B7M,SPAMEDICA BRISTOL,C_999,Total,79,2.3,
2024-05|P5Y6K|C_130,2024-05,P5Y6K,NEWMEDICA - SHREWSBURY,C_130,Ophthalmology Service,257,1.7,
2024-05|P5Y6K|C_999,2024-05,P5Y6K,NEWMEDICA - SHREWSBURY,C_999,Total,257,1.7,
2024-05|Q1S8W|C_130,2024-05,Q1S8W,NEWMEDICA - BURY ST EDMUNDS,C_130,Ophthalmology Service,116,4.9,
2024-05|Q1S8W|C_999,2024-05,Q1S8W,NEWMEDICA - BURY ST EDMUNDS,C_999,Total,116,4.9,
2024-05|Q1W6P|C_130,2024-05,Q1W6P,SPAMEDICA WATFORD,C_130,Ophthalmology Service,166,3.2,
2024-05|Q1W6P|C_999,2024-05,Q1W6P,SPAMEDICA WATFORD,C_999,Total,166,3.2,
2024-05|R0A|C_100,2024-05,R0A,MANCHESTER UNIVERSITY NHS FOUNDATION TRUST,C_100,General Surgery Service,6789,23.3,
2024-05|R0A|C_101,2024-05,R0A,MANCHESTER UNIVERSITY NHS FOUNDATION TRUST,C_101,Urology Service,6996,19.8,
2024-05|R0A|C_110,2024-05,R0A,MANCHESTER UNIVERSITY NHS FOUNDATION TRUST,C_110,Trauma and Orthopaedic Service,8952,24.5,
2024-05|R0A|C_120,2024-05,R0A,MANCHESTER UNIVERSITY NHS FOUNDATION TRUST,C_120,Ear Nose and Throat Service,10636,27.2,
2024-05|R0A|C_130,2024-05,R0A,MANCHESTER UNIVERSITY NHS FOUNDATION TRUST,C_130,Ophthalmology Service,12310,14.6,
2024-05|R0A|C_140,2024-05,R0A,MANCHESTER UNIVERSITY NHS FOUNDATION TRUST,C_140,Oral Surgery Service,19888,21.5,
2024-05|R0A|C_160,2024-05,R0A,MANCHESTER UNIVERSITY NHS FOUNDATION TRUST,C_160,Plastic Surgery Service,4150,22.8,
2024-05|R0A|C_170,2024-05,R0A,MANCHESTER UNIVERSITY NHS FOUNDATION TRUST,C_170,Cardiothoracic Surgery Service,3,18.5,
2024-05|R0A|C_300,2024-05,R0A,MANCHESTER UNIVERSITY NHS FOUNDATION TRUST,C_300,General Internal Medicine Service,350,12.5,
2024-05|R0A|C_301,2024-05,R0A,MANCHESTER UNIVERSITY NHS FOUNDATION TRUST,C_301,Gastroenterology Service,9813,15.4,
2024-05|R0A|C_320,2024-05,R0A,MANCHESTER UNIVERSITY NHS FOUNDATION TRUST,C_320,Cardiology Service,10431,17.6,
2024-05|R0A|C_330,2024-05,R0A,MANCHESTER UNIVERSITY NHS FOUNDATION TRUST,C_330,Dermatology Service,2973,20.8,
2024-05|R0A|C_340,2024-05,R0A,MANCHESTER UNIVERSITY NHS FOUNDATION TRUST,C_340,Respiratory Medicine Service,9527,14.5,
2024-05|R0A|C_400,2024-05,R0A,MANCHESTER UNIVERSITY NHS FOUNDATION TRUST,C_400,Neurology Service,166,15.0,
2024-05|R0A|C_410,2024-05,R0A,MANCHESTER UNIVERSITY NHS FOUNDATION TRUST,C_410,Rheumatology Service,1470,6.5,
2024-05|R0A|C_430,2024-05,R0A,MANCHESTER UNIVERSITY NHS FOUNDATION TRUST,C_430,Elderly Medicine Service,951,15.0,
2024-05|R0A|C_502,2024-05,R0A,MANCHESTER UNIVERSITY NHS FOUNDATION TRUST,C_502,Gynaecology Service,18654,24.9,
2024-05|R0A|C_999,2024-05,R0A,MANCHESTER UNIVERSITY NHS FOUNDATION TRUST,C_999,Total,190017,18.7,
2024-05|R0A|X02,2024-05,R0A,MANCHESTER UNIVERSITY NHS FOUNDATION TRUST,X02,Other - Medical Services,25044,15.5,
2024-05|R0A|X03,2024-05,R0A,MANCHESTER UNIVERSITY NHS FOUNDATION TRUST,X03,Other - Mental Health Services,33,16.5,
2024-05|R0A|X04,2024-05,R0A,MANCHESTER UNIVERSITY NHS FOUNDATION TRUST,X04,Other - Paediatric Services,19477,20.0,
2024-05|R0A|X05,2024-05,R0A,MANCHESTER UNIVERSITY NHS FOUNDATION TRUST,X05,Other - Surgical Services,15577,15.4,
2024-05|R0A|X06,2024-05,R0A,MANCHESTER UNIVERSITY NHS FOUNDATION TRUST,X06,Other - Other Services,5827,16.6,
2024-05|R0B|C_100,2024-05,R0B,SOUTH TYNESIDE AND SUNDERLAND NHS FOUNDATION TRUST,C_100,General Surgery Service,4740,7.8,
2024-05|R0B|C_101,2024-05,R0B,SOUTH TYNESIDE AND SUNDERLAND NHS FOUNDATION TRUST,C_101,Urology Service,5967,11.0,
2024-05|R0B|C_110,2024-05,R0B,SOUTH TYNESIDE AND SUNDERLAND NHS FOUNDATION TRUST,C_110,Trauma and Orthopaedic Service,8790,18.3,
2024-05|R0B|C_120,2024-05,R0B,SOUTH TYNESIDE AND SUNDERLAND NHS FOUNDATION TRUST,C_120,Ear Nose and Throat Service,4855,9.2,
2024-05|R0B|C_130,2024-05,R0B,SOUTH TYNESIDE AND SUNDERLAND NHS FOUNDATION TRUST,C_130,Ophthalmology Service,9300,10.2,
2024-05|R0B|C_140,2024-05,R0B,SOUTH TYNESIDE AND SUNDERLAND NHS FOUNDATION TRUST,C_140,Oral Surgery Service,4112,12.4,
2024-05|R0B|C_301,2024-05,R0B,SOUTH TYNESIDE AND SUNDERLAND NHS FOUNDATION TRUST,C_301,Gastroenterology Service,1190,4.1,
2024-05|R0B|C_320,2024-05,R0B,SOUTH TYNESIDE AND SUNDERLAND NHS FOUNDATION TRUST,C_320,Cardiology Service,1743,7.6,
2024-05|R0B|C_340,2024-05,R0B,SOUTH TYNESIDE AND SUNDERLAND NHS FOUNDATION TRUST,C_340,Respiratory Medicine Service,2816,10.2,
2024-05|R0B|C_400,2024-05,R0B,SOUTH TYNESIDE AND SUNDERLAND NHS FOUNDATION TRUST,C_400,Neurology Service,1094,6.6,
2024-05|R0B|C_410,2024-05,R0B,SOUTH TYNESIDE AND SUNDERLAND NHS FOUNDATION TRUST,C_410,Rheumatology Service,1192,8.1,
2024-05|R0B|C_430,2024-05,R0B,SOUTH TYNESIDE AND SUNDERLAND NHS FOUNDATION TRUST,C_430,Elderly Medicine Service,550,4.4,
2024-05|R0B|C_502,2024-05,R0B,SOUTH TYNESIDE AND SUNDERLAND NHS FOUNDATION TRUST,C_502,Gynaecology Service,3124,7.8,
2024-05|R0B|C_999,2024-05,R0B,SOUTH TYNESIDE AND SUNDERLAND NHS FOUNDATION TRUST,C_999,Total,61709,10.0,
2024-05|R0B|X02,2024-05,R0B,SOUTH TYNESIDE AND SUNDERLAND NHS FOUNDATION TRUST,X02,Other - Medical Services,1731,7.3,
2024-05|R0B|X04,2024-05,R0B,SOUTH TYNESIDE AND SUNDERLAND NHS FOUNDATION TRUST,X04,Other - Paediatric Services,2362,9.2,
2024-05|R0B|X05,2024-05,R0B,SOUTH TYNESIDE AND SUNDERLAND NHS FOUNDATION TRUST,X05,Other - Surgical Services,165,15.5,
2024-05|R0B|X06,2024-05,R0B,SOUTH TYNESIDE AND SUNDERLAND NHS FOUNDATION TRUST,X06,Other - Other Services,7978,8.8,
2024-05|R0D|C_100,2024-05,R0D,UNIVERSITY HOSPITALS DORSET NHS FOUNDATION TRUST,C_100,General Surgery Service,2012,7.1,
2024-05|R0D|C_101,2024-05,R0D,UNIVERSITY HOSPITALS DORSET NHS FOUNDATION TRUST,C_101,Urology Service,3440,13.9,
2024-05|R0D|C_110,2024-05,R0D,UNIVERSITY HOSPITALS DORSET NHS FOUNDATION TRUST,C_110,Trauma and Orthopaedic Service,6994,17.8,
2024-05|R0D|C_120,2024-05,R0D,UNIVERSITY HOSPITALS DORSET NHS FOUNDATION TRUST,C_120,Ear Nose and Throat Service,6031,16.3,
2024-05|R0D|C_130,2024-05,R0D,UNIVERSITY HOSPITALS DORSET NHS FOUNDATION TRUST,C_130,Ophthalmology Service,3859,9.4,
2024-05|R0D|C_140,2024-05,R0D,UNIVERSITY HOSPITALS DORSET NHS FOUNDATION TRUST,C_140,Oral Surgery Service,3541,14.9,
2024-05|R0D|C_300,2024-05,R0D,UNIVERSITY HOSPITALS DORSET NHS FOUNDATION TRUST,C_300,General Internal Medicine Service,402,11.7,
2024-05|R0D|C_301,2024-05,R0D,UNIVERSITY HOSPITALS DORSET NHS FOUNDATION TRUST,C_301,Gastroenterology Service,4798,9.9,
2024-05|R0D|C_320,2024-05,R0D,UNIVERSITY HOSPITALS DORSET NHS FOUNDATION TRUST,C_320,Cardiology Service,4516,12.9,
2024-05|R0D|C_330,2024-05,R0D,UNIVERSITY HOSPITALS DORSET NHS FOUNDATION TRUST,C_330,Dermatology Service,3565,9.9,
2024-05|R0D|C_340,2024-05,R0D,UNIVERSITY HOSPITALS DORSET NHS FOUNDATION TRUST,C_340,Respiratory Medicine Service,1439,12.6,
2024-05|R0D|C_400,2024-05,R0D,UNIVERSITY HOSPITALS DORSET NHS FOUNDATION TRUST,C_400,Neurology Service,2435,19.2,
2024-05|R0D|C_410,2024-05,R0D,UNIVERSITY HOSPITALS DORSET NHS FOUNDATION TRUST,C_410,Rheumatology Service,980,8.5,
2024-05|R0D|C_430,2024-05,R0D,UNIVERSITY HOSPITALS DORSET NHS FOUNDATION TRUST,C_430,Elderly Medicine Service,336,13.6,
2024-05|R0D|C_502,2024-05,R0D,UNIVERSITY HOSPITALS DORSET NHS FOUNDATION TRUST,C_502,Gynaecology Service,7568,22.6,
2024-05|R0D|C_999,2024-05,R0D,UNIVERSITY HOSPITALS DORSET NHS FOUNDATION TRUST,C_999,Total,68343,13.5,
2024-05|R0D|X02,2024-05,R0D,UNIVERSITY HOSPITALS DORSET NHS FOUNDATION TRUST,X02,Other - Medical Services,4068,10.1,
2024-05|R0D|X04,2024-05,R0D,UNIVERSITY HOSPITALS DORSET NHS FOUNDATION TRUST,X04,Other - Paediatric Services,2208,11.9,
2024-05|R0D|X05,2024-05,R0D,UNIVERSITY HOSPITALS DORSET NHS FOUNDATION TRUST,X05,Other - Surgical Services,9023,14.7,
2024-05|R0D|X06,2024-05,R0D,UNIVERSITY HOSPITALS DORSET NHS FOUNDATION TRUST,X06,Other - Other Services,1128,8.5,
2024-05|R0F4N|C_100,2024-05,R0F4N,NUFFIELD HEALTH PARKSIDE HOSPITAL,C_100,General Surgery Service,22,6.2,
2024-05|R0F4N|C_101,2024-05,R0F4N,NUFFIELD HEALTH PARKSIDE HOSPITAL,C_101,Urology Service,323,15.3,
2024-05|R0F4N|C_110,2024-05,R0F4N,NUFFIELD HEALTH PARKSIDE HOSPITAL,C_110,Trauma and Orthopaedic Service,247,6.8,
2024-05|R0F4N|C_120,2024-05,R0F4N,NUFFIELD HEALTH PARKSIDE HOSPITAL,C_120,Ear Nose and Throat Service,127,7.8,
2024-05|R0F4N|C_160,2024-05,R0F4N,NUFFIELD HEALTH PARKSIDE HOSPITAL,C_160,Plastic Surgery Service,127,16.6,
2024-05|R0F4N|C_999,2024-05,R0F4N,NUFFIELD HEALTH PARKSIDE HOSPITAL,C_999,Total,896,10.7,
2024-05|R0F4N|X05,2024-05,R0F4N,NUFFIELD HEALTH PARKSIDE HOSPITAL,X05,Other - Surgical Services,48,4.3,
2024-05|R0F4N|X06,2024-05,R0F4N,NUFFIELD HEALTH PARKSIDE HOSPITAL,X06,Other - Other Services,2,11.0,
2024-05|R1A|C_110,2024-05,R1A,HEREFORDSHIRE AND WORCESTERSHIRE HEALTH AND CARE NHS TRUST,C_110,Trauma and Orthopaedic Service,65,5.1,
2024-05|R1A|C_999,2024-05,R1A,HEREFORDSHIRE AND WORCESTERSHIRE HEALTH AND CARE NHS TRUST,C_999,Total,65,5.1,
2024-05|R1C|C_999,2024-05,R1C,SOLENT NHS TRUST,C_999,Total,197,3.2,
2024-05|R1C|X03,2024-05,R1C,SOLENT NHS TRUST,X03,Other - Mental Health Services,197,3.2,
2024-05|R1D|C_100,2024-05,R1D,SHROPSHIRE COMMUNITY HEALTH NHS TRUST,C_100,General Surgery Service,48,7.3,
2024-05|R1D|C_110,2024-05,R1D,SHROPSHIRE COMMUNITY HEALTH NHS TRUST,C_110,Trauma and Orthopaedic Service,11937,16.2,
2024-05|R1D|C_120,2024-05,R1D,SHROPSHIRE COMMUNITY HEALTH NHS TRUST,C_120,Ear Nose and Throat Service,842,24.9,
2024-05|R1D|C_140,2024-05,R1D,SHROPSHIRE COMMUNITY HEALTH NHS TRUST,C_140,Oral Surgery Service,153,14.1,
2024-05|R1D|C_320,2024-05,R1D,SHROPSHIRE COMMUNITY HEALTH NHS TRUST,C_320,Cardiology Service,64,10.2,
2024-05|R1D|C_340,2024-05,R1D,SHROPSHIRE COMMUNITY HEALTH NHS TRUST,C_340,Respiratory Medicine Service,83,21.8,
2024-05|R1D|C_410,2024-05,R1D,SHROPSHIRE COMMUNITY HEALTH NHS TRUST,C_410,Rheumatology Service,20,3.0,
2024-05|R1D|C_502,2024-05,R1D,SHROPSHIRE COMMUNITY HEALTH NHS TRUST,C_502,Gynaecology Service,127,12.1,
2024-05|R1D|C_999,2024-05,R1D,SHROPSHIRE COMMUNITY HEALTH NHS TRUST,C_999,Total,13313,16.4,
2024-05|R1D|X04,2024-05,R1D,SHROPSHIRE COMMUNITY HEALTH NHS TRUST,X04,Other - Paediatric Services,39,8.9,
2024-05|R1F|C_100,2024-05,R1F,ISLE OF WIGHT NHS TRUST,C_100,General Surgery Service,989,19.6,
2024-05|R1F|C_101,2024-05,R1F,ISLE OF WIGHT NHS TRUST,C_101,Urology Service,1000,11.5,
2024-05|R1F|C_110,2024-05,R1F,ISLE OF WIGHT NHS TRUST,C_110,Trauma and Orthopaedic Service,2311,17.8,
2024-05|R1F|C_120,2024-05,R1F,ISLE OF WIGHT NHS TRUST,C_120,Ear Nose and Throat Service,1183,26.6,
2024-05|R1F|C_130,2024-05,R1F,ISLE OF WIGHT NHS TRUST,C_130,Ophthalmology Service,2448,12.8,
2024-05|R1F|C_140,2024-05,R1F,ISLE OF WIGHT NHS TRUST,C_140,Oral Surgery Service,422,17.1,
2024-05|R1F|C_300,2024-05,R1F,ISLE OF WIGHT NHS TRUST,C_300,General Internal Medicine Service,1,5.5,
2024-05|R1F|C_301,2024-05,R1F,ISLE OF WIGHT NHS TRUST,C_301,Gastroenterology Service,440,22.8,
2024-05|R1F|C_320,2024-05,R1F,ISLE OF WIGHT NHS TRUST,C_320,Cardiology Service,1162,24.7,
2024-05|R1F|C_340,2024-05,R1F,ISLE OF WIGHT NHS TRUST,C_340,Respiratory Medicine Service,303,36.4,
2024-05|R1F|C_410,2024-05,R1F,ISLE OF WIGHT NHS TRUST,C_410,Rheumatology Service,211,6.6,
2024-05|R1F|C_430,2024-05,R1F,ISLE OF WIGHT NHS TRUST,C_430,Elderly Medicine Service,87,10.2,
2024-05|R1F|C_502,2024-05,R1F,ISLE OF WIGHT NHS TRUST,C_502,Gynaecology Service,1339,16.7,
2024-05|R1F|C_999,2024-05,R1F,ISLE OF WIGHT NHS TRUST,C_999,Total,13496,17.1,
2024-05|R1F|X02,2024-05,R1F,ISLE OF WIGHT NHS TRUST,X02,Other - Medical Services,587,17.9,
2024-05|R1F|X05,2024-05,R1F,ISLE OF WIGHT NHS TRUST,X05,Other - Surgical Services,913,13.7,
2024-05|R1F|X06,2024-05,R1F,ISLE OF WIGHT NHS TRUST,X06,Other - Other Services,100,10.0,
2024-05|R1G7E|C_130,2024-05,R1G7E,SPAMEDICA KENDAL,C_130,Ophthalmology Service,110,2.6,
2024-05|R1G7E|C_999,2024-05,R1G7E,SPAMEDICA KENDAL,C_999,Total,110,2.6,
2024-05|R1H|C_100,2024-05,R1H,BARTS HEALTH NHS TRUST,C_100,General Surgery Service,3044,16.5,
2024-05|R1H|C_101,2024-05,R1H,BARTS HEALTH NHS TRUST,C_101,Urology Service,6153,20.1,
2024-05|R1H|C_110,2024-05,R1H,BARTS HEALTH NHS TRUST,C_110,Trauma and Orthopaedic Service,7390,16.9,
2024-05|R1H|C_120,2024-05,R1H,BARTS HEALTH NHS TRUST,C_120,Ear Nose and Throat Service,6825,19.2,
2024-05|R1H|C_130,2024-05,R1H,BARTS HEALTH NHS TRUST,C_130,Ophthalmology Service,4933,12.7,
2024-05|R1H|C_140,2024-05,R1H,BARTS HEALTH NHS TRUST,C_140,Oral Surgery Service,7008,23.3,
2024-05|R1H|C_150,2024-05,R1H,BARTS HEALTH NHS TRUST,C_150,Neurosurgical Service,1283,19.3,
2024-05|R1H|C_160,2024-05,R1H,BARTS HEALTH NHS TRUST,C_160,Plastic Surgery Service,1159,19.3,
2024-05|R1H|C_170,2024-05,R1H,BARTS HEALTH NHS TRUST,C_170,Cardiothoracic Surgery Service,4,0.7,
2024-05|R1H|C_300,2024-05,R1H,BARTS HEALTH NHS TRUST,C_300,General Internal Medicine Service,17,4.2,
2024-05|R1H|C_301,2024-05,R1H,BARTS HEALTH NHS TRUST,C_301,Gastroenterology Service,8721,17.4,
2024-05|R1H|C_320,2024-05,R1H,BARTS HEALTH NHS TRUST,C_320,Cardiology Service,9275,12.7,
2024-05|R1H|C_330,2024-05,R1H,BARTS HEALTH NHS TRUST,C_330,Dermatology Service,6419,18.5,
2024-05|R1H|C_340,2024-05,R1H,BARTS HEALTH NHS TRUST,C_340,Respiratory Medicine Service,5487,15.4,
2024-05|R1H|C_400,2024-05,R1H,BARTS HEALTH NHS TRUST,C_400,Neurology Service,2357,17.6,
2024-05|R1H|C_410,2024-05,R1H,BARTS HEALTH NHS TRUST,C_410,Rheumatology Service,969,7.5,
2024-05|R1H|C_430,2024-05,R1H,BARTS HEALTH NHS TRUST,C_430,Elderly Medicine Service,302,4.8,
2024-05|R1H|C_502,2024-05,R1H,BARTS HEALTH NHS TRUST,C_502,Gynaecology Service,10491,16.9,
2024-05|R1H|C_999,2024-05,R1H,BARTS HEALTH NHS TRUST,C_999,Total,122803,16.0,
2024-05|R1H|X02,2024-05,R1H,BARTS HEALTH NHS TRUST,X02,Other - Medical Services,17936,14.2,
2024-05|R1H|X04,2024-05,R1H,BARTS HEALTH NHS TRUST,X04,Other - Paediatric Services,9204,16.5,
2024-05|R1H|X05,2024-05,R1H,BARTS HEALTH NHS TRUST,X05,Other - Surgical Services,13087,14.0,
2024-05|R1H|X06,2024-05,R1H,BARTS HEALTH NHS TRUST,X06,Other - Other Services,739,7.9,
2024-05|R1K|C_100,2024-05,R1K,LONDON NORTH WEST UNIVERSITY HEALTHCARE NHS TRUST,C_100,General Surgery Service,2858,15.8,
2024-05|R1K|C_101,2024-05,R1K,LONDON NORTH WEST UNIVERSITY HEALTHCARE NHS TRUST,C_101,Urology Service,4288,18.7,
2024-05|R1K|C_110,2024-05,R1K,LONDON NORTH WEST UNIVERSITY HEALTHCARE NHS TRUST,C_110,Trauma and Orthopaedic Service,8367,25.3,
2024-05|R1K|C_120,2024-05,R1K,LONDON NORTH WEST UNIVERSITY HEALTHCARE NHS TRUST,C_120,Ear Nose and Throat Service,9988,20.2,
2024-05|R1K|C_130,2024-05,R1K,LONDON NORTH WEST UNIVERSITY HEALTHCARE NHS TRUST,C_130,Ophthalmology Service,2386,15.4,
2024-05|R1K|C_140,2024-05,R1K,LONDON NORTH WEST UNIVERSITY HEALTHCARE NHS TRUST,C_140,Oral Surgery Service,9159,21.9,
2024-05|R1K|C_160,2024-05,R1K,LONDON NORTH WEST UNIVERSITY HEALTHCARE NHS TRUST,C_160,Plastic Surgery Service,47,14.8,
2024-05|R1K|C_300,2024-05,R1K,LONDON NORTH WEST UNIVERSITY HEALTHCARE NHS TRUST,C_300,General Internal Medicine Service,21,18.5,
2024-05|R1K|C_301,2024-05,R1K,LONDON NORTH WEST UNIVERSITY HEALTHCARE NHS TRUST,C_301,Gastroenterology Service,10088,16.9,
2024-05|R1K|C_320,2024-05,R1K,LONDON NORTH WEST UNIVERSITY HEALTHCARE NHS TRUST,C_320,Cardiology Service,10094,17.6,
2024-05|R1K|C_330,2024-05,R1K,LONDON NORTH WEST UNIVERSITY HEALTHCARE NHS TRUST,C_330,Dermatology Service,6731,21.0,
2024-05|R1K|C_340,2024-05,R1K,LONDON NORTH WEST UNIVERSITY HEALTHCARE NHS TRUST,C_340,Respiratory Medicine Service,3706,16.2,
2024-05|R1K|C_400,2024-05,R1K,LONDON NORTH WEST UNIVERSITY HEALTHCARE NHS TRUST,C_400,Neurology Service,3911,26.0,
2024-05|R1K|C_410,2024-05,R1K,LONDON NORTH WEST UNIVERSITY HEALTHCARE NHS TRUST,C_410,Rheumatology Service,768,8.8,
2024-05|R1K|C_430,2024-05,R1K,LONDON NORTH WEST UNIVERSITY HEALTHCARE NHS TRUST,C_430,Elderly Medicine Service,68,4.3,
2024-05|R1K|C_502,2024-05,R1K,LONDON NORTH WEST UNIVERSITY HEALTHCARE NHS TRUST,C_502,Gynaecology Service,6706,18.5,
2024-05|R1K|C_999,2024-05,R1K,LONDON NORTH WEST UNIVERSITY HEALTHCARE NHS TRUST,C_999,Total,103991,18.4,
2024-05|R1K|X02,2024-05,R1K,LONDON NORTH WEST UNIVERSITY HEALTHCARE NHS TRUST,X02,Other - Medical Services,11597,15.5,
2024-05|R1K|X03,2024-05,R1K,LONDON NORTH WEST UNIVERSITY HEALTHCARE NHS TRUST,X03,Other - Mental Health Services,5,7.5,
2024-05|R1K|X04,2024-05,R1K,LONDON NORTH WEST UNIVERSITY HEALTHCARE NHS TRUST,X04,Other - Paediatric Services,3440,15.4,
2024-05|R1K|X05,2024-05,R1K,LONDON NORTH WEST UNIVERSITY HEALTHCARE NHS TRUST,X05,Other - Surgical Services,9352,17.4,
2024-05|R1K|X06,2024-05,R1K,LONDON NORTH WEST UNIVERSITY HEALTHCARE NHS TRUST,X06,Other - Other Services,411,4.6,
2024-05|R1L|C_999,2024-05,R1L,ESSEX PARTNERSHIP UNIVERSITY NHS FOUNDATION TRUST,C_999,Total,1089,10.1,
2024-05|R1L|X04,2024-05,R1L,ESSEX PARTNERSHIP UNIVERSITY NHS FOUNDATION TRUST,X04,Other - Paediatric Services,1089,10.1,
2024-05|R3I5E|C_130,2024-05,R3I5E,NEWMEDICA -TELFORD,C_130,Ophthalmology Service,10,1.5,
2024-05|R3I5E|C_999,2024-05,R3I5E,NEWMEDICA -TELFORD,C_999,Total,10,1.5,
2024-05|R7W2O|C_130,2024-05,R7W2O,NEWCASTLE NEWMEDICA LTD,C_130,Ophthalmology Service,248,1.8,
2024-05|R7W2O|C_999,2024-05,R7W2O,NEWCASTLE NEWMEDICA LTD,C_999,Total,248,1.8,
2024-05|RA2|C_100,2024-05,RA2,ROYAL SURREY COUNTY HOSPITAL NHS FOUNDATION TRUST,C_100,General Surgery Service,4149,14.1,
2024-05|RA2|C_101,2024-05,RA2,ROYAL SURREY COUNTY HOSPITAL NHS FOUNDATION TRUST,C_101,Urology Service,2098,13.8,
2024-05|RA2|C_110,2024-05,RA2,ROYAL SURREY COUNTY HOSPITAL NHS FOUNDATION TRUST,C_110,Trauma and Orthopaedic Service,6426,18.3,
2024-05|RA2|C_120,2024-05,RA2,ROYAL SURREY COUNTY HOSPITAL NHS FOUNDATION TRUST,C_120,Ear Nose and Throat Service,4070,17.4,
2024-05|RA2|C_130,2024-05,RA2,ROYAL SURREY COUNTY HOSPITAL NHS FOUNDATION TRUST,C_130,Ophthalmology Service,2520,12.2,
2024-05|RA2|C_140,2024-05,RA2,ROYAL SURREY COUNTY HOSPITAL NHS FOUNDATION TRUST,C_140,Oral Surgery Service,4906,22.7,
2024-05|RA2|C_160,2024-05,RA2,ROYAL SURREY COUNTY HOSPITAL NHS FOUNDATION TRUST,C_160,Plastic Surgery Service,162,5.6,
2024-05|RA2|C_170,2024-05,RA2,ROYAL SURREY COUNTY HOSPITAL NHS FOUNDATION TRUST,C_170,Cardiothoracic Surgery Service,2,1.0,
2024-05|RA2|C_300,2024-05,RA2,ROYAL SURREY COUNTY HOSPITAL NHS FOUNDATION TRUST,C_300,General Internal Medicine Service,2,1.0,
2024-05|RA2|C_301,2024-05,RA2,ROYAL SURREY COUNTY HOSPITAL NHS FOUNDATION TRUST,C_301,Gastroenterology Service,1163,13.4,
2024-05|RA2|C_320,2024-05,RA2,ROYAL SURREY COUNTY HOSPITAL NHS FOUNDATION TRUST,C_320,Cardiology Service,2121,17.7,
2024-05|RA2|C_340,2024-05,RA2,ROYAL SURREY COUNTY HOSPITAL NHS FOUNDATION TRUST,C_340,Respiratory Medicine Service,1309,19.1,
2024-05|RA2|C_400,2024-05,RA2,ROYAL SURREY COUNTY HOSPITAL NHS FOUNDATION TRUST,C_400,Neurology Service,1228,17.3,
2024-05|RA2|C_410,2024-05,RA2,ROYAL SURREY COUNTY HOSPITAL NHS FOUNDATION TRUST,C_410,Rheumatology Service,212,4.9,
2024-05|RA2|C_430,2024-05,RA2,ROYAL SURREY COUNTY HOSPITAL NHS FOUNDATION TRUST,C_430,Elderly Medicine Service,6,16.5,
2024-05|RA2|C_502,2024-05,RA2,ROYAL SURREY COUNTY HOSPITAL NHS FOUNDATION TRUST,C_502,Gynaecology Service,2249,12.9,
2024-05|RA2|C_999,2024-05,RA2,ROYAL SURREY COUNTY HOSPITAL NHS FOUNDATION TRUST,C_999,Total,40077,15.3,
2024-05|RA2|X02,2024-05,RA2,ROYAL SURREY COUNTY HOSPITAL NHS FOUNDATION TRUST,X02,Other - Medical Services,3961,12.9,
2024-05|RA2|X04,2024-05,RA2,ROYAL SURREY COUNTY HOSPITAL NHS FOUNDATION TRUST,X04,Other - Paediatric Services,641,8.9,
2024-05|RA2|X05,2024-05,RA2,ROYAL SURREY COUNTY HOSPITAL NHS FOUNDATION TRUST,X05,Other - Surgical Services,1437,13.3,
2024-05|RA2|X06,2024-05,RA2,ROYAL SURREY COUNTY HOSPITAL NHS FOUNDATION TRUST,X06,Other - Other Services,1415,10.6,
2024-05|RA7|C_100,2024-05,RA7,UNIVERSITY HOSPITALS BRISTOL AND WESTON NHS FOUNDATION TRUST,C_100,General Surgery Service,116,8.2,
2024-05|RA7|C_110,2024-05,RA7,UNIVERSITY HOSPITALS BRISTOL AND WESTON NHS FOUNDATION TRUST,C_110,Trauma and Orthopaedic Service,1921,13.8,
2024-05|RA7|C_120,2024-05,RA7,UNIVERSITY HOSPITALS BRISTOL AND WESTON NHS FOUNDATION TRUST,C_120,Ear Nose and Throat Service,5551,14.9,
2024-05|RA7|C_130,2024-05,RA7,UNIVERSITY HOSPITALS BRISTOL AND WESTON NHS FOUNDATION TRUST,C_130,Ophthalmology Service,6786,8.5,
2024-05|RA7|C_140,2024-05,RA7,UNIVERSITY HOSPITALS BRISTOL AND WESTON NHS FOUNDATION TRUST,C_140,Oral Surgery Service,4045,28.2,
2024-05|RA7|C_160,2024-05,RA7,UNIVERSITY HOSPITALS BRISTOL AND WESTON NHS FOUNDATION TRUST,C_160,Plastic Surgery Service,1,28.5,
2024-05|RA7|C_170,2024-05,RA7,UNIVERSITY HOSPITALS BRISTOL AND WESTON NHS FOUNDATION TRUST,C_170,Cardiothoracic Surgery Service,293,9.9,
2024-05|RA7|C_300,2024-05,RA7,UNIVERSITY HOSPITALS BRISTOL AND WESTON NHS FOUNDATION TRUST,C_300,General Internal Medicine Service,37,3.9,
2024-05|RA7|C_301,2024-05,RA7,UNIVERSITY HOSPITALS BRISTOL AND WESTON NHS FOUNDATION TRUST,C_301,Gastroenterology Service,1656,12.6,
2024-05|RA7|C_320,2024-05,RA7,UNIVERSITY HOSPITALS BRISTOL AND WESTON NHS FOUNDATION TRUST,C_320,Cardiology Service,4396,16.3,
2024-05|RA7|C_330,2024-05,RA7,UNIVERSITY HOSPITALS BRISTOL AND WESTON NHS FOUNDATION TRUST,C_330,Dermatology Service,2811,15.5,
2024-05|RA7|C_340,2024-05,RA7,UNIVERSITY HOSPITALS BRISTOL AND WESTON NHS FOUNDATION TRUST,C_340,Respiratory Medicine Service,2135,14.1,
2024-05|RA7|C_400,2024-05,RA7,UNIVERSITY HOSPITALS BRISTOL AND WESTON NHS FOUNDATION TRUST,C_400,Neurology Service,649,16.2,
2024-05|RA7|C_410,2024-05,RA7,UNIVERSITY HOSPITALS BRISTOL AND WESTON NHS FOUNDATION TRUST,C_410,Rheumatology Service,925,11.7,
2024-05|RA7|C_430,2024-05,RA7,UNIVERSITY HOSPITALS BRISTOL AND WESTON NHS FOUNDATION TRUST,C_430,Elderly Medicine Service,195,9.2,
2024-05|RA7|C_502,2024-05,RA7,UNIVERSITY HOSPITALS BRISTOL AND WESTON NHS FOUNDATION TRUST,C_502,Gynaecology Service,4132,15.9,
2024-05|RA7|C_999,2024-05,RA7,UNIVERSITY HOSPITALS BRISTOL AND WESTON NHS FOUNDATION TRUST,C_999,Total,59795,14.1,
2024-05|RA7|X02,2024-05,RA7,UNIVERSITY HOSPITALS BRISTOL AND WESTON NHS FOUNDATION TRUST,X02,Other - Medical Services,6097,12.7,
2024-05|RA7|X03,2024-05,RA7,UNIVERSITY HOSPITALS BRISTOL AND WESTON NHS FOUNDATION TRUST,X03,Other - Mental Health Services,40,4.0,
2024-05|RA7|X04,2024-05,RA7,UNIVERSITY HOSPITALS BRISTOL AND WESTON NHS FOUNDATION TRUST,X04,Other - Paediatric Services,9886,14.8,
2024-05|RA7|X05,2024-05,RA7,UNIVERSITY HOSPITALS BRISTOL AND WESTON NHS FOUNDATION TRUST,X05,Other - Surgical Services,6555,16.2,
2024-05|RA7|X06,2024-05,RA7,UNIVERSITY HOSPITALS BRISTOL AND WESTON NHS FOUNDATION TRUST,X06,Other - Other Services,1568,9.3,
2024-05|RA9|C_101,2024-05,RA9,TORBAY AND SOUTH DEVON NHS FOUNDATION TRUST,C_101,Urology Service,1856,10.9,
2024-05|RA9|C_110,2024-05,RA9,TORBAY AND SOUTH DEVON NHS FOUNDATION TRUST,C_110,Trauma and Orthopaedic Service,2971,19.9,
2024-05|RA9|C_120,2024-05,RA9,TORBAY AND SOUTH DEVON NHS FOUNDATION TRUST,C_120,Ear Nose and Throat Service,3366,19.1,
2024-05|RA9|C_130,2024-05,RA9,TORBAY AND SOUTH DEVON NHS FOUNDATION TRUST,C_130,Ophthalmology Service,3798,6.6,
2024-05|RA9|C_140,2024-05,RA9,TORBAY AND SOUTH DEVON NHS FOUNDATION TRUST,C_140,Oral Surgery Service,2805,23.1,
2024-05|RA9|C_160,2024-05,RA9,TORBAY AND SOUTH DEVON NHS FOUNDATION TRUST,C_160,Plastic Surgery Service,272,13.0,
2024-05|RA9|C_170,2024-05,RA9,TORBAY AND SOUTH DEVON NHS FOUNDATION TRUST,C_170,Cardiothoracic Surgery Service,9,3.2,
2024-05|RA9|C_300,2024-05,RA9,TORBAY AND SOUTH DEVON NHS FOUNDATION TRUST,C_300,General Internal Medicine Service,62,10.0,
2024-05|RA9|C_301,2024-05,RA9,TORBAY AND SOUTH DEVON NHS FOUNDATION TRUST,C_301,Gastroenterology Service,1651,6.0,
2024-05|RA9|C_320,2024-05,RA9,TORBAY AND SOUTH DEVON NHS FOUNDATION TRUST,C_320,Cardiology Service,3074,14.9,
2024-05|RA9|C_330,2024-05,RA9,TORBAY AND SOUTH DEVON NHS FOUNDATION TRUST,C_330,Dermatology Service,1981,7.3,
2024-05|RA9|C_340,2024-05,RA9,TORBAY AND SOUTH DEVON NHS FOUNDATION TRUST,C_340,Respiratory Medicine Service,813,9.5,
2024-05|RA9|C_400,2024-05,RA9,TORBAY AND SOUTH DEVON NHS FOUNDATION TRUST,C_400,Neurology Service,827,11.5,
2024-05|RA9|C_410,2024-05,RA9,TORBAY AND SOUTH DEVON NHS FOUNDATION TRUST,C_410,Rheumatology Service,566,5.0,
2024-05|RA9|C_430,2024-05,RA9,TORBAY AND SOUTH DEVON NHS FOUNDATION TRUST,C_430,Elderly Medicine Service,303,10.6,
2024-05|RA9|C_502,2024-05,RA9,TORBAY AND SOUTH DEVON NHS FOUNDATION TRUST,C_502,Gynaecology Service,3186,16.3,
2024-05|RA9|C_999,2024-05,RA9,TORBAY AND SOUTH DEVON NHS FOUNDATION TRUST,C_999,Total,34272,12.6,
2024-05|RA9|X02,2024-05,RA9,TORBAY AND SOUTH DEVON NHS FOUNDATION TRUST,X02,Other - Medical Services,2648,12.0,
2024-05|RA9|X04,2024-05,RA9,TORBAY AND SOUTH DEVON NHS FOUNDATION TRUST,X04,Other - Paediatric Services,864,13.9,
2024-05|RA9|X05,2024-05,RA9,TORBAY AND SOUTH DEVON NHS FOUNDATION TRUST,X05,Other - Surgical Services,3012,12.6,
2024-05|RA9|X06,2024-05,RA9,TORBAY AND SOUTH DEVON NHS FOUNDATION TRUST,X06,Other - Other Services,208,6.9,
2024-05|RAE|C_100,2024-05,RAE,BRADFORD TEACHING HOSPITALS NHS FOUNDATION TRUST,C_100,General Surgery Service,1361,15.0,
2024-05|RAE|C_101,2024-05,RAE,BRADFORD TEACHING HOSPITALS NHS FOUNDATION TRUST,C_101,Urology Service,2265,11.4,
2024-05|RAE|C_110,2024-05,RAE,BRADFORD TEACHING HOSPITALS NHS FOUNDATION TRUST,C_110,Trauma and Orthopaedic Service,2134,21.8,
2024-05|RAE|C_120,2024-05,RAE,BRADFORD TEACHING HOSPITALS NHS FOUNDATION TRUST,C_120,Ear Nose and Throat Service,3956,15.0,
2024-05|RAE|C_130,2024-05,RAE,BRADFORD TEACHING HOSPITALS NHS FOUNDATION TRUST,C_130,Ophthalmology Service,2881,12.7,
2024-05|RAE|C_140,2024-05,RAE,BRADFORD TEACHING HOSPITALS NHS FOUNDATION TRUST,C_140,Oral Surgery Service,1717,15.5,
2024-05|RAE|C_160,2024-05,RAE,BRADFORD TEACHING HOSPITALS NHS FOUNDATION TRUST,C_160,Plastic Surgery Service,914,11.8,
2024-05|RAE|C_300,2024-05,RAE,BRADFORD TEACHING HOSPITALS NHS FOUNDATION TRUST,C_300,General Internal Medicine Service,42,2.8,
2024-05|RAE|C_301,2024-05,RAE,BRADFORD TEACHING HOSPITALS NHS FOUNDATION TRUST,C_301,Gastroenterology Service,1398,10.7,
2024-05|RAE|C_320,2024-05,RAE,BRADFORD TEACHING HOSPITALS NHS FOUNDATION TRUST,C_320,Cardiology Service,1599,12.1,
2024-05|RAE|C_330,2024-05,RAE,BRADFORD TEACHING HOSPITALS NHS FOUNDATION TRUST,C_330,Dermatology Service,1810,10.5,
2024-05|RAE|C_340,2024-05,RAE,BRADFORD TEACHING HOSPITALS NHS FOUNDATION TRUST,C_340,Respiratory Medicine Service,1075,11.8,
2024-05|RAE|C_400,2024-05,RAE,BRADFORD TEACHING HOSPITALS NHS FOUNDATION TRUST,C_400,Neurology Service,1162,19.2,
2024-05|RAE|C_410,2024-05,RAE,BRADFORD TEACHING HOSPITALS NHS FOUNDATION TRUST,C_410,Rheumatology Service,437,4.8,
2024-05|RAE|C_430,2024-05,RAE,BRADFORD TEACHING HOSPITALS NHS FOUNDATION TRUST,C_430,Elderly Medicine Service,68,7.0,
2024-05|RAE|C_502,2024-05,RAE,BRADFORD TEACHING HOSPITALS NHS FOUNDATION TRUST,C_502,Gynaecology Service,3267,12.9,
2024-05|RAE|C_999,2024-05,RAE,BRADFORD TEACHING HOSPITALS NHS FOUNDATION TRUST,C_999,Total,35736,12.6,
2024-05|RAE|X02,2024-05,RAE,BRADFORD TEACHING HOSPITALS NHS FOUNDATION TRUST,X02,Other - Medical Services,3792,10.2,
2024-05|RAE|X04,2024-05,RAE,BRADFORD TEACHING HOSPITALS NHS FOUNDATION TRUST,X04,Other - Paediatric Services,1907,12.2,
2024-05|RAE|X05,2024-05,RAE,BRADFORD TEACHING HOSPITALS NHS FOUNDATION TRUST,X05,Other - Surgical Services,3430,11.6,
2024-05|RAE|X06,2024-05,RAE,BRADFORD TEACHING HOSPITALS NHS FOUNDATION TRUST,X06,Other - Other Services,521,6.3,
2024-05|RAJ|C_100,2024-05,RAJ,MID AND SOUTH ESSEX NHS FOUNDATION TRUST,C_100,General Surgery Service,8997,20.4,
2024-05|RAJ|C_101,2024-05,RAJ,MID AND SOUTH ESSEX NHS FOUNDATION TRUST,C_101,Urology Service,9590,16.6,
2024-05|RAJ|C_110,2024-05,RAJ,MID AND SOUTH ESSEX NHS FOUNDATION TRUST,C_110,Trauma and Orthopaedic Service,15683,20.0,
2024-05|RAJ|C_120,2024-05,RAJ,MID AND SOUTH ESSEX NHS FOUNDATION TRUST,C_120,Ear Nose and Throat Service,14257,20.8,
2024-05|RAJ|C_130,2024-05,RAJ,MID AND SOUTH ESSEX NHS FOUNDATION TRUST,C_130,Ophthalmology Service,13883,17.2,
2024-05|RAJ|C_140,2024-05,RAJ,MID AND SOUTH ESSEX NHS FOUNDATION TRUST,C_140,Oral Surgery Service,5208,30.4,
2024-05|RAJ|C_150,2024-05,RAJ,MID AND SOUTH ESSEX NHS FOUNDATION TRUST,C_150,Neurosurgical Service,95,16.3,
2024-05|RAJ|C_160,2024-05,RAJ,MID AND SOUTH ESSEX NHS FOUNDATION TRUST,C_160,Plastic Surgery Service,5140,15.0,
2024-05|RAJ|C_170,2024-05,RAJ,MID AND SOUTH ESSEX NHS FOUNDATION TRUST,C_170,Cardiothoracic Surgery Service,13,18.5,
2024-05|RAJ|C_300,2024-05,RAJ,MID AND SOUTH ESSEX NHS FOUNDATION TRUST,C_300,General Internal Medicine Service,1700,9.4,
2024-05|RAJ|C_301,2024-05,RAJ,MID AND SOUTH ESSEX NHS FOUNDATION TRUST,C_301,Gastroenterology Service,9328,15.1,
2024-05|RAJ|C_320,2024-05,RAJ,MID AND SOUTH ESSEX NHS FOUNDATION TRUST,C_320,Cardiology Service,12268,13.5,
2024-05|RAJ|C_330,2024-05,RAJ,MID AND SOUTH ESSEX NHS FOUNDATION TRUST,C_330,Dermatology Service,10723,17.7,
2024-05|RAJ|C_340,2024-05,RAJ,MID AND SOUTH ESSEX NHS FOUNDATION TRUST,C_340,Respiratory Medicine Service,4754,12.1,
2024-05|RAJ|C_400,2024-05,RAJ,MID AND SOUTH ESSEX NHS FOUNDATION TRUST,C_400,Neurology Service,5598,18.3,
2024-05|RAJ|C_410,2024-05,RAJ,MID AND SOUTH ESSEX NHS FOUNDATION TRUST,C_410,Rheumatology Service,2617,12.5,
2024-05|RAJ|C_430,2024-05,RAJ,MID AND SOUTH ESSEX NHS FOUNDATION TRUST,C_430,Elderly Medicine Service,779,7.9,
2024-05|RAJ|C_502,2024-05,RAJ,MID AND SOUTH ESSEX NHS FOUNDATION TRUST,C_502,Gynaecology Service,12237,16.3,
2024-05|RAJ|C_999,2024-05,RAJ,MID AND SOUTH ESSEX NHS FOUNDATION TRUST,C_999,Total,165697,16.4,
2024-05|RAJ|X02,2024-05,RAJ,MID AND SOUTH ESSEX NHS FOUNDATION TRUST,X02,Other - Medical Services,16713,12.5,
2024-05|RAJ|X04,2024-05,RAJ,MID AND SOUTH ESSEX NHS FOUNDATION TRUST,X04,Other - Paediatric Services,4259,22.3,
2024-05|RAJ|X05,2024-05,RAJ,MID AND SOUTH ESSEX NHS FOUNDATION TRUST,X05,Other - Surgical Services,7461,15.2,
2024-05|RAJ|X06,2024-05,RAJ,MID AND SOUTH ESSEX NHS FOUNDATION TRUST,X06,Other - Other Services,4394,8.6,
2024-05|RAL|C_100,2024-05,RAL,ROYAL FREE LONDON NHS FOUNDATION TRUST,C_100,General Surgery Service,1900,23.1,
2024-05|RAL|C_101,2024-05,RAL,ROYAL FREE LONDON NHS FOUNDATION TRUST,C_101,Urology Service,8004,23.1,
2024-05|RAL|C_110,2024-05,RAL,ROYAL FREE LONDON NHS FOUNDATION TRUST,C_110,Trauma and Orthopaedic Service,5555,14.5,
2024-05|RAL|C_120,2024-05,RAL,ROYAL FREE LONDON NHS FOUNDATION TRUST,C_120,Ear Nose and Throat Service,10664,15.3,
2024-05|RAL|C_130,2024-05,RAL,ROYAL FREE LONDON NHS FOUNDATION TRUST,C_130,Ophthalmology Service,5149,10.4,
2024-05|RAL|C_140,2024-05,RAL,ROYAL FREE LONDON NHS FOUNDATION TRUST,C_140,Oral Surgery Service,3,34.5,
2024-05|RAL|C_150,2024-05,RAL,ROYAL FREE LONDON NHS FOUNDATION TRUST,C_150,Neurosurgical Service,1,6.5,
2024-05|RAL|C_160,2024-05,RAL,ROYAL FREE LONDON NHS FOUNDATION TRUST,C_160,Plastic Surgery Service,3246,18.4,
2024-05|RAL|C_170,2024-05,RAL,ROYAL FREE LONDON NHS FOUNDATION TRUST,C_170,Cardiothoracic Surgery Service,14,6.0,
2024-05|RAL|C_300,2024-05,RAL,ROYAL FREE LONDON NHS FOUNDATION TRUST,C_300,General Internal Medicine Service,83,8.5,
2024-05|RAL|C_301,2024-05,RAL,ROYAL FREE LONDON NHS FOUNDATION TRUST,C_301,Gastroenterology Service,4059,11.9,
2024-05|RAL|C_320,2024-05,RAL,ROYAL FREE LONDON NHS FOUNDATION TRUST,C_320,Cardiology Service,5296,12.0,
2024-05|RAL|C_330,2024-05,RAL,ROYAL FREE LONDON NHS FOUNDATION TRUST,C_330,Dermatology Service,9095,13.4,
2024-05|RAL|C_340,2024-05,RAL,ROYAL FREE LONDON NHS FOUNDATION TRUST,C_340,Respiratory Medicine Service,4622,12.7,
2024-05|RAL|C_400,2024-05,RAL,ROYAL FREE LONDON NHS FOUNDATION TRUST,C_400,Neurology Service,4003,17.1,
2024-05|RAL|C_410,2024-05,RAL,ROYAL FREE LONDON NHS FOUNDATION TRUST,C_410,Rheumatology Service,2334,13.9,
2024-05|RAL|C_430,2024-05,RAL,ROYAL FREE LONDON NHS FOUNDATION TRUST,C_430,Elderly Medicine Service,117,18.9,
2024-05|RAL|C_502,2024-05,RAL,ROYAL FREE LONDON NHS FOUNDATION TRUST,C_502,Gynaecology Service,6659,16.9,
2024-05|RAL|C_999,2024-05,RAL,ROYAL FREE LONDON NHS FOUNDATION TRUST,C_999,Total,107407,14.5,
2024-05|RAL|X02,2024-05,RAL,ROYAL FREE LONDON NHS FOUNDATION TRUST,X02,Other - Medical Services,13051,12.0,
2024-05|RAL|X03,2024-05,RAL,ROYAL FREE LONDON NHS FOUNDATION TRUST,X03,Other - Mental Health Services,1,3.5,
2024-05|RAL|X04,2024-05,RAL,ROYAL FREE LONDON NHS FOUNDATION TRUST,X04,Other - Paediatric Services,5024,14.9,
2024-05|RAL|X05,2024-05,RAL,ROYAL FREE LONDON NHS FOUNDATION TRUST,X05,Other - Surgical Services,16510,15.1,
2024-05|RAL|X06,2024-05,RAL,ROYAL FREE LONDON NHS FOUNDATION TRUST,X06,Other - Other Services,2017,16.5,
2024-05|RAN|C_101,2024-05,RAN,ROYAL NATIONAL ORTHOPAEDIC HOSPITAL NHS TRUST,C_101,Urology Service,80,14.2,
2024-05|RAN|C_110,2024-05,RAN,ROYAL NATIONAL ORTHOPAEDIC HOSPITAL NHS TRUST,C_110,Trauma and Orthopaedic Service,5704,11.2,
2024-05|RAN|C_160,2024-05,RAN,ROYAL NATIONAL ORTHOPAEDIC HOSPITAL NHS TRUST,C_160,Plastic Surgery Service,3,31.5,
2024-05|RAN|C_301,2024-05,RAN,ROYAL NATIONAL ORTHOPAEDIC HOSPITAL NHS TRUST,C_301,Gastroenterology Service,10,10.2,
2024-05|RAN|C_410,2024-05,RAN,ROYAL NATIONAL ORTHOPAEDIC HOSPITAL NHS TRUST,C_410,Rheumatology Service,190,9.8,
2024-05|RAN|C_999,2024-05,RAN,ROYAL NATIONAL ORTHOPAEDIC HOSPITAL NHS TRUST,C_999,Total,8087,11.6,
2024-05|RAN|X02,2024-05,RAN,ROYAL NATIONAL ORTHOPAEDIC HOSPITAL NHS TRUST,X02,Other - Medical Services,1380,14.7,
2024-05|RAN|X03,2024-05,RAN,ROYAL NATIONAL ORTHOPAEDIC HOSPITAL NHS TRUST,X03,Other - Mental Health Services,28,5.5,
2024-05|RAN|X04,2024-05,RAN,ROYAL NATIONAL ORTHOPAEDIC HOSPITAL NHS TRUST,X04,Other - Paediatric Services,642,11.2,
2024-05|RAN|X06,2024-05,RAN,ROYAL NATIONAL ORTHOPAEDIC HOSPITAL NHS TRUST,X06,Other - Other Services,50,11.4,
2024-05|RAP|C_100,2024-05,RAP,NORTH MIDDLESEX UNIVERSITY HOSPITAL NHS TRUST,C_100,General Surgery Service,1284,23.9,
2024-05|RAP|C_101,2024-05,RAP,NORTH MIDDLESEX UNIVERSITY HOSPITAL NHS TRUST,C_101,Urology Service,1719,9.5,
2024-05|RAP|C_110,2024-05,RAP,NORTH MIDDLESEX UNIVERSITY HOSPITAL NHS TRUST,C_110,Trauma and Orthopaedic Service,1661,8.8,
2024-05|RAP|C_130,2024-05,RAP,NORTH MIDDLESEX UNIVERSITY HOSPITAL NHS TRUST,C_130,Ophthalmology Service,866,6.4,
2024-05|RAP|C_300,2024-05,RAP,NORTH MIDDLESEX UNIVERSITY HOSPITAL NHS TRUST,C_300,General Internal Medicine Service,125,3.8,
2024-05|RAP|C_301,2024-05,RAP,NORTH MIDDLESEX UNIVERSITY HOSPITAL NHS TRUST,C_301,Gastroenterology Service,2675,16.1,
2024-05|RAP|C_320,2024-05,RAP,NORTH MIDDLESEX UNIVERSITY HOSPITAL NHS TRUST,C_320,Cardiology Service,1419,8.5,
2024-05|RAP|C_330,2024-05,RAP,NORTH MIDDLESEX UNIVERSITY HOSPITAL NHS TRUST,C_330,Dermatology Service,1339,4.2,
2024-05|RAP|C_340,2024-05,RAP,NORTH MIDDLESEX UNIVERSITY HOSPITAL NHS TRUST,C_340,Respiratory Medicine Service,1597,13.4,
2024-05|RAP|C_400,2024-05,RAP,NORTH MIDDLESEX UNIVERSITY HOSPITAL NHS TRUST,C_400,Neurology Service,1144,15.4,
2024-05|RAP|C_410,2024-05,RAP,NORTH MIDDLESEX UNIVERSITY HOSPITAL NHS TRUST,C_410,Rheumatology Service,535,9.9,
2024-05|RAP|C_430,2024-05,RAP,NORTH MIDDLESEX UNIVERSITY HOSPITAL NHS TRUST,C_430,Elderly Medicine Service,24,2.3,
2024-05|RAP|C_502,2024-05,RAP,NORTH MIDDLESEX UNIVERSITY HOSPITAL NHS TRUST,C_502,Gynaecology Service,2067,12.9,
2024-05|RAP|C_999,2024-05,RAP,NORTH MIDDLESEX UNIVERSITY HOSPITAL NHS TRUST,C_999,Total,24623,10.8,
2024-05|RAP|X02,2024-05,RAP,NORTH MIDDLESEX UNIVERSITY HOSPITAL NHS TRUST,X02,Other - Medical Services,5248,10.6,
2024-05|RAP|X03,2024-05,RAP,NORTH MIDDLESEX UNIVERSITY HOSPITAL NHS TRUST,X03,Other - Mental Health Services,1,0.5,
2024-05|RAP|X04,2024-05,RAP,NORTH MIDDLESEX UNIVERSITY HOSPITAL NHS TRUST,X04,Other - Paediatric Services,638,7.3,
2024-05|RAP|X05,2024-05,RAP,NORTH MIDDLESEX UNIVERSITY HOSPITAL NHS TRUST,X05,Other - Surgical Services,1998,13.1,
2024-05|RAP|X06,2024-05,RAP,NORTH MIDDLESEX UNIVERSITY HOSPITAL NHS TRUST,X06,Other - Other Services,283,5.3,
2024-05|RAS|C_100,2024-05,RAS,THE HILLINGDON HOSPITALS NHS FOUNDATION TRUST,C_100,General Surgery Service,1331,18.6,
2024-05|RAS|C_101,2024-05,RAS,THE HILLINGDON HOSPITALS NHS FOUNDATION TRUST,C_101,Urology Service,1615,21.5,
2024-05|RAS|C_110,2024-05,RAS,THE HILLINGDON HOSPITALS NHS FOUNDATION TRUST,C_110,Trauma and Orthopaedic Service,4376,23.6,
2024-05|RAS|C_120,2024-05,RAS,THE HILLINGDON HOSPITALS NHS FOUNDATION TRUST,C_120,Ear Nose and Throat Service,2126,26.3,
2024-05|RAS|C_130,2024-05,RAS,THE HILLINGDON HOSPITALS NHS FOUNDATION TRUST,C_130,Ophthalmology Service,2245,13.2,
2024-05|RAS|C_140,2024-05,RAS,THE HILLINGDON HOSPITALS NHS FOUNDATION TRUST,C_140,Oral Surgery Service,1761,16.2,
2024-05|RAS|C_160,2024-05,RAS,THE HILLINGDON HOSPITALS NHS FOUNDATION TRUST,C_160,Plastic Surgery Service,12,31.0,
2024-05|RAS|C_300,2024-05,RAS,THE HILLINGDON HOSPITALS NHS FOUNDATION TRUST,C_300,General Internal Medicine Service,36,9.7,
2024-05|RAS|C_301,2024-05,RAS,THE HILLINGDON HOSPITALS NHS FOUNDATION TRUST,C_301,Gastroenterology Service,903,14.2,
2024-05|RAS|C_320,2024-05,RAS,THE HILLINGDON HOSPITALS NHS FOUNDATION TRUST,C_320,Cardiology Service,1272,13.9,
2024-05|RAS|C_330,2024-05,RAS,THE HILLINGDON HOSPITALS NHS FOUNDATION TRUST,C_330,Dermatology Service,1219,10.6,
2024-05|RAS|C_340,2024-05,RAS,THE HILLINGDON HOSPITALS NHS FOUNDATION TRUST,C_340,Respiratory Medicine Service,1580,13.6,
2024-05|RAS|C_400,2024-05,RAS,THE HILLINGDON HOSPITALS NHS FOUNDATION TRUST,C_400,Neurology Service,702,26.5,
2024-05|RAS|C_410,2024-05,RAS,THE HILLINGDON HOSPITALS NHS FOUNDATION TRUST,C_410,Rheumatology Service,813,31.1,
2024-05|RAS|C_430,2024-05,RAS,THE HILLINGDON HOSPITALS NHS FOUNDATION TRUST,C_430,Elderly Medicine Service,346,9.8,
2024-05|RAS|C_502,2024-05,RAS,THE HILLINGDON HOSPITALS NHS FOUNDATION TRUST,C_502,Gynaecology Service,1641,11.7,
2024-05|RAS|C_999,2024-05,RAS,THE HILLINGDON HOSPITALS NHS FOUNDATION TRUST,C_999,Total,29510,16.6,
2024-05|RAS|X02,2024-05,RAS,THE HILLINGDON HOSPITALS NHS FOUNDATION TRUST,X02,Other - Medical Services,3339,12.9,
2024-05|RAS|X04,2024-05,RAS,THE HILLINGDON HOSPITALS NHS FOUNDATION TRUST,X04,Other - Paediatric Services,880,12.6,
2024-05|RAS|X05,2024-05,RAS,THE HILLINGDON HOSPITALS NHS FOUNDATION TRUST,X05,Other - Surgical Services,2232,14.9,
2024-05|RAS|X06,2024-05,RAS,THE HILLINGDON HOSPITALS NHS FOUNDATION TRUST,X06,Other - Other Services,1081,10.1,
2024-05|RAX|C_100,2024-05,RAX,KINGSTON HOSPITAL NHS FOUNDATION TRUST,C_100,General Surgery Service,1078,15.7,
2024-05|RAX|C_101,2024-05,RAX,KINGSTON HOSPITAL NHS FOUNDATION TRUST,C_101,Urology Service,1704,8.4,
2024-05|RAX|C_110,2024-05,RAX,KINGSTON HOSPITAL NHS FOUNDATION TRUST,C_110,Trauma and Orthopaedic Service,3221,16.9,
2024-05|RAX|C_120,2024-05,RAX,KINGSTON HOSPITAL NHS FOUNDATION TRUST,C_120,Ear Nose and Throat Service,4783,13.0,
2024-05|RAX|C_130,2024-05,RAX,KINGSTON HOSPITAL NHS FOUNDATION TRUST,C_130,Ophthalmology Service,4558,10.3,
2024-05|RAX|C_140,2024-05,RAX,KINGSTON HOSPITAL NHS FOUNDATION TRUST,C_140,Oral Surgery Service,1188,9.6,
2024-05|RAX|C_160,2024-05,RAX,KINGSTON HOSPITAL NHS FOUNDATION TRUST,C_160,Plastic Surgery Service,281,12.0,
2024-05|RAX|C_300,2024-05,RAX,KINGSTON HOSPITAL NHS FOUNDATION TRUST,C_300,General Internal Medicine Service,570,34.3,
2024-05|RAX|C_301,2024-05,RAX,KINGSTON HOSPITAL NHS FOUNDATION TRUST,C_301,Gastroenterology Service,2654,15.2,
2024-05|RAX|C_320,2024-05,RAX,KINGSTON HOSPITAL NHS FOUNDATION TRUST,C_320,Cardiology Service,1565,12.0,
2024-05|RAX|C_330,2024-05,RAX,KINGSTON HOSPITAL NHS FOUNDATION TRUST,C_330,Dermatology Service,3631,17.8,
2024-05|RAX|C_340,2024-05,RAX,KINGSTON HOSPITAL NHS FOUNDATION TRUST,C_340,Respiratory Medicine Service,1439,16.3,
2024-05|RAX|C_400,2024-05,RAX,KINGSTON HOSPITAL NHS FOUNDATION TRUST,C_400,Neurology Service,967,13.3,
2024-05|RAX|C_410,2024-05,RAX,KINGSTON HOSPITAL NHS FOUNDATION TRUST,C_410,Rheumatology Service,683,10.1,
2024-05|RAX|C_430,2024-05,RAX,KINGSTON HOSPITAL NHS FOUNDATION TRUST,C_430,Elderly Medicine Service,24,1.9,
2024-05|RAX|C_502,2024-05,RAX,KINGSTON HOSPITAL NHS FOUNDATION TRUST,C_502,Gynaecology Service,3570,14.6,
2024-05|RAX|C_999,2024-05,RAX,KINGSTON HOSPITAL NHS FOUNDATION TRUST,C_999,Total,40553,13.3,
2024-05|RAX|X02,2024-05,RAX,KINGSTON HOSPITAL NHS FOUNDATION TRUST,X02,Other - Medical Services,675,5.6,
2024-05|RAX|X04,2024-05,RAX,KINGSTON HOSPITAL NHS FOUNDATION TRUST,X04,Other - Paediatric Services,1904,15.6,
2024-05|RAX|X05,2024-05,RAX,KINGSTON HOSPITAL NHS FOUNDATION TRUST,X05,Other - Surgical Services,5991,12.3,
2024-05|RAX|X06,2024-05,RAX,KINGSTON HOSPITAL NHS FOUNDATION TRUST,X06,Other - Other Services,67,11.2,
2024-05|RBD|C_100,2024-05,RBD,DORSET COUNTY HOSPITAL NHS FOUNDATION TRUST,C_100,General Surgery Service,1333,27.4,
2024-05|RBD|C_101,2024-05,RBD,DORSET COUNTY HOSPITAL NHS FOUNDATION TRUST,C_101,Urology Service,951,16.2,
2024-05|RBD|C_110,2024-05,RBD,DORSET COUNTY HOSPITAL NHS FOUNDATION TRUST,C_110,Trauma and Orthopaedic Service,3576,24.7,
2024-05|RBD|C_120,2024-05,RBD,DORSET COUNTY HOSPITAL NHS FOUNDATION TRUST,C_120,Ear Nose and Throat Service,3878,26.2,
2024-05|RBD|C_130,2024-05,RBD,DORSET COUNTY HOSPITAL NHS FOUNDATION TRUST,C_130,Ophthalmology Service,3094,16.9,
2024-05|RBD|C_140,2024-05,RBD,DORSET COUNTY HOSPITAL NHS FOUNDATION TRUST,C_140,Oral Surgery Service,1296,13.5,
2024-05|RBD|C_300,2024-05,RBD,DORSET COUNTY HOSPITAL NHS FOUNDATION TRUST,C_300,General Internal Medicine Service,1,2.5,
2024-05|RBD|C_301,2024-05,RBD,DORSET COUNTY HOSPITAL NHS FOUNDATION TRUST,C_301,Gastroenterology Service,706,10.3,
2024-05|RBD|C_320,2024-05,RBD,DORSET COUNTY HOSPITAL NHS FOUNDATION TRUST,C_320,Cardiology Service,912,10.8,
2024-05|RBD|C_330,2024-05,RBD,DORSET COUNTY HOSPITAL NHS FOUNDATION TRUST,C_330,Dermatology Service,1433,15.0,
2024-05|RBD|C_340,2024-05,RBD,DORSET COUNTY HOSPITAL NHS FOUNDATION TRUST,C_340,Respiratory Medicine Service,544,7.5,
2024-05|RBD|C_410,2024-05,RBD,DORSET COUNTY HOSPITAL NHS FOUNDATION TRUST,C_410,Rheumatology Service,13,9.8,
2024-05|RBD|C_430,2024-05,RBD,DORSET COUNTY HOSPITAL NHS FOUNDATION TRUST,C_430,Elderly Medicine Service,39,7.9,
2024-05|RBD|C_502,2024-05,RBD,DORSET COUNTY HOSPITAL NHS FOUNDATION TRUST,C_502,Gynaecology Service,2015,19.4,
2024-05|RBD|C_999,2024-05,RBD,DORSET COUNTY HOSPITAL NHS FOUNDATION TRUST,C_999,Total,22182,16.9,
2024-05|RBD|X02,2024-05,RBD,DORSET COUNTY HOSPITAL NHS FOUNDATION TRUST,X02,Other - Medical Services,974,6.3,
2024-05|RBD|X04,2024-05,RBD,DORSET COUNTY HOSPITAL NHS FOUNDATION TRUST,X04,Other - Paediatric Services,286,24.2,
2024-05|RBD|X05,2024-05,RBD,DORSET COUNTY HOSPITAL NHS FOUNDATION TRUST,X05,Other - Surgical Services,1121,6.0,
2024-05|RBD|X06,2024-05,RBD,DORSET COUNTY HOSPITAL NHS FOUNDATION TRUST,X06,Other - Other Services,10,7.0,
2024-05|RBK|C_100,2024-05,RBK,WALSALL HEALTHCARE NHS TRUST,C_100,General Surgery Service,1152,12.6,
2024-05|RBK|C_110,2024-05,RBK,WALSALL HEALTHCARE NHS TRUST,C_110,Trauma and Orthopaedic Service,2957,12.8,
2024-05|RBK|C_120,2024-05,RBK,WALSALL HEALTHCARE NHS TRUST,C_120,Ear Nose and Throat Service,3649,18.4,
2024-05|RBK|C_130,2024-05,RBK,WALSALL HEALTHCARE NHS TRUST,C_130,Ophthalmology Service,1294,8.1,
2024-05|RBK|C_140,2024-05,RBK,WALSALL HEALTHCARE NHS TRUST,C_140,Oral Surgery Service,1835,19.4,
2024-05|RBK|C_160,2024-05,RBK,WALSALL HEALTHCARE NHS TRUST,C_160,Plastic Surgery Service,160,19.0,
2024-05|RBK|C_301,2024-05,RBK,WALSALL HEALTHCARE NHS TRUST,C_301,Gastroenterology Service,2468,11.8,
2024-05|RBK|C_320,2024-05,RBK,WALSALL HEALTHCARE NHS TRUST,C_320,Cardiology Service,1354,7.4,
2024-05|RBK|C_330,2024-05,RBK,WALSALL HEALTHCARE NHS TRUST,C_330,Dermatology Service,2119,23.4,
2024-05|RBK|C_340,2024-05,RBK,WALSALL HEALTHCARE NHS TRUST,C_340,Respiratory Medicine Service,876,9.5,
2024-05|RBK|C_400,2024-05,RBK,WALSALL HEALTHCARE NHS TRUST,C_400,Neurology Service,570,4.8,
2024-05|RBK|C_410,2024-05,RBK,WALSALL HEALTHCARE NHS TRUST,C_410,Rheumatology Service,1115,16.8,
2024-05|RBK|C_430,2024-05,RBK,WALSALL HEALTHCARE NHS TRUST,C_430,Elderly Medicine Service,156,4.8,
2024-05|RBK|C_502,2024-05,RBK,WALSALL HEALTHCARE NHS TRUST,C_502,Gynaecology Service,2162,9.9,
2024-05|RBK|C_999,2024-05,RBK,WALSALL HEALTHCARE NHS TRUST,C_999,Total,30422,12.1,
2024-05|RBK|X02,2024-05,RBK,WALSALL HEALTHCARE NHS TRUST,X02,Other - Medical Services,2490,12.8,
2024-05|RBK|X04,2024-05,RBK,WALSALL HEALTHCARE NHS TRUST,X04,Other - Paediatric Services,3210,9.1,
2024-05|RBK|X05,2024-05,RBK,WALSALL HEALTHCARE NHS TRUST,X05,Other - Surgical Services,2567,11.8,
2024-05|RBK|X06,2024-05,RBK,WALSALL HEALTHCARE NHS TRUST,X06,Other - Other Services,288,9.7,
2024-05|RBL|C_100,2024-05,RBL,WIRRAL UNIVERSITY TEACHING HOSPITAL NHS FOUNDATION TRUST,C_100,General Surgery Service,195,6.2,
2024-05|RBL|C_101,2024-05,RBL,WIRRAL UNIVERSITY TEACHING HOSPITAL NHS FOUNDATION TRUST,C_101,Urology Service,2084,11.2,
2024-05|RBL|C_110,2024-05,RBL,WIRRAL UNIVERSITY TEACHING HOSPITAL NHS FOUNDATION TRUST,C_110,Trauma and Orthopaedic Service,1773,12.4,
2024-05|RBL|C_120,2024-05,RBL,WIRRAL UNIVERSITY TEACHING HOSPITAL NHS FOUNDATION TRUST,C_120,Ear Nose and Throat Service,3705,19.6,
2024-05|RBL|C_130,2024-05,RBL,WIRRAL UNIVERSITY TEACHING HOSPITAL NHS FOUNDATION TRUST,C_130,Ophthalmology Service,3492,18.8,
2024-05|RBL|C_140,2024-05,RBL,WIRRAL UNIVERSITY TEACHING HOSPITAL NHS FOUNDATION TRUST,C_140,Oral Surgery Service,1872,12.8,
2024-05|RBL|C_300,2024-05,RBL,WIRRAL UNIVERSITY TEACHING HOSPITAL NHS FOUNDATION TRUST,C_300,General Internal Medicine Service,46,2.0,
2024-05|RBL|C_301,2024-05,RBL,WIRRAL UNIVERSITY TEACHING HOSPITAL NHS FOUNDATION TRUST,C_301,Gastroenterology Service,2619,13.2,
2024-05|RBL|C_320,2024-05,RBL,WIRRAL UNIVERSITY TEACHING HOSPITAL NHS FOUNDATION TRUST,C_320,Cardiology Service,2136,17.7,
2024-05|RBL|C_330,2024-05,RBL,WIRRAL UNIVERSITY TEACHING HOSPITAL NHS FOUNDATION TRUST,C_330,Dermatology Service,3496,14.8,
2024-05|RBL|C_340,2024-05,RBL,WIRRAL UNIVERSITY TEACHING HOSPITAL NHS FOUNDATION TRUST,C_340,Respiratory Medicine Service,2950,13.9,
2024-05|RBL|C_410,2024-05,RBL,WIRRAL UNIVERSITY TEACHING HOSPITAL NHS FOUNDATION TRUST,C_410,Rheumatology Service,891,16.4,
2024-05|RBL|C_430,2024-05,RBL,WIRRAL UNIVERSITY TEACHING HOSPITAL NHS FOUNDATION TRUST,C_430,Elderly Medicine Service,123,5.2,
2024-05|RBL|C_502,2024-05,RBL,WIRRAL UNIVERSITY TEACHING HOSPITAL NHS FOUNDATION TRUST,C_502,Gynaecology Service,4591,26.1,
2024-05|RBL|C_999,2024-05,RBL,WIRRAL UNIVERSITY TEACHING HOSPITAL NHS FOUNDATION TRUST,C_999,Total,44514,13.9,
2024-05|RBL|X02,2024-05,RBL,WIRRAL UNIVERSITY TEACHING HOSPITAL NHS FOUNDATION TRUST,X02,Other - Medical Services,3380,10.4,
2024-05|RBL|X04,2024-05,RBL,WIRRAL UNIVERSITY TEACHING HOSPITAL NHS FOUNDATION TRUST,X04,Other - Paediatric Services,2814,9.6,
2024-05|RBL|X05,2024-05,RBL,WIRRAL UNIVERSITY TEACHING HOSPITAL NHS FOUNDATION TRUST,X05,Other - Surgical Services,5170,15.0,
2024-05|RBL|X06,2024-05,RBL,WIRRAL UNIVERSITY TEACHING HOSPITAL NHS FOUNDATION TRUST,X06,Other - Other Services,3177,6.4,
2024-05|RBN|C_100,2024-05,RBN,MERSEY AND WEST LANCASHIRE TEACHING HOSPITALS NHS TRUST,C_100,General Surgery Service,6481,13.3,
2024-05|RBN|C_101,2024-05,RBN,MERSEY AND WEST LANCASHIRE TEACHING HOSPITALS NHS TRUST,C_101,Urology Service,6245,14.0,
2024-05|RBN|C_110,2024-05,RBN,MERSEY AND WEST LANCASHIRE TEACHING HOSPITALS NHS TRUST,C_110,Trauma and Orthopaedic Service,7380,10.1,
2024-05|RBN|C_120,2024-05,RBN,MERSEY AND WEST LANCASHIRE TEACHING HOSPITALS NHS TRUST,C_120,Ear Nose and Throat Service,6163,10.8,
2024-05|RBN|C_130,2024-05,RBN,MERSEY AND WEST LANCASHIRE TEACHING HOSPITALS NHS TRUST,C_130,Ophthalmology Service,4199,12.1,
2024-05|RBN|C_140,2024-05,RBN,MERSEY AND WEST LANCASHIRE TEACHING HOSPITALS NHS TRUST,C_140,Oral Surgery Service,1405,10.8,
2024-05|RBN|C_150,2024-05,RBN,MERSEY AND WEST LANCASHIRE TEACHING HOSPITALS NHS TRUST,C_150,Neurosurgical Service,51,14.5,
2024-05|RBN|C_160,2024-05,RBN,MERSEY AND WEST LANCASHIRE TEACHING HOSPITALS NHS TRUST,C_160,Plastic Surgery Service,7987,21.8,
2024-05|RBN|C_170,2024-05,RBN,MERSEY AND WEST LANCASHIRE TEACHING HOSPITALS NHS TRUST,C_170,Cardiothoracic Surgery Service,1,39.5,
2024-05|RBN|C_300,2024-05,RBN,MERSEY AND WEST LANCASHIRE TEACHING HOSPITALS NHS TRUST,C_300,General Internal Medicine Service,608,6.0,
2024-05|RBN|C_301,2024-05,RBN,MERSEY AND WEST LANCASHIRE TEACHING HOSPITALS NHS TRUST,C_301,Gastroenterology Service,7126,13.0,
2024-05|RBN|C_320,2024-05,RBN,MERSEY AND WEST LANCASHIRE TEACHING HOSPITALS NHS TRUST,C_320,Cardiology Service,3433,13.9,
2024-05|RBN|C_330,2024-05,RBN,MERSEY AND WEST LANCASHIRE TEACHING HOSPITALS NHS TRUST,C_330,Dermatology Service,7563,12.8,
2024-05|RBN|C_340,2024-05,RBN,MERSEY AND WEST LANCASHIRE TEACHING HOSPITALS NHS TRUST,C_340,Respiratory Medicine Service,1298,11.7,
2024-05|RBN|C_410,2024-05,RBN,MERSEY AND WEST LANCASHIRE TEACHING HOSPITALS NHS TRUST,C_410,Rheumatology Service,1020,8.2,
2024-05|RBN|C_430,2024-05,RBN,MERSEY AND WEST LANCASHIRE TEACHING HOSPITALS NHS TRUST,C_430,Elderly Medicine Service,335,9.2,
2024-05|RBN|C_502,2024-05,RBN,MERSEY AND WEST LANCASHIRE TEACHING HOSPITALS NHS TRUST,C_502,Gynaecology Service,7309,16.6,
2024-05|RBN|C_999,2024-05,RBN,MERSEY AND WEST LANCASHIRE TEACHING HOSPITALS NHS TRUST,C_999,Total,81725,13.3,
2024-05|RBN|X02,2024-05,RBN,MERSEY AND WEST LANCASHIRE TEACHING HOSPITALS NHS TRUST,X02,Other - Medical Services,7774,12.9,
2024-05|RBN|X04,2024-05,RBN,MERSEY AND WEST LANCASHIRE TEACHING HOSPITALS NHS TRUST,X04,Other - Paediatric Services,2590,11.3,
2024-05|RBN|X05,2024-05,RBN,MERSEY AND WEST LANCASHIRE TEACHING HOSPITALS NHS TRUST,X05,Other - Surgical Services,2626,16.6,
2024-05|RBN|X06,2024-05,RBN,MERSEY AND WEST LANCASHIRE TEACHING HOSPITALS NHS TRUST,X06,Other - Other Services,131,17.3,
2024-05|RBQ|C_170,2024-05,RBQ,LIVERPOOL HEART AND CHEST HOSPITAL NHS FOUNDATION TRUST,C_170,Cardiothoracic Surgery Service,1212,18.0,
2024-05|RBQ|C_320,2024-05,RBQ,LIVERPOOL HEART AND CHEST HOSPITAL NHS FOUNDATION TRUST,C_320,Cardiology Service,4209,9.8,
2024-05|RBQ|C_340,2024-05,RBQ,LIVERPOOL HEART AND CHEST HOSPITAL NHS FOUNDATION TRUST,C_340,Respiratory Medicine Service,910,4.3,
2024-05|RBQ|C_999,2024-05,RBQ,LIVERPOOL HEART AND CHEST HOSPITAL NHS FOUNDATION TRUST,C_999,Total,6331,9.8,
2024-05|RBS|C_999,2024-05,RBS,ALDER HEY CHILDREN'S NHS FOUNDATION TRUST,C_999,Total,25163,15.8,
2024-05|RBS|X04,2024-05,RBS,ALDER HEY CHILDREN'S NHS FOUNDATION TRUST,X04,Other - Paediatric Services,25163,15.8,
2024-05|RBT|C_100,2024-05,RBT,MID CHESHIRE HOSPITALS NHS FOUNDATION TRUST,C_100,General Surgery Service,5357,14.8,
2024-05|RBT|C_101,2024-05,RBT,MID CHESHIRE HOSPITALS NHS FOUNDATION TRUST,C_101,Urology Service,1844,8.1,
2024-05|RBT|C_110,2024-05,RBT,MID CHESHIRE HOSPITALS NHS FOUNDATION TRUST,C_110,Trauma and Orthopaedic Service,4364,23.3,
2024-05|RBT|C_120,2024-05,RBT,MID CHESHIRE HOSPITALS NHS FOUNDATION TRUST,C_120,Ear Nose and Throat Service,5718,17.5,
2024-05|RBT|C_130,2024-05,RBT,MID CHESHIRE HOSPITALS NHS FOUNDATION TRUST,C_130,Ophthalmology Service,4229,14.2,
2024-05|RBT|C_300,2024-05,RBT,MID CHESHIRE HOSPITALS NHS FOUNDATION TRUST,C_300,General Internal Medicine Service,168,10.9,
2024-05|RBT|C_301,2024-05,RBT,MID CHESHIRE HOSPITALS NHS FOUNDATION TRUST,C_301,Gastroenterology Service,806,11.9,
2024-05|RBT|C_320,2024-05,RBT,MID CHESHIRE HOSPITALS NHS FOUNDATION TRUST,C_320,Cardiology Service,2960,24.5,
2024-05|RBT|C_330,2024-05,RBT,MID CHESHIRE HOSPITALS NHS FOUNDATION TRUST,C_330,Dermatology Service,5268,15.3,
2024-05|RBT|C_340,2024-05,RBT,MID CHESHIRE HOSPITALS NHS FOUNDATION TRUST,C_340,Respiratory Medicine Service,768,17.1,
2024-05|RBT|C_410,2024-05,RBT,MID CHESHIRE HOSPITALS NHS FOUNDATION TRUST,C_410,Rheumatology Service,1535,30.0,
2024-05|RBT|C_430,2024-05,RBT,MID CHESHIRE HOSPITALS NHS FOUNDATION TRUST,C_430,Elderly Medicine Service,30,6.5,
2024-05|RBT|C_502,2024-05,RBT,MID CHESHIRE HOSPITALS NHS FOUNDATION TRUST,C_502,Gynaecology Service,2321,13.6,
2024-05|RBT|C_999,2024-05,RBT,MID CHESHIRE HOSPITALS NHS FOUNDATION TRUST,C_999,Total,38510,15.3,
2024-05|RBT|X02,2024-05,RBT,MID CHESHIRE HOSPITALS NHS FOUNDATION TRUST,X02,Other - Medical Services,1882,9.9,
2024-05|RBT|X05,2024-05,RBT,MID CHESHIRE HOSPITALS NHS FOUNDATION TRUST,X05,Other - Surgical Services,485,1.8,
2024-05|RBT|X06,2024-05,RBT,MID CHESHIRE HOSPITALS NHS FOUNDATION TRUST,X06,Other - Other Services,775,4.1,
2024-05|RBV|C_101,2024-05,RBV,THE CHRISTIE NHS FOUNDATION TRUST,C_101,Urology Service,137,7.4,
2024-05|RBV|C_160,2024-05,RBV,THE CHRISTIE NHS FOUNDATION TRUST,C_160,Plastic Surgery Service,197,6.0,
2024-05|RBV|C_502,2024-05,RBV,THE CHRISTIE NHS FOUNDATION TRUST,C_502,Gynaecology Service,40,5.8,
2024-05|RBV|C_999,2024-05,RBV,THE CHRISTIE NHS FOUNDATION TRUST,C_999,Total,2395,4.5,
2024-05|RBV|X02,2024-05,RBV,THE CHRISTIE NHS FOUNDATION TRUST,X02,Other - Medical Services,1895,4.1,
2024-05|RBV|X05,2024-05,RBV,THE CHRISTIE NHS FOUNDATION TRUST,X05,Other - Surgical Services,126,6.0,
2024-05|RC9|C_100,2024-05,RC9,BEDFORDSHIRE HOSPITALS NHS FOUNDATION TRUST,C_100,General Surgery Service,4559,19.7,
2024-05|RC9|C_101,2024-05,RC9,BEDFORDSHIRE HOSPITALS NHS FOUNDATION TRUST,C_101,Urology Service,6076,18.0,
2024-05|RC9|C_110,2024-05,RC9,BEDFORDSHIRE HOSPITALS NHS FOUNDATION TRUST,C_110,Trauma and Orthopaedic Service,6330,19.2,
2024-05|RC9|C_120,2024-05,RC9,BEDFORDSHIRE HOSPITALS NHS FOUNDATION TRUST,C_120,Ear Nose and Throat Service,8786,18.1,
2024-05|RC9|C_130,2024-05,RC9,BEDFORDSHIRE HOSPITALS NHS FOUNDATION TRUST,C_130,Ophthalmology Service,10358,16.8,
2024-05|RC9|C_140,2024-05,RC9,BEDFORDSHIRE HOSPITALS NHS FOUNDATION TRUST,C_140,Oral Surgery Service,6621,21.4,
2024-05|RC9|C_160,2024-05,RC9,BEDFORDSHIRE HOSPITALS NHS FOUNDATION TRUST,C_160,Plastic Surgery Service,1664,18.1,
2024-05|RC9|C_300,2024-05,RC9,BEDFORDSHIRE HOSPITALS NHS FOUNDATION TRUST,C_300,General Internal Medicine Service,2729,11.9,
2024-05|RC9|C_301,2024-05,RC9,BEDFORDSHIRE HOSPITALS NHS FOUNDATION TRUST,C_301,Gastroenterology Service,3685,16.7,
2024-05|RC9|C_320,2024-05,RC9,BEDFORDSHIRE HOSPITALS NHS FOUNDATION TRUST,C_320,Cardiology Service,7323,17.3,
2024-05|RC9|C_330,2024-05,RC9,BEDFORDSHIRE HOSPITALS NHS FOUNDATION TRUST,C_330,Dermatology Service,4996,12.0,
2024-05|RC9|C_340,2024-05,RC9,BEDFORDSHIRE HOSPITALS NHS FOUNDATION TRUST,C_340,Respiratory Medicine Service,3922,12.8,
2024-05|RC9|C_400,2024-05,RC9,BEDFORDSHIRE HOSPITALS NHS FOUNDATION TRUST,C_400,Neurology Service,3708,19.2,
2024-05|RC9|C_410,2024-05,RC9,BEDFORDSHIRE HOSPITALS NHS FOUNDATION TRUST,C_410,Rheumatology Service,1078,9.6,
2024-05|RC9|C_430,2024-05,RC9,BEDFORDSHIRE HOSPITALS NHS FOUNDATION TRUST,C_430,Elderly Medicine Service,356,8.8,
2024-05|RC9|C_502,2024-05,RC9,BEDFORDSHIRE HOSPITALS NHS FOUNDATION TRUST,C_502,Gynaecology Service,9501,17.7,
2024-05|RC9|C_999,2024-05,RC9,BEDFORDSHIRE HOSPITALS NHS FOUNDATION TRUST,C_999,Total,100850,16.4,
2024-05|RC9|X02,2024-05,RC9,BEDFORDSHIRE HOSPITALS NHS FOUNDATION TRUST,X02,Other - Medical Services,2988,11.9,
2024-05|RC9|X04,2024-05,RC9,BEDFORDSHIRE HOSPITALS NHS FOUNDATION TRUST,X04,Other - Paediatric Services,6164,13.8,
2024-05|RC9|X05,2024-05,RC9,BEDFORDSHIRE HOSPITALS NHS FOUNDATION TRUST,X05,Other - Surgical Services,8350,16.8,
2024-05|RC9|X06,2024-05,RC9,BEDFORDSHIRE HOSPITALS NHS FOUNDATION TRUST,X06,Other - Other Services,1656,16.4,
2024-05|RCB|C_100,2024-05,RCB,YORK AND SCARBOROUGH TEACHING HOSPITALS NHS FOUNDATION TRUST,C_100,General Surgery Service,285,1.6,
2024-05|RCB|C_101,2024-05,RCB,YORK AND SCARBOROUGH TEACHING HOSPITALS NHS FOUNDATION TRUST,C_101,Urology Service,3303,18.5,
2024-05|RCB|C_110,2024-05,RCB,YORK AND SCARBOROUGH TEACHING HOSPITALS NHS FOUNDATION TRUST,C_110,Trauma and Orthopaedic Service,3869,15.1,
2024-05|RCB|C_120,2024-05,RCB,YORK AND SCARBOROUGH TEACHING HOSPITALS NHS FOUNDATION TRUST,C_120,Ear Nose and Throat Service,5910,18.0,
2024-05|RCB|C_130,2024-05,RCB,YORK AND SCARBOROUGH TEACHING HOSPITALS NHS FOUNDATION TRUST,C_130,Ophthalmology Service,6072,14.4,
2024-05|RCB|C_140,2024-05,RCB,YORK AND SCARBOROUGH TEACHING HOSPITALS NHS FOUNDATION TRUST,C_140,Oral Surgery Service,2127,18.1,
2024-05|RCB|C_160,2024-05,RCB,YORK AND SCARBOROUGH TEACHING HOSPITALS NHS FOUNDATION TRUST,C_160,Plastic Surgery Service,170,10.0,
2024-05|RCB|C_170,2024-05,RCB,YORK AND SCARBOROUGH TEACHING HOSPITALS NHS FOUNDATION TRUST,C_170,Cardiothoracic Surgery Service,62,43.2,
2024-05|RCB|C_300,2024-05,RCB,YORK AND SCARBOROUGH TEACHING HOSPITALS NHS FOUNDATION TRUST,C_300,General Internal Medicine Service,1,30.5,
2024-05|RCB|C_301,2024-05,RCB,YORK AND SCARBOROUGH TEACHING HOSPITALS NHS FOUNDATION TRUST,C_301,Gastroenterology Service,1657,17.7,
2024-05|RCB|C_320,2024-05,RCB,YORK AND SCARBOROUGH TEACHING HOSPITALS NHS FOUNDATION TRUST,C_320,Cardiology Service,2104,17.5,
2024-05|RCB|C_330,2024-05,RCB,YORK AND SCARBOROUGH TEACHING HOSPITALS NHS FOUNDATION TRUST,C_330,Dermatology Service,3085,22.5,
2024-05|RCB|C_340,2024-05,RCB,YORK AND SCARBOROUGH TEACHING HOSPITALS NHS FOUNDATION TRUST,C_340,Respiratory Medicine Service,1462,14.9,
2024-05|RCB|C_400,2024-05,RCB,YORK AND SCARBOROUGH TEACHING HOSPITALS NHS FOUNDATION TRUST,C_400,Neurology Service,1650,23.2,
2024-05|RCB|C_410,2024-05,RCB,YORK AND SCARBOROUGH TEACHING HOSPITALS NHS FOUNDATION TRUST,C_410,Rheumatology Service,579,7.3,
2024-05|RCB|C_430,2024-05,RCB,YORK AND SCARBOROUGH TEACHING HOSPITALS NHS FOUNDATION TRUST,C_430,Elderly Medicine Service,158,5.5,
2024-05|RCB|C_502,2024-05,RCB,YORK AND SCARBOROUGH TEACHING HOSPITALS NHS FOUNDATION TRUST,C_502,Gynaecology Service,2942,18.6,
2024-05|RCB|C_999,2024-05,RCB,YORK AND SCARBOROUGH TEACHING HOSPITALS NHS FOUNDATION TRUST,C_999,Total,45643,16.2,
2024-05|RCB|X02,2024-05,RCB,YORK AND SCARBOROUGH TEACHING HOSPITALS NHS FOUNDATION TRUST,X02,Other - Medical Services,4772,13.0,
2024-05|RCB|X05,2024-05,RCB,YORK AND SCARBOROUGH TEACHING HOSPITALS NHS FOUNDATION TRUST,X05,Other - Surgical Services,5335,15.7,
2024-05|RCB|X06,2024-05,RCB,YORK AND SCARBOROUGH TEACHING HOSPITALS NHS FOUNDATION TRUST,X06,Other - Other Services,100,11.0,
2024-05|RCD|C_100,2024-05,RCD,HARROGATE AND DISTRICT NHS FOUNDATION TRUST,C_100,General Surgery Service,2307,13.2,
2024-05|RCD|C_101,2024-05,RCD,HARROGATE AND DISTRICT NHS FOUNDATION TRUST,C_101,Urology Service,1324,11.1,
2024-05|RCD|C_110,2024-05,RCD,HARROGATE AND DISTRICT NHS FOUNDATION TRUST,C_110,Trauma and Orthopaedic Service,3388,14.2,
2024-05|RCD|C_120,2024-05,RCD,HARROGATE AND DISTRICT NHS FOUNDATION TRUST,C_120,Ear Nose and Throat Service,3032,12.8,
2024-05|RCD|C_130,2024-05,RCD,HARROGATE AND DISTRICT NHS FOUNDATION TRUST,C_130,Ophthalmology Service,1871,11.6,
2024-05|RCD|C_140,2024-05,RCD,HARROGATE AND DISTRICT NHS FOUNDATION TRUST,C_140,Oral Surgery Service,785,10.9,
2024-05|RCD|C_301,2024-05,RCD,HARROGATE AND DISTRICT NHS FOUNDATION TRUST,C_301,Gastroenterology Service,999,14.6,
2024-05|RCD|C_320,2024-05,RCD,HARROGATE AND DISTRICT NHS FOUNDATION TRUST,C_320,Cardiology Service,1419,12.2,
2024-05|RCD|C_330,2024-05,RCD,HARROGATE AND DISTRICT NHS FOUNDATION TRUST,C_330,Dermatology Service,1681,6.3,
2024-05|RCD|C_340,2024-05,RCD,HARROGATE AND DISTRICT NHS FOUNDATION TRUST,C_340,Respiratory Medicine Service,465,12.8,
2024-05|RCD|C_400,2024-05,RCD,HARROGATE AND DISTRICT NHS FOUNDATION TRUST,C_400,Neurology Service,868,17.1,
2024-05|RCD|C_410,2024-05,RCD,HARROGATE AND DISTRICT NHS FOUNDATION TRUST,C_410,Rheumatology Service,389,6.4,
2024-05|RCD|C_430,2024-05,RCD,HARROGATE AND DISTRICT NHS FOUNDATION TRUST,C_430,Elderly Medicine Service,46,6.4,
2024-05|RCD|C_502,2024-05,RCD,HARROGATE AND DISTRICT NHS FOUNDATION TRUST,C_502,Gynaecology Service,1867,14.8,
2024-05|RCD|C_999,2024-05,RCD,HARROGATE AND DISTRICT NHS FOUNDATION TRUST,C_999,Total,23056,11.9,
2024-05|RCD|X02,2024-05,RCD,HARROGATE AND DISTRICT NHS FOUNDATION TRUST,X02,Other - Medical Services,1034,9.6,
2024-05|RCD|X04,2024-05,RCD,HARROGATE AND DISTRICT NHS FOUNDATION TRUST,X04,Other - Paediatric Services,804,11.7,
2024-05|RCD|X05,2024-05,RCD,HARROGATE AND DISTRICT NHS FOUNDATION TRUST,X05,Other - Surgical Services,769,7.8,
2024-05|RCD|X06,2024-05,RCD,HARROGATE AND DISTRICT NHS FOUNDATION TRUST,X06,Other - Other Services,8,6.0,
2024-05|RCF|C_100,2024-05,RCF,AIREDALE NHS FOUNDATION TRUST,C_100,General Surgery Service,2063,13.6,
2024-05|RCF|C_101,2024-05,RCF,AIREDALE NHS FOUNDATION TRUST,C_101,Urology Service,1118,11.6,
2024-05|RCF|C_110,2024-05,RCF,AIREDALE NHS FOUNDATION TRUST,C_110,Trauma and Orthopaedic Service,1496,17.4,
2024-05|RCF|C_120,2024-05,RCF,AIREDALE NHS FOUNDATION TRUST,C_120,Ear Nose and Throat Service,1355,16.1,
2024-05|RCF|C_130,2024-05,RCF,AIREDALE NHS FOUNDATION TRUST,C_130,Ophthalmology Service,678,4.9,
2024-05|RCF|C_140,2024-05,RCF,AIREDALE NHS FOUNDATION TRUST,C_140,Oral Surgery Service,214,5.6,
2024-05|RCF|C_160,2024-05,RCF,AIREDALE NHS FOUNDATION TRUST,C_160,Plastic Surgery Service,182,23.0,
2024-05|RCF|C_300,2024-05,RCF,AIREDALE NHS FOUNDATION TRUST,C_300,General Internal Medicine Service,6,6.0,
2024-05|RCF|C_301,2024-05,RCF,AIREDALE NHS FOUNDATION TRUST,C_301,Gastroenterology Service,692,13.5,
2024-05|RCF|C_320,2024-05,RCF,AIREDALE NHS FOUNDATION TRUST,C_320,Cardiology Service,973,9.3,
2024-05|RCF|C_330,2024-05,RCF,AIREDALE NHS FOUNDATION TRUST,C_330,Dermatology Service,67,5.3,
2024-05|RCF|C_340,2024-05,RCF,AIREDALE NHS FOUNDATION TRUST,C_340,Respiratory Medicine Service,733,10.0,
2024-05|RCF|C_400,2024-05,RCF,AIREDALE NHS FOUNDATION TRUST,C_400,Neurology Service,754,12.8,
2024-05|RCF|C_410,2024-05,RCF,AIREDALE NHS FOUNDATION TRUST,C_410,Rheumatology Service,323,6.6,
2024-05|RCF|C_430,2024-05,RCF,AIREDALE NHS FOUNDATION TRUST,C_430,Elderly Medicine Service,33,6.5,
2024-05|RCF|C_502,2024-05,RCF,AIREDALE NHS FOUNDATION TRUST,C_502,Gynaecology Service,1884,18.1,
2024-05|RCF|C_999,2024-05,RCF,AIREDALE NHS FOUNDATION TRUST,C_999,Total,14647,12.7,
2024-05|RCF|X02,2024-05,RCF,AIREDALE NHS FOUNDATION TRUST,X02,Other - Medical Services,1056,10.6,
2024-05|RCF|X04,2024-05,RCF,AIREDALE NHS FOUNDATION TRUST,X04,Other - Paediatric Services,943,15.6,
2024-05|RCF|X05,2024-05,RCF,AIREDALE NHS FOUNDATION TRUST,X05,Other - Surgical Services,77,21.5,
2024-05|RCU|C_140,2024-05,RCU,SHEFFIELD CHILDREN'S NHS FOUNDATION TRUST,C_140,Oral Surgery Service,176,34.0,
2024-05|RCU|C_999,2024-05,RCU,SHEFFIELD CHILDREN'S NHS FOUNDATION TRUST,C_999,Total,13529,12.4,
2024-05|RCU|X04,2024-05,RCU,SHEFFIELD CHILDREN'S NHS FOUNDATION TRUST,X04,Other - Paediatric Services,13353,12.2,
2024-05|RCX|C_100,2024-05,RCX,"THE QUEEN ELIZABETH HOSPITAL, KING'S LYNN, NHS FOUNDATION TRUST",C_100,General Surgery Service,1604,18.5,
2024-05|RCX|C_101,2024-05,RCX,"THE QUEEN ELIZABETH HOSPITAL, KING'S LYNN, NHS FOUNDATION TRUST",C_101,Urology Service,1383,13.7,
2024-05|RCX|C_110,2024-05,RCX,"THE QUEEN ELIZABETH HOSPITAL, KING'S LYNN, NHS FOUNDATION TRUST",C_110,Trauma and Orthopaedic Service,2595,15.5,
2024-05|RCX|C_120,2024-05,RCX,"THE QUEEN ELIZABETH HOSPITAL, KING'S LYNN, NHS FOUNDATION TRUST",C_120,Ear Nose and Throat Service,2241,11.2,
2024-05|RCX|C_130,2024-05,RCX,"THE QUEEN ELIZABETH HOSPITAL, KING'S LYNN, NHS FOUNDATION TRUST",C_130,Ophthalmology Service,2307,12.7,
2024-05|RCX|C_140,2024-05,RCX,"THE QUEEN ELIZABETH HOSPITAL, KING'S LYNN, NHS FOUNDATION TRUST",C_140,Oral Surgery Service,558,13.6,
2024-05|RCX|C_160,2024-05,RCX,"THE QUEEN ELIZABETH HOSPITAL, KING'S LYNN, NHS FOUNDATION TRUST",C_160,Plastic Surgery Service,101,11.5,
2024-05|RCX|C_170,2024-05,RCX,"THE QUEEN ELIZABETH HOSPITAL, KING'S LYNN, NHS FOUNDATION TRUST",C_170,Cardiothoracic Surgery Service,2,13.0,
2024-05|RCX|C_300,2024-05,RCX,"THE QUEEN ELIZABETH HOSPITAL, KING'S LYNN, NHS FOUNDATION TRUST",C_300,General Internal Medicine Service,206,3.1,
2024-05|RCX|C_301,2024-05,RCX,"THE QUEEN ELIZABETH HOSPITAL, KING'S LYNN, NHS FOUNDATION TRUST",C_301,Gastroenterology Service,1274,14.4,
2024-05|RCX|C_320,2024-05,RCX,"THE QUEEN ELIZABETH HOSPITAL, KING'S LYNN, NHS FOUNDATION TRUST",C_320,Cardiology Service,1550,13.8,
2024-05|RCX|C_330,2024-05,RCX,"THE QUEEN ELIZABETH HOSPITAL, KING'S LYNN, NHS FOUNDATION TRUST",C_330,Dermatology Service,2661,16.2,
2024-05|RCX|C_340,2024-05,RCX,"THE QUEEN ELIZABETH HOSPITAL, KING'S LYNN, NHS FOUNDATION TRUST",C_340,Respiratory Medicine Service,1094,23.6,
2024-05|RCX|C_400,2024-05,RCX,"THE QUEEN ELIZABETH HOSPITAL, KING'S LYNN, NHS FOUNDATION TRUST",C_400,Neurology Service,1187,19.5,
2024-05|RCX|C_410,2024-05,RCX,"THE QUEEN ELIZABETH HOSPITAL, KING'S LYNN, NHS FOUNDATION TRUST",C_410,Rheumatology Service,869,15.2,
2024-05|RCX|C_430,2024-05,RCX,"THE QUEEN ELIZABETH HOSPITAL, KING'S LYNN, NHS FOUNDATION TRUST",C_430,Elderly Medicine Service,50,7.0,
2024-05|RCX|C_502,2024-05,RCX,"THE QUEEN ELIZABETH HOSPITAL, KING'S LYNN, NHS FOUNDATION TRUST",C_502,Gynaecology Service,2302,20.6,
2024-05|RCX|C_999,2024-05,RCX,"THE QUEEN ELIZABETH HOSPITAL, KING'S LYNN, NHS FOUNDATION TRUST",C_999,Total,26454,14.5,
2024-05|RCX|X02,2024-05,RCX,"THE QUEEN ELIZABETH HOSPITAL, KING'S LYNN, NHS FOUNDATION TRUST",X02,Other - Medical Services,1480,14.0,
2024-05|RCX|X04,2024-05,RCX,"THE QUEEN ELIZABETH HOSPITAL, KING'S LYNN, NHS FOUNDATION TRUST",X04,Other - Paediatric Services,705,7.0,
2024-05|RCX|X05,2024-05,RCX,"THE QUEEN ELIZABETH HOSPITAL, KING'S LYNN, NHS FOUNDATION TRUST",X05,Other - Surgical Services,1852,11.8,
2024-05|RCX|X06,2024-05,RCX,"THE QUEEN ELIZABETH HOSPITAL, KING'S LYNN, NHS FOUNDATION TRUST",X06,Other - Other Services,433,11.8,
2024-05|RD1|C_100,2024-05,RD1,ROYAL UNITED HOSPITALS BATH NHS FOUNDATION TRUST,C_100,General Surgery Service,3447,9.6,
2024-05|RD1|C_101,2024-05,RD1,ROYAL UNITED HOSPITALS BATH NHS FOUNDATION TRUST,C_101,Urology Service,2081,14.5,
2024-05|RD1|C_110,2024-05,RD1,ROYAL UNITED HOSPITALS BATH NHS FOUNDATION TRUST,C_110,Trauma and Orthopaedic Service,2398,19.2,
2024-05|RD1|C_120,2024-05,RD1,ROYAL UNITED HOSPITALS BATH NHS FOUNDATION TRUST,C_120,Ear Nose and Throat Service,3560,17.6,
2024-05|RD1|C_130,2024-05,RD1,ROYAL UNITED HOSPITALS BATH NHS FOUNDATION TRUST,C_130,Ophthalmology Service,2880,7.4,
2024-05|RD1|C_140,2024-05,RD1,ROYAL UNITED HOSPITALS BATH NHS FOUNDATION TRUST,C_140,Oral Surgery Service,3187,11.9,
2024-05|RD1|C_300,2024-05,RD1,ROYAL UNITED HOSPITALS BATH NHS FOUNDATION TRUST,C_300,General Internal Medicine Service,69,2.7,
2024-05|RD1|C_301,2024-05,RD1,ROYAL UNITED HOSPITALS BATH NHS FOUNDATION TRUST,C_301,Gastroenterology Service,3075,14.2,
2024-05|RD1|C_320,2024-05,RD1,ROYAL UNITED HOSPITALS BATH NHS FOUNDATION TRUST,C_320,Cardiology Service,3684,13.8,
2024-05|RD1|C_330,2024-05,RD1,ROYAL UNITED HOSPITALS BATH NHS FOUNDATION TRUST,C_330,Dermatology Service,2134,8.3,
2024-05|RD1|C_340,2024-05,RD1,ROYAL UNITED HOSPITALS BATH NHS FOUNDATION TRUST,C_340,Respiratory Medicine Service,590,6.4,
2024-05|RD1|C_400,2024-05,RD1,ROYAL UNITED HOSPITALS BATH NHS FOUNDATION TRUST,C_400,Neurology Service,929,7.4,
2024-05|RD1|C_410,2024-05,RD1,ROYAL UNITED HOSPITALS BATH NHS FOUNDATION TRUST,C_410,Rheumatology Service,1342,10.2,
2024-05|RD1|C_430,2024-05,RD1,ROYAL UNITED HOSPITALS BATH NHS FOUNDATION TRUST,C_430,Elderly Medicine Service,176,7.2,
2024-05|RD1|C_502,2024-05,RD1,ROYAL UNITED HOSPITALS BATH NHS FOUNDATION TRUST,C_502,Gynaecology Service,2459,13.1,
2024-05|RD1|C_999,2024-05,RD1,ROYAL UNITED HOSPITALS BATH NHS FOUNDATION TRUST,C_999,Total,36208,11.6,
2024-05|RD1|X02,2024-05,RD1,ROYAL UNITED HOSPITALS BATH NHS FOUNDATION TRUST,X02,Other - Medical Services,731,10.8,
2024-05|RD1|X04,2024-05,RD1,ROYAL UNITED HOSPITALS BATH NHS FOUNDATION TRUST,X04,Other - Paediatric Services,1329,9.8,
2024-05|RD1|X05,2024-05,RD1,ROYAL UNITED HOSPITALS BATH NHS FOUNDATION TRUST,X05,Other - Surgical Services,1411,11.6,
2024-05|RD1|X06,2024-05,RD1,ROYAL UNITED HOSPITALS BATH NHS FOUNDATION TRUST,X06,Other - Other Services,726,4.4,
2024-05|RD8|C_100,2024-05,RD8,MILTON KEYNES UNIVERSITY HOSPITAL NHS FOUNDATION TRUST,C_100,General Surgery Service,1795,20.4,
2024-05|RD8|C_101,2024-05,RD8,MILTON KEYNES UNIVERSITY HOSPITAL NHS FOUNDATION TRUST,C_101,Urology Service,2561,36.6,
2024-05|RD8|C_110,2024-05,RD8,MILTON KEYNES UNIVERSITY HOSPITAL NHS FOUNDATION TRUST,C_110,Trauma and Orthopaedic Service,3635,23.3,
2024-05|RD8|C_120,2024-05,RD8,MILTON KEYNES UNIVERSITY HOSPITAL NHS FOUNDATION TRUST,C_120,Ear Nose and Throat Service,3589,18.6,
2024-05|RD8|C_130,2024-05,RD8,MILTON KEYNES UNIVERSITY HOSPITAL NHS FOUNDATION TRUST,C_130,Ophthalmology Service,3253,24.2,
2024-05|RD8|C_140,2024-05,RD8,MILTON KEYNES UNIVERSITY HOSPITAL NHS FOUNDATION TRUST,C_140,Oral Surgery Service,2285,26.9,
2024-05|RD8|C_300,2024-05,RD8,MILTON KEYNES UNIVERSITY HOSPITAL NHS FOUNDATION TRUST,C_300,General Internal Medicine Service,234,6.9,
2024-05|RD8|C_301,2024-05,RD8,MILTON KEYNES UNIVERSITY HOSPITAL NHS FOUNDATION TRUST,C_301,Gastroenterology Service,1339,26.6,
2024-05|RD8|C_320,2024-05,RD8,MILTON KEYNES UNIVERSITY HOSPITAL NHS FOUNDATION TRUST,C_320,Cardiology Service,1001,26.6,
2024-05|RD8|C_330,2024-05,RD8,MILTON KEYNES UNIVERSITY HOSPITAL NHS FOUNDATION TRUST,C_330,Dermatology Service,1408,4.6,
2024-05|RD8|C_340,2024-05,RD8,MILTON KEYNES UNIVERSITY HOSPITAL NHS FOUNDATION TRUST,C_340,Respiratory Medicine Service,1425,17.5,
2024-05|RD8|C_400,2024-05,RD8,MILTON KEYNES UNIVERSITY HOSPITAL NHS FOUNDATION TRUST,C_400,Neurology Service,1370,27.8,
2024-05|RD8|C_410,2024-05,RD8,MILTON KEYNES UNIVERSITY HOSPITAL NHS FOUNDATION TRUST,C_410,Rheumatology Service,1036,19.5,
2024-05|RD8|C_430,2024-05,RD8,MILTON KEYNES UNIVERSITY HOSPITAL NHS FOUNDATION TRUST,C_430,Elderly Medicine Service,20,11.0,
2024-05|RD8|C_502,2024-05,RD8,MILTON KEYNES UNIVERSITY HOSPITAL NHS FOUNDATION TRUST,C_502,Gynaecology Service,3514,33.8,
2024-05|RD8|C_999,2024-05,RD8,MILTON KEYNES UNIVERSITY HOSPITAL NHS FOUNDATION TRUST,C_999,Total,36998,24.5,
2024-05|RD8|X02,2024-05,RD8,MILTON KEYNES UNIVERSITY HOSPITAL NHS FOUNDATION TRUST,X02,Other - Medical Services,5448,24.8,
2024-05|RD8|X05,2024-05,RD8,MILTON KEYNES UNIVERSITY HOSPITAL NHS FOUNDATION TRUST,X05,Other - Surgical Services,1941,17.6,
2024-05|RD8|X06,2024-05,RD8,MILTON KEYNES UNIVERSITY HOSPITAL NHS FOUNDATION TRUST,X06,Other - Other Services,1144,36.8,
2024-05|RDE|C_100,2024-05,RDE,EAST SUFFOLK AND NORTH ESSEX NHS FOUNDATION TRUST,C_100,General Surgery Service,11912,17.3,
2024-05|RDE|C_101,2024-05,RDE,EAST SUFFOLK AND NORTH ESSEX NHS FOUNDATION TRUST,C_101,Urology Service,6188,16.9,
2024-05|RDE|C_110,2024-05,RDE,EAST SUFFOLK AND NORTH ESSEX NHS FOUNDATION TRUST,C_110,Trauma and Orthopaedic Service,12922,23.1,
2024-05|RDE|C_120,2024-05,RDE,EAST SUFFOLK AND NORTH ESSEX NHS FOUNDATION TRUST,C_120,Ear Nose and Throat Service,8850,13.9,
2024-05|RDE|C_130,2024-05,RDE,EAST SUFFOLK AND NORTH ESSEX NHS FOUNDATION TRUST,C_130,Ophthalmology Service,9525,12.3,
2024-05|RDE|C_140,2024-05,RDE,EAST SUFFOLK AND NORTH ESSEX NHS FOUNDATION TRUST,C_140,Oral Surgery Service,2801,15.4,
2024-05|RDE|C_160,2024-05,RDE,EAST SUFFOLK AND NORTH ESSEX NHS FOUNDATION TRUST,C_160,Plastic Surgery Service,337,14.0,
2024-05|RDE|C_170,2024-05,RDE,EAST SUFFOLK AND NORTH ESSEX NHS FOUNDATION TRUST,C_170,Cardiothoracic Surgery Service,1,4.5,
2024-05|RDE|C_300,2024-05,RDE,EAST SUFFOLK AND NORTH ESSEX NHS FOUNDATION TRUST,C_300,General Internal Medicine Service,328,14.7,
2024-05|RDE|C_301,2024-05,RDE,EAST SUFFOLK AND NORTH ESSEX NHS FOUNDATION TRUST,C_301,Gastroenterology Service,4776,14.4,
2024-05|RDE|C_320,2024-05,RDE,EAST SUFFOLK AND NORTH ESSEX NHS FOUNDATION TRUST,C_320,Cardiology Service,2911,11.1,
2024-05|RDE|C_330,2024-05,RDE,EAST SUFFOLK AND NORTH ESSEX NHS FOUNDATION TRUST,C_330,Dermatology Service,7244,11.4,
2024-05|RDE|C_340,2024-05,RDE,EAST SUFFOLK AND NORTH ESSEX NHS FOUNDATION TRUST,C_340,Respiratory Medicine Service,2015,10.4,
2024-05|RDE|C_400,2024-05,RDE,EAST SUFFOLK AND NORTH ESSEX NHS FOUNDATION TRUST,C_400,Neurology Service,2979,16.1,
2024-05|RDE|C_410,2024-05,RDE,EAST SUFFOLK AND NORTH ESSEX NHS FOUNDATION TRUST,C_410,Rheumatology Service,1014,5.2,
2024-05|RDE|C_430,2024-05,RDE,EAST SUFFOLK AND NORTH ESSEX NHS FOUNDATION TRUST,C_430,Elderly Medicine Service,156,3.1,
2024-05|RDE|C_502,2024-05,RDE,EAST SUFFOLK AND NORTH ESSEX NHS FOUNDATION TRUST,C_502,Gynaecology Service,7831,16.6,
2024-05|RDE|C_999,2024-05,RDE,EAST SUFFOLK AND NORTH ESSEX NHS FOUNDATION TRUST,C_999,Total,87892,14.7,
2024-05|RDE|X02,2024-05,RDE,EAST SUFFOLK AND NORTH ESSEX NHS FOUNDATION TRUST,X02,Other - Medical Services,5318,10.2,
2024-05|RDE|X04,2024-05,RDE,EAST SUFFOLK AND NORTH ESSEX NHS FOUNDATION TRUST,X04,Other - Paediatric Services,438,12.4,
2024-05|RDE|X05,2024-05,RDE,EAST SUFFOLK AND NORTH ESSEX NHS FOUNDATION TRUST,X05,Other - Surgical Services,126,4.3,
2024-05|RDE|X06,2024-05,RDE,EAST SUFFOLK AND NORTH ESSEX NHS FOUNDATION TRUST,X06,Other - Other Services,220,6.3,
2024-05|RDR|C_110,2024-05,RDR,SUSSEX COMMUNITY NHS FOUNDATION TRUST,C_110,Trauma and Orthopaedic Service,5205,11.6,
2024-05|RDR|C_410,2024-05,RDR,SUSSEX COMMUNITY NHS FOUNDATION TRUST,C_410,Rheumatology Service,151,6.3,
2024-05|RDR|C_999,2024-05,RDR,SUSSEX COMMUNITY NHS FOUNDATION TRUST,C_999,Total,5547,11.0,
2024-05|RDR|X05,2024-05,RDR,SUSSEX COMMUNITY NHS FOUNDATION TRUST,X05,Other - Surgical Services,191,6.1,
2024-05|RDU|C_100,2024-05,RDU,FRIMLEY HEALTH NHS FOUNDATION TRUST,C_100,General Surgery Service,2553,13.8,
2024-05|RDU|C_101,2024-05,RDU,FRIMLEY HEALTH NHS FOUNDATION TRUST,C_101,Urology Service,5856,18.9,
2024-05|RDU|C_110,2024-05,RDU,FRIMLEY HEALTH NHS FOUNDATION TRUST,C_110,Trauma and Orthopaedic Service,13192,19.9,
2024-05|RDU|C_120,2024-05,RDU,FRIMLEY HEALTH NHS FOUNDATION TRUST,C_120,Ear Nose and Throat Service,8968,21.9,
2024-05|RDU|C_130,2024-05,RDU,FRIMLEY HEALTH NHS FOUNDATION TRUST,C_130,Ophthalmology Service,5133,12.4,
2024-05|RDU|C_140,2024-05,RDU,FRIMLEY HEALTH NHS FOUNDATION TRUST,C_140,Oral Surgery Service,4234,28.6,
2024-05|RDU|C_160,2024-05,RDU,FRIMLEY HEALTH NHS FOUNDATION TRUST,C_160,Plastic Surgery Service,2074,20.3,
2024-05|RDU|C_300,2024-05,RDU,FRIMLEY HEALTH NHS FOUNDATION TRUST,C_300,General Internal Medicine Service,44,5.0,
2024-05|RDU|C_301,2024-05,RDU,FRIMLEY HEALTH NHS FOUNDATION TRUST,C_301,Gastroenterology Service,2226,15.5,
2024-05|RDU|C_320,2024-05,RDU,FRIMLEY HEALTH NHS FOUNDATION TRUST,C_320,Cardiology Service,5314,16.8,
2024-05|RDU|C_330,2024-05,RDU,FRIMLEY HEALTH NHS FOUNDATION TRUST,C_330,Dermatology Service,5384,18.2,
2024-05|RDU|C_340,2024-05,RDU,FRIMLEY HEALTH NHS FOUNDATION TRUST,C_340,Respiratory Medicine Service,2864,16.2,
2024-05|RDU|C_400,2024-05,RDU,FRIMLEY HEALTH NHS FOUNDATION TRUST,C_400,Neurology Service,4003,20.9,
2024-05|RDU|C_410,2024-05,RDU,FRIMLEY HEALTH NHS FOUNDATION TRUST,C_410,Rheumatology Service,913,8.5,
2024-05|RDU|C_430,2024-05,RDU,FRIMLEY HEALTH NHS FOUNDATION TRUST,C_430,Elderly Medicine Service,30,6.0,
2024-05|RDU|C_502,2024-05,RDU,FRIMLEY HEALTH NHS FOUNDATION TRUST,C_502,Gynaecology Service,6642,20.7,
2024-05|RDU|C_999,2024-05,RDU,FRIMLEY HEALTH NHS FOUNDATION TRUST,C_999,Total,85306,18.4,
2024-05|RDU|X02,2024-05,RDU,FRIMLEY HEALTH NHS FOUNDATION TRUST,X02,Other - Medical Services,7135,17.6,
2024-05|RDU|X03,2024-05,RDU,FRIMLEY HEALTH NHS FOUNDATION TRUST,X03,Other - Mental Health Services,1,21.5,
2024-05|RDU|X04,2024-05,RDU,FRIMLEY HEALTH NHS FOUNDATION TRUST,X04,Other - Paediatric Services,450,32.4,
2024-05|RDU|X05,2024-05,RDU,FRIMLEY HEALTH NHS FOUNDATION TRUST,X05,Other - Surgical Services,7433,15.7,
2024-05|RDU|X06,2024-05,RDU,FRIMLEY HEALTH NHS FOUNDATION TRUST,X06,Other - Other Services,857,26.1,
2024-05|REF|C_100,2024-05,REF,ROYAL CORNWALL HOSPITALS NHS TRUST,C_100,General Surgery Service,2340,14.2,
2024-05|REF|C_101,2024-05,REF,ROYAL CORNWALL HOSPITALS NHS TRUST,C_101,Urology Service,1539,10.6,
2024-05|REF|C_110,2024-05,REF,ROYAL CORNWALL HOSPITALS NHS TRUST,C_110,Trauma and Orthopaedic Service,6956,31.2,
2024-05|REF|C_120,2024-05,REF,ROYAL CORNWALL HOSPITALS NHS TRUST,C_120,Ear Nose and Throat Service,2980,9.9,
2024-05|REF|C_130,2024-05,REF,ROYAL CORNWALL HOSPITALS NHS TRUST,C_130,Ophthalmology Service,5423,10.3,
2024-05|REF|C_140,2024-05,REF,ROYAL CORNWALL HOSPITALS NHS TRUST,C_140,Oral Surgery Service,2468,10.3,
2024-05|REF|C_301,2024-05,REF,ROYAL CORNWALL HOSPITALS NHS TRUST,C_301,Gastroenterology Service,1214,4.6,
2024-05|REF|C_320,2024-05,REF,ROYAL CORNWALL HOSPITALS NHS TRUST,C_320,Cardiology Service,2262,9.4,
2024-05|REF|C_330,2024-05,REF,ROYAL CORNWALL HOSPITALS NHS TRUST,C_330,Dermatology Service,3332,7.7,
2024-05|REF|C_340,2024-05,REF,ROYAL CORNWALL HOSPITALS NHS TRUST,C_340,Respiratory Medicine Service,548,9.0,
2024-05|REF|C_400,2024-05,REF,ROYAL CORNWALL HOSPITALS NHS TRUST,C_400,Neurology Service,1395,12.1,
2024-05|REF|C_410,2024-05,REF,ROYAL CORNWALL HOSPITALS NHS TRUST,C_410,Rheumatology Service,429,4.8,
2024-05|REF|C_430,2024-05,REF,ROYAL CORNWALL HOSPITALS NHS TRUST,C_430,Elderly Medicine Service,530,11.1,
2024-05|REF|C_502,2024-05,REF,ROYAL CORNWALL HOSPITALS NHS TRUST,C_502,Gynaecology Service,2552,11.4,
2024-05|REF|C_999,2024-05,REF,ROYAL CORNWALL HOSPITALS NHS TRUST,C_999,Total,43570,11.1,
2024-05|REF|X02,2024-05,REF,ROYAL CORNWALL HOSPITALS NHS TRUST,X02,Other - Medical Services,5680,9.1,
2024-05|REF|X04,2024-05,REF,ROYAL CORNWALL HOSPITALS NHS TRUST,X04,Other - Paediatric Services,585,8.1,
2024-05|REF|X05,2024-05,REF,ROYAL CORNWALL HOSPITALS NHS TRUST,X05,Other - Surgical Services,2441,10.6,
2024-05|REF|X06,2024-05,REF,ROYAL CORNWALL HOSPITALS NHS TRUST,X06,Other - Other Services,896,4.6,
2024-05|REM|C_100,2024-05,REM,LIVERPOOL UNIVERSITY HOSPITALS NHS FOUNDATION TRUST,C_100,General Surgery Service,3201,24.1,
2024-05|REM|C_101,2024-05,REM,LIVERPOOL UNIVERSITY HOSPITALS NHS FOUNDATION TRUST,C_101,Urology Service,3648,14.4,
2024-05|REM|C_110,2024-05,REM,LIVERPOOL UNIVERSITY HOSPITALS NHS FOUNDATION TRUST,C_110,Trauma and Orthopaedic Service,6413,20.8,
2024-05|REM|C_120,2024-05,REM,LIVERPOOL UNIVERSITY HOSPITALS NHS FOUNDATION TRUST,C_120,Ear Nose and Throat Service,6602,20.6,
2024-05|REM|C_130,2024-05,REM,LIVERPOOL UNIVERSITY HOSPITALS NHS FOUNDATION TRUST,C_130,Ophthalmology Service,9847,15.1,
2024-05|REM|C_140,2024-05,REM,LIVERPOOL UNIVERSITY HOSPITALS NHS FOUNDATION TRUST,C_140,Oral Surgery Service,5768,17.9,
2024-05|REM|C_160,2024-05,REM,LIVERPOOL UNIVERSITY HOSPITALS NHS FOUNDATION TRUST,C_160,Plastic Surgery Service,357,27.9,
2024-05|REM|C_300,2024-05,REM,LIVERPOOL UNIVERSITY HOSPITALS NHS FOUNDATION TRUST,C_300,General Internal Medicine Service,527,12.5,
2024-05|REM|C_301,2024-05,REM,LIVERPOOL UNIVERSITY HOSPITALS NHS FOUNDATION TRUST,C_301,Gastroenterology Service,6632,14.7,
2024-05|REM|C_320,2024-05,REM,LIVERPOOL UNIVERSITY HOSPITALS NHS FOUNDATION TRUST,C_320,Cardiology Service,3529,9.2,
2024-05|REM|C_330,2024-05,REM,LIVERPOOL UNIVERSITY HOSPITALS NHS FOUNDATION TRUST,C_330,Dermatology Service,3198,15.5,
2024-05|REM|C_340,2024-05,REM,LIVERPOOL UNIVERSITY HOSPITALS NHS FOUNDATION TRUST,C_340,Respiratory Medicine Service,1717,9.7,
2024-05|REM|C_410,2024-05,REM,LIVERPOOL UNIVERSITY HOSPITALS NHS FOUNDATION TRUST,C_410,Rheumatology Service,569,7.8,
2024-05|REM|C_430,2024-05,REM,LIVERPOOL UNIVERSITY HOSPITALS NHS FOUNDATION TRUST,C_430,Elderly Medicine Service,307,5.5,
2024-05|REM|C_999,2024-05,REM,LIVERPOOL UNIVERSITY HOSPITALS NHS FOUNDATION TRUST,C_999,Total,77019,16.2,
2024-05|REM|X02,2024-05,REM,LIVERPOOL UNIVERSITY HOSPITALS NHS FOUNDATION TRUST,X02,Other - Medical Services,8642,19.5,
2024-05|REM|X04,2024-05,REM,LIVERPOOL UNIVERSITY HOSPITALS NHS FOUNDATION TRUST,X04,Other - Paediatric Services,1069,24.6,
2024-05|REM|X05,2024-05,REM,LIVERPOOL UNIVERSITY HOSPITALS NHS FOUNDATION TRUST,X05,Other - Surgical Services,11259,15.4,
2024-05|REM|X06,2024-05,REM,LIVERPOOL UNIVERSITY HOSPITALS NHS FOUNDATION TRUST,X06,Other - Other Services,3734,13.0,
2024-05|REN|C_999,2024-05,REN,THE CLATTERBRIDGE CANCER CENTRE NHS FOUNDATION TRUST,C_999,Total,1364,5.8,
2024-05|REN|X02,2024-05,REN,THE CLATTERBRIDGE CANCER CENTRE NHS FOUNDATION TRUST,X02,Other - Medical Services,913,5.9,
2024-05|REN|X06,2024-05,REN,THE CLATTERBRIDGE CANCER CENTRE NHS FOUNDATION TRUST,X06,Other - Other Services,451,5.6,
2024-05|REP|C_502,2024-05,REP,LIVERPOOL WOMEN'S NHS FOUNDATION TRUST,C_502,Gynaecology Service,16807,20.3,
2024-05|REP|C_999,2024-05,REP,LIVERPOOL WOMEN'S NHS FOUNDATION TRUST,C_999,Total,18654,19.5,
2024-05|REP|X06,2024-05,REP,LIVERPOOL WOMEN'S NHS FOUNDATION TRUST,X06,Other - Other Services,1847,13.9,
2024-05|RET|C_130,2024-05,RET,THE WALTON CENTRE NHS FOUNDATION TRUST,C_130,Ophthalmology Service,27,2.5,
2024-05|RET|C_150,2024-05,RET,THE WALTON CENTRE NHS FOUNDATION TRUST,C_150,Neurosurgical Service,3988,9.2,
2024-05|RET|C_400,2024-05,RET,THE WALTON CENTRE NHS FOUNDATION TRUST,C_400,Neurology Service,13599,20.1,
2024-05|RET|C_999,2024-05,RET,THE WALTON CENTRE NHS FOUNDATION TRUST,C_999,Total,21102,15.8,
2024-05|RET|X02,2024-05,RET,THE WALTON CENTRE NHS FOUNDATION TRUST,X02,Other - Medical Services,3010,13.4,
2024-05|RET|X03,2024-05,RET,THE WALTON CENTRE NHS FOUNDATION TRUST,X03,Other - Mental Health Services,5,2.5,
2024-05|RET|X05,2024-05,RET,THE WALTON CENTRE NHS FOUNDATION TRUST,X05,Other - Surgical Services,473,13.9,
2024-05|RF4|C_100,2024-05,RF4,"BARKING, HAVERING AND REDBRIDGE UNIVERSITY HOSPITALS NHS TRUST",C_100,General Surgery Service,4423,13.5,
2024-05|RF4|C_101,2024-05,RF4,"BARKING, HAVERING AND REDBRIDGE UNIVERSITY HOSPITALS NHS TRUST",C_101,Urology Service,4329,13.1,
2024-05|RF4|C_110,2024-05,RF4,"BARKING, HAVERING AND REDBRIDGE UNIVERSITY HOSPITALS NHS TRUST",C_110,Trauma and Orthopaedic Service,4499,13.5,
2024-05|RF4|C_120,2024-05,RF4,"BARKING, HAVERING AND REDBRIDGE UNIVERSITY HOSPITALS NHS TRUST",C_120,Ear Nose and Throat Service,4971,11.4,
2024-05|RF4|C_130,2024-05,RF4,"BARKING, HAVERING AND REDBRIDGE UNIVERSITY HOSPITALS NHS TRUST",C_130,Ophthalmology Service,3983,9.7,
2024-05|RF4|C_140,2024-05,RF4,"BARKING, HAVERING AND REDBRIDGE UNIVERSITY HOSPITALS NHS TRUST",C_140,Oral Surgery Service,1777,12.1,
2024-05|RF4|C_150,2024-05,RF4,"BARKING, HAVERING AND REDBRIDGE UNIVERSITY HOSPITALS NHS TRUST",C_150,Neurosurgical Service,4003,18.3,
2024-05|RF4|C_300,2024-05,RF4,"BARKING, HAVERING AND REDBRIDGE UNIVERSITY HOSPITALS NHS TRUST",C_300,General Internal Medicine Service,9,11.5,
2024-05|RF4|C_301,2024-05,RF4,"BARKING, HAVERING AND REDBRIDGE UNIVERSITY HOSPITALS NHS TRUST",C_301,Gastroenterology Service,1342,7.1,
2024-05|RF4|C_320,2024-05,RF4,"BARKING, HAVERING AND REDBRIDGE UNIVERSITY HOSPITALS NHS TRUST",C_320,Cardiology Service,2639,8.4,
2024-05|RF4|C_330,2024-05,RF4,"BARKING, HAVERING AND REDBRIDGE UNIVERSITY HOSPITALS NHS TRUST",C_330,Dermatology Service,4195,13.7,
2024-05|RF4|C_340,2024-05,RF4,"BARKING, HAVERING AND REDBRIDGE UNIVERSITY HOSPITALS NHS TRUST",C_340,Respiratory Medicine Service,3287,12.8,
2024-05|RF4|C_400,2024-05,RF4,"BARKING, HAVERING AND REDBRIDGE UNIVERSITY HOSPITALS NHS TRUST",C_400,Neurology Service,4242,20.1,
2024-05|RF4|C_410,2024-05,RF4,"BARKING, HAVERING AND REDBRIDGE UNIVERSITY HOSPITALS NHS TRUST",C_410,Rheumatology Service,1169,11.4,
2024-05|RF4|C_430,2024-05,RF4,"BARKING, HAVERING AND REDBRIDGE UNIVERSITY HOSPITALS NHS TRUST",C_430,Elderly Medicine Service,95,3.5,
2024-05|RF4|C_502,2024-05,RF4,"BARKING, HAVERING AND REDBRIDGE UNIVERSITY HOSPITALS NHS TRUST",C_502,Gynaecology Service,8232,22.4,
2024-05|RF4|C_999,2024-05,RF4,"BARKING, HAVERING AND REDBRIDGE UNIVERSITY HOSPITALS NHS TRUST",C_999,Total,66292,13.2,
2024-05|RF4|X02,2024-05,RF4,"BARKING, HAVERING AND REDBRIDGE UNIVERSITY HOSPITALS NHS TRUST",X02,Other - Medical Services,8955,12.8,
2024-05|RF4|X04,2024-05,RF4,"BARKING, HAVERING AND REDBRIDGE UNIVERSITY HOSPITALS NHS TRUST",X04,Other - Paediatric Services,243,7.7,
2024-05|RF4|X05,2024-05,RF4,"BARKING, HAVERING AND REDBRIDGE UNIVERSITY HOSPITALS NHS TRUST",X05,Other - Surgical Services,3336,11.1,
2024-05|RF4|X06,2024-05,RF4,"BARKING, HAVERING AND REDBRIDGE UNIVERSITY HOSPITALS NHS TRUST",X06,Other - Other Services,563,5.0,
2024-05|RFF|C_100,2024-05,RFF,BARNSLEY HOSPITAL NHS FOUNDATION TRUST,C_100,General Surgery Service,1690,7.5,
2024-05|RFF|C_101,2024-05,RFF,BARNSLEY HOSPITAL NHS FOUNDATION TRUST,C_101,Urology Service,1099,9.5,
2024-05|RFF|C_110,2024-05,RFF,BARNSLEY HOSPITAL NHS FOUNDATION TRUST,C_110,Trauma and Orthopaedic Service,2493,14.6,
2024-05|RFF|C_120,2024-05,RFF,BARNSLEY HOSPITAL NHS FOUNDATION TRUST,C_120,Ear Nose and Throat Service,2941,11.9,
2024-05|RFF|C_130,2024-05,RFF,BARNSLEY HOSPITAL NHS FOUNDATION TRUST,C_130,Ophthalmology Service,2402,6.7,
2024-05|RFF|C_140,2024-05,RFF,BARNSLEY HOSPITAL NHS FOUNDATION TRUST,C_140,Oral Surgery Service,1967,14.5,
2024-05|RFF|C_300,2024-05,RFF,BARNSLEY HOSPITAL NHS FOUNDATION TRUST,C_300,General Internal Medicine Service,18,3.0,
2024-05|RFF|C_301,2024-05,RFF,BARNSLEY HOSPITAL NHS FOUNDATION TRUST,C_301,Gastroenterology Service,1117,6.2,
2024-05|RFF|C_320,2024-05,RFF,BARNSLEY HOSPITAL NHS FOUNDATION TRUST,C_320,Cardiology Service,754,6.7,
2024-05|RFF|C_330,2024-05,RFF,BARNSLEY HOSPITAL NHS FOUNDATION TRUST,C_330,Dermatology Service,2145,12.0,
2024-05|RFF|C_340,2024-05,RFF,BARNSLEY HOSPITAL NHS FOUNDATION TRUST,C_340,Respiratory Medicine Service,853,14.0,
2024-05|RFF|C_410,2024-05,RFF,BARNSLEY HOSPITAL NHS FOUNDATION TRUST,C_410,Rheumatology Service,175,4.2,
2024-05|RFF|C_430,2024-05,RFF,BARNSLEY HOSPITAL NHS FOUNDATION TRUST,C_430,Elderly Medicine Service,142,4.3,
2024-05|RFF|C_502,2024-05,RFF,BARNSLEY HOSPITAL NHS FOUNDATION TRUST,C_502,Gynaecology Service,2174,11.9,
2024-05|RFF|C_999,2024-05,RFF,BARNSLEY HOSPITAL NHS FOUNDATION TRUST,C_999,Total,22009,10.4,
2024-05|RFF|X02,2024-05,RFF,BARNSLEY HOSPITAL NHS FOUNDATION TRUST,X02,Other - Medical Services,831,10.2,
2024-05|RFF|X04,2024-05,RFF,BARNSLEY HOSPITAL NHS FOUNDATION TRUST,X04,Other - Paediatric Services,864,10.9,
2024-05|RFF|X06,2024-05,RFF,BARNSLEY HOSPITAL NHS FOUNDATION TRUST,X06,Other - Other Services,344,13.5,
2024-05|RFR|C_100,2024-05,RFR,THE ROTHERHAM NHS FOUNDATION TRUST,C_100,General Surgery Service,1596,16.4,
2024-05|RFR|C_101,2024-05,RFR,THE ROTHERHAM NHS FOUNDATION TRUST,C_101,Urology Service,1901,11.3,
2024-05|RFR|C_110,2024-05,RFR,THE ROTHERHAM NHS FOUNDATION TRUST,C_110,Trauma and Orthopaedic Service,4558,20.7,
2024-05|RFR|C_120,2024-05,RFR,THE ROTHERHAM NHS FOUNDATION TRUST,C_120,Ear Nose and Throat Service,4307,19.7,
2024-05|RFR|C_130,2024-05,RFR,THE ROTHERHAM NHS FOUNDATION TRUST,C_130,Ophthalmology Service,2087,10.8,
2024-05|RFR|C_140,2024-05,RFR,THE ROTHERHAM NHS FOUNDATION TRUST,C_140,Oral Surgery Service,3445,18.9,
2024-05|RFR|C_300,2024-05,RFR,THE ROTHERHAM NHS FOUNDATION TRUST,C_300,General Internal Medicine Service,8,6.0,
2024-05|RFR|C_301,2024-05,RFR,THE ROTHERHAM NHS FOUNDATION TRUST,C_301,Gastroenterology Service,1096,11.6,
2024-05|RFR|C_320,2024-05,RFR,THE ROTHERHAM NHS FOUNDATION TRUST,C_320,Cardiology Service,1619,13.4,
2024-05|RFR|C_330,2024-05,RFR,THE ROTHERHAM NHS FOUNDATION TRUST,C_330,Dermatology Service,1788,9.1,
2024-05|RFR|C_340,2024-05,RFR,THE ROTHERHAM NHS FOUNDATION TRUST,C_340,Respiratory Medicine Service,1030,5.6,
2024-05|RFR|C_410,2024-05,RFR,THE ROTHERHAM NHS FOUNDATION TRUST,C_410,Rheumatology Service,455,4.9,
2024-05|RFR|C_430,2024-05,RFR,THE ROTHERHAM NHS FOUNDATION TRUST,C_430,Elderly Medicine Service,79,5.2,
2024-05|RFR|C_502,2024-05,RFR,THE ROTHERHAM NHS FOUNDATION TRUST,C_502,Gynaecology Service,3485,14.9,
2024-05|RFR|C_999,2024-05,RFR,THE ROTHERHAM NHS FOUNDATION TRUST,C_999,Total,30906,13.7,
2024-05|RFR|X02,2024-05,RFR,THE ROTHERHAM NHS FOUNDATION TRUST,X02,Other - Medical Services,737,10.4,
2024-05|RFR|X04,2024-05,RFR,THE ROTHERHAM NHS FOUNDATION TRUST,X04,Other - Paediatric Services,899,10.3,
2024-05|RFR|X05,2024-05,RFR,THE ROTHERHAM NHS FOUNDATION TRUST,X05,Other - Surgical Services,1816,10.1,
2024-05|RFS|C_100,2024-05,RFS,CHESTERFIELD ROYAL HOSPITAL NHS FOUNDATION TRUST,C_100,General Surgery Service,564,9.7,
2024-05|RFS|C_101,2024-05,RFS,CHESTERFIELD ROYAL HOSPITAL NHS FOUNDATION TRUST,C_101,Urology Service,1711,13.9,
2024-05|RFS|C_110,2024-05,RFS,CHESTERFIELD ROYAL HOSPITAL NHS FOUNDATION TRUST,C_110,Trauma and Orthopaedic Service,2777,20.4,
2024-05|RFS|C_120,2024-05,RFS,CHESTERFIELD ROYAL HOSPITAL NHS FOUNDATION TRUST,C_120,Ear Nose and Throat Service,1675,11.0,
2024-05|RFS|C_130,2024-05,RFS,CHESTERFIELD ROYAL HOSPITAL NHS FOUNDATION TRUST,C_130,Ophthalmology Service,2935,16.8,
2024-05|RFS|C_140,2024-05,RFS,CHESTERFIELD ROYAL HOSPITAL NHS FOUNDATION TRUST,C_140,Oral Surgery Service,1818,18.6,
2024-05|RFS|C_300,2024-05,RFS,CHESTERFIELD ROYAL HOSPITAL NHS FOUNDATION TRUST,C_300,General Internal Medicine Service,251,14.0,
2024-05|RFS|C_301,2024-05,RFS,CHESTERFIELD ROYAL HOSPITAL NHS FOUNDATION TRUST,C_301,Gastroenterology Service,1850,13.8,
2024-05|RFS|C_320,2024-05,RFS,CHESTERFIELD ROYAL HOSPITAL NHS FOUNDATION TRUST,C_320,Cardiology Service,1119,22.9,
2024-05|RFS|C_330,2024-05,RFS,CHESTERFIELD ROYAL HOSPITAL NHS FOUNDATION TRUST,C_330,Dermatology Service,2856,19.4,
2024-05|RFS|C_340,2024-05,RFS,CHESTERFIELD ROYAL HOSPITAL NHS FOUNDATION TRUST,C_340,Respiratory Medicine Service,541,15.0,
2024-05|RFS|C_410,2024-05,RFS,CHESTERFIELD ROYAL HOSPITAL NHS FOUNDATION TRUST,C_410,Rheumatology Service,865,18.3,
2024-05|RFS|C_502,2024-05,RFS,CHESTERFIELD ROYAL HOSPITAL NHS FOUNDATION TRUST,C_502,Gynaecology Service,2605,16.5,
2024-05|RFS|C_999,2024-05,RFS,CHESTERFIELD ROYAL HOSPITAL NHS FOUNDATION TRUST,C_999,Total,28707,16.3,
2024-05|RFS|X02,2024-05,RFS,CHESTERFIELD ROYAL HOSPITAL NHS FOUNDATION TRUST,X02,Other - Medical Services,1405,11.1,
2024-05|RFS|X04,2024-05,RFS,CHESTERFIELD ROYAL HOSPITAL NHS FOUNDATION TRUST,X04,Other - Paediatric Services,1950,13.8,
2024-05|RFS|X05,2024-05,RFS,CHESTERFIELD ROYAL HOSPITAL NHS FOUNDATION TRUST,X05,Other - Surgical Services,3784,20.1,
2024-05|RFS|X06,2024-05,RFS,CHESTERFIELD ROYAL HOSPITAL NHS FOUNDATION TRUST,X06,Other - Other Services,1,0.5,
2024-05|RGM|C_170,2024-05,RGM,ROYAL PAPWORTH HOSPITAL NHS FOUNDATION TRUST,C_170,Cardiothoracic Surgery Service,756,14.6,
2024-05|RGM|C_320,2024-05,RGM,ROYAL PAPWORTH HOSPITAL NHS FOUNDATION TRUST,C_320,Cardiology Service,2300,12.9,
2024-05|RGM|C_340,2024-05,RGM,ROYAL PAPWORTH HOSPITAL NHS FOUNDATION TRUST,C_340,Respiratory Medicine Service,3967,11.9,
2024-05|RGM|C_999,2024-05,RGM,ROYAL PAPWORTH HOSPITAL NHS FOUNDATION TRUST,C_999,Total,7023,12.4,
2024-05|RGN|C_100,2024-05,RGN,NORTH WEST ANGLIA NHS FOUNDATION TRUST,C_100,General Surgery Service,7069,16.5,
2024-05|RGN|C_101,2024-05,RGN,NORTH WEST ANGLIA NHS FOUNDATION TRUST,C_101,Urology Service,7899,21.1,
2024-05|RGN|C_110,2024-05,RGN,NORTH WEST ANGLIA NHS FOUNDATION TRUST,C_110,Trauma and Orthopaedic Service,6106,19.4,
2024-05|RGN|C_120,2024-05,RGN,NORTH WEST ANGLIA NHS FOUNDATION TRUST,C_120,Ear Nose and Throat Service,9412,22.7,
2024-05|RGN|C_130,2024-05,RGN,NORTH WEST ANGLIA NHS FOUNDATION TRUST,C_130,Ophthalmology Service,10235,21.8,
2024-05|RGN|C_140,2024-05,RGN,NORTH WEST ANGLIA NHS FOUNDATION TRUST,C_140,Oral Surgery Service,2845,25.6,
2024-05|RGN|C_160,2024-05,RGN,NORTH WEST ANGLIA NHS FOUNDATION TRUST,C_160,Plastic Surgery Service,1634,16.9,
2024-05|RGN|C_300,2024-05,RGN,NORTH WEST ANGLIA NHS FOUNDATION TRUST,C_300,General Internal Medicine Service,34,13.0,
2024-05|RGN|C_301,2024-05,RGN,NORTH WEST ANGLIA NHS FOUNDATION TRUST,C_301,Gastroenterology Service,4302,22.7,
2024-05|RGN|C_320,2024-05,RGN,NORTH WEST ANGLIA NHS FOUNDATION TRUST,C_320,Cardiology Service,6673,18.6,
2024-05|RGN|C_330,2024-05,RGN,NORTH WEST ANGLIA NHS FOUNDATION TRUST,C_330,Dermatology Service,5020,24.2,
2024-05|RGN|C_340,2024-05,RGN,NORTH WEST ANGLIA NHS FOUNDATION TRUST,C_340,Respiratory Medicine Service,1745,8.0,
2024-05|RGN|C_400,2024-05,RGN,NORTH WEST ANGLIA NHS FOUNDATION TRUST,C_400,Neurology Service,1289,10.4,
2024-05|RGN|C_410,2024-05,RGN,NORTH WEST ANGLIA NHS FOUNDATION TRUST,C_410,Rheumatology Service,1623,21.2,
2024-05|RGN|C_430,2024-05,RGN,NORTH WEST ANGLIA NHS FOUNDATION TRUST,C_430,Elderly Medicine Service,708,17.3,
2024-05|RGN|C_502,2024-05,RGN,NORTH WEST ANGLIA NHS FOUNDATION TRUST,C_502,Gynaecology Service,6926,15.2,
2024-05|RGN|C_999,2024-05,RGN,NORTH WEST ANGLIA NHS FOUNDATION TRUST,C_999,Total,82136,18.7,
2024-05|RGN|X02,2024-05,RGN,NORTH WEST ANGLIA NHS FOUNDATION TRUST,X02,Other - Medical Services,6617,14.4,
2024-05|RGN|X03,2024-05,RGN,NORTH WEST ANGLIA NHS FOUNDATION TRUST,X03,Other - Mental Health Services,2,1.0,
2024-05|RGN|X04,2024-05,RGN,NORTH WEST ANGLIA NHS FOUNDATION TRUST,X04,Other - Paediatric Services,1101,15.8,
2024-05|RGN|X05,2024-05,RGN,NORTH WEST ANGLIA NHS FOUNDATION TRUST,X05,Other - Surgical Services,506,2.0,
2024-05|RGN|X06,2024-05,RGN,NORTH WEST ANGLIA NHS FOUNDATION TRUST,X06,Other - Other Services,390,14.7,
2024-05|RGP|C_100,2024-05,RGP,JAMES PAGET UNIVERSITY HOSPITALS NHS FOUNDATION TRUST,C_100,General Surgery Service,4055,21.4,
2024-05|RGP|C_101,2024-05,RGP,JAMES PAGET UNIVERSITY HOSPITALS NHS FOUNDATION TRUST,C_101,Urology Service,2286,18.4,
2024-05|RGP|C_110,2024-05,RGP,JAMES PAGET UNIVERSITY HOSPITALS NHS FOUNDATION TRUST,C_110,Trauma and Orthopaedic Service,3642,25.7,
2024-05|RGP|C_120,2024-05,RGP,JAMES PAGET UNIVERSITY HOSPITALS NHS FOUNDATION TRUST,C_120,Ear Nose and Throat Service,2256,29.5,
2024-05|RGP|C_130,2024-05,RGP,JAMES PAGET UNIVERSITY HOSPITALS NHS FOUNDATION TRUST,C_130,Ophthalmology Service,2944,11.2,
2024-05|RGP|C_140,2024-05,RGP,JAMES PAGET UNIVERSITY HOSPITALS NHS FOUNDATION TRUST,C_140,Oral Surgery Service,1025,23.6,
2024-05|RGP|C_160,2024-05,RGP,JAMES PAGET UNIVERSITY HOSPITALS NHS FOUNDATION TRUST,C_160,Plastic Surgery Service,342,33.8,
2024-05|RGP|C_300,2024-05,RGP,JAMES PAGET UNIVERSITY HOSPITALS NHS FOUNDATION TRUST,C_300,General Internal Medicine Service,18,9.0,
2024-05|RGP|C_301,2024-05,RGP,JAMES PAGET UNIVERSITY HOSPITALS NHS FOUNDATION TRUST,C_301,Gastroenterology Service,1652,29.6,
2024-05|RGP|C_320,2024-05,RGP,JAMES PAGET UNIVERSITY HOSPITALS NHS FOUNDATION TRUST,C_320,Cardiology Service,1943,18.3,
2024-05|RGP|C_330,2024-05,RGP,JAMES PAGET UNIVERSITY HOSPITALS NHS FOUNDATION TRUST,C_330,Dermatology Service,1284,8.3,
2024-05|RGP|C_340,2024-05,RGP,JAMES PAGET UNIVERSITY HOSPITALS NHS FOUNDATION TRUST,C_340,Respiratory Medicine Service,1136,14.3,
2024-05|RGP|C_400,2024-05,RGP,JAMES PAGET UNIVERSITY HOSPITALS NHS FOUNDATION TRUST,C_400,Neurology Service,1550,22.3,
2024-05|RGP|C_410,2024-05,RGP,JAMES PAGET UNIVERSITY HOSPITALS NHS FOUNDATION TRUST,C_410,Rheumatology Service,432,9.0,
2024-05|RGP|C_430,2024-05,RGP,JAMES PAGET UNIVERSITY HOSPITALS NHS FOUNDATION TRUST,C_430,Elderly Medicine Service,17,7.5,
2024-05|RGP|C_502,2024-05,RGP,JAMES PAGET UNIVERSITY HOSPITALS NHS FOUNDATION TRUST,C_502,Gynaecology Service,2346,27.5,
2024-05|RGP|C_999,2024-05,RGP,JAMES PAGET UNIVERSITY HOSPITALS NHS FOUNDATION TRUST,C_999,Total,30798,18.6,
2024-05|RGP|X02,2024-05,RGP,JAMES PAGET UNIVERSITY HOSPITALS NHS FOUNDATION TRUST,X02,Other - Medical Services,535,9.5,
2024-05|RGP|X04,2024-05,RGP,JAMES PAGET UNIVERSITY HOSPITALS NHS FOUNDATION TRUST,X04,Other - Paediatric Services,2135,16.8,
2024-05|RGP|X05,2024-05,RGP,JAMES PAGET UNIVERSITY HOSPITALS NHS FOUNDATION TRUST,X05,Other - Surgical Services,1200,10.1,
2024-05|RGR|C_100,2024-05,RGR,WEST SUFFOLK NHS FOUNDATION TRUST,C_100,General Surgery Service,2706,20.8,
2024-05|RGR|C_101,2024-05,RGR,WEST SUFFOLK NHS FOUNDATION TRUST,C_101,Urology Service,2159,13.9,
2024-05|RGR|C_110,2024-05,RGR,WEST SUFFOLK NHS FOUNDATION TRUST,C_110,Trauma and Orthopaedic Service,4903,22.4,
2024-05|RGR|C_120,2024-05,RGR,WEST SUFFOLK NHS FOUNDATION TRUST,C_120,Ear Nose and Throat Service,2916,14.9,
2024-05|RGR|C_130,2024-05,RGR,WEST SUFFOLK NHS FOUNDATION TRUST,C_130,Ophthalmology Service,2333,14.6,
2024-05|RGR|C_160,2024-05,RGR,WEST SUFFOLK NHS FOUNDATION TRUST,C_160,Plastic Surgery Service,976,28.2,
2024-05|RGR|C_300,2024-05,RGR,WEST SUFFOLK NHS FOUNDATION TRUST,C_300,General Internal Medicine Service,643,11.5,
2024-05|RGR|C_301,2024-05,RGR,WEST SUFFOLK NHS FOUNDATION TRUST,C_301,Gastroenterology Service,954,14.4,
2024-05|RGR|C_320,2024-05,RGR,WEST SUFFOLK NHS FOUNDATION TRUST,C_320,Cardiology Service,595,5.4,
2024-05|RGR|C_330,2024-05,RGR,WEST SUFFOLK NHS FOUNDATION TRUST,C_330,Dermatology Service,3858,11.1,
2024-05|RGR|C_340,2024-05,RGR,WEST SUFFOLK NHS FOUNDATION TRUST,C_340,Respiratory Medicine Service,1350,12.8,
2024-05|RGR|C_400,2024-05,RGR,WEST SUFFOLK NHS FOUNDATION TRUST,C_400,Neurology Service,1082,12.8,
2024-05|RGR|C_410,2024-05,RGR,WEST SUFFOLK NHS FOUNDATION TRUST,C_410,Rheumatology Service,313,4.8,
2024-05|RGR|C_430,2024-05,RGR,WEST SUFFOLK NHS FOUNDATION TRUST,C_430,Elderly Medicine Service,20,6.7,
2024-05|RGR|C_502,2024-05,RGR,WEST SUFFOLK NHS FOUNDATION TRUST,C_502,Gynaecology Service,2347,11.6,
2024-05|RGR|C_999,2024-05,RGR,WEST SUFFOLK NHS FOUNDATION TRUST,C_999,Total,35141,14.7,
2024-05|RGR|X02,2024-05,RGR,WEST SUFFOLK NHS FOUNDATION TRUST,X02,Other - Medical Services,2299,13.9,
2024-05|RGR|X03,2024-05,RGR,WEST SUFFOLK NHS FOUNDATION TRUST,X03,Other - Mental Health Services,18,25.0,
2024-05|RGR|X04,2024-05,RGR,WEST SUFFOLK NHS FOUNDATION TRUST,X04,Other - Paediatric Services,1580,18.6,
2024-05|RGR|X05,2024-05,RGR,WEST SUFFOLK NHS FOUNDATION TRUST,X05,Other - Surgical Services,3841,12.5,
2024-05|RGR|X06,2024-05,RGR,WEST SUFFOLK NHS FOUNDATION TRUST,X06,Other - Other Services,248,26.8,
2024-05|RGT|C_100,2024-05,RGT,CAMBRIDGE UNIVERSITY HOSPITALS NHS FOUNDATION TRUST,C_100,General Surgery Service,1339,18.8,
2024-05|RGT|C_101,2024-05,RGT,CAMBRIDGE UNIVERSITY HOSPITALS NHS FOUNDATION TRUST,C_101,Urology Service,3631,17.3,
2024-05|RGT|C_110,2024-05,RGT,CAMBRIDGE UNIVERSITY HOSPITALS NHS FOUNDATION TRUST,C_110,Trauma and Orthopaedic Service,4524,19.5,
2024-05|RGT|C_120,2024-05,RGT,CAMBRIDGE UNIVERSITY HOSPITALS NHS FOUNDATION TRUST,C_120,Ear Nose and Throat Service,4921,19.6,
2024-05|RGT|C_130,2024-05,RGT,CAMBRIDGE UNIVERSITY HOSPITALS NHS FOUNDATION TRUST,C_130,Ophthalmology Service,6463,15.4,
2024-05|RGT|C_140,2024-05,RGT,CAMBRIDGE UNIVERSITY HOSPITALS NHS FOUNDATION TRUST,C_140,Oral Surgery Service,3414,19.2,
2024-05|RGT|C_150,2024-05,RGT,CAMBRIDGE UNIVERSITY HOSPITALS NHS FOUNDATION TRUST,C_150,Neurosurgical Service,1474,9.3,
2024-05|RGT|C_160,2024-05,RGT,CAMBRIDGE UNIVERSITY HOSPITALS NHS FOUNDATION TRUST,C_160,Plastic Surgery Service,2387,17.4,
2024-05|RGT|C_300,2024-05,RGT,CAMBRIDGE UNIVERSITY HOSPITALS NHS FOUNDATION TRUST,C_300,General Internal Medicine Service,575,21.4,
2024-05|RGT|C_301,2024-05,RGT,CAMBRIDGE UNIVERSITY HOSPITALS NHS FOUNDATION TRUST,C_301,Gastroenterology Service,2108,9.6,
2024-05|RGT|C_320,2024-05,RGT,CAMBRIDGE UNIVERSITY HOSPITALS NHS FOUNDATION TRUST,C_320,Cardiology Service,2663,21.0,
2024-05|RGT|C_330,2024-05,RGT,CAMBRIDGE UNIVERSITY HOSPITALS NHS FOUNDATION TRUST,C_330,Dermatology Service,4503,17.3,
2024-05|RGT|C_340,2024-05,RGT,CAMBRIDGE UNIVERSITY HOSPITALS NHS FOUNDATION TRUST,C_340,Respiratory Medicine Service,1002,10.5,
2024-05|RGT|C_400,2024-05,RGT,CAMBRIDGE UNIVERSITY HOSPITALS NHS FOUNDATION TRUST,C_400,Neurology Service,1237,9.4,
2024-05|RGT|C_410,2024-05,RGT,CAMBRIDGE UNIVERSITY HOSPITALS NHS FOUNDATION TRUST,C_410,Rheumatology Service,1885,9.0,
2024-05|RGT|C_430,2024-05,RGT,CAMBRIDGE UNIVERSITY HOSPITALS NHS FOUNDATION TRUST,C_430,Elderly Medicine Service,61,11.4,
2024-05|RGT|C_502,2024-05,RGT,CAMBRIDGE UNIVERSITY HOSPITALS NHS FOUNDATION TRUST,C_502,Gynaecology Service,3595,18.3,
2024-05|RGT|C_999,2024-05,RGT,CAMBRIDGE UNIVERSITY HOSPITALS NHS FOUNDATION TRUST,C_999,Total,63659,14.0,
2024-05|RGT|X02,2024-05,RGT,CAMBRIDGE UNIVERSITY HOSPITALS NHS FOUNDATION TRUST,X02,Other - Medical Services,7670,7.7,
2024-05|RGT|X03,2024-05,RGT,CAMBRIDGE UNIVERSITY HOSPITALS NHS FOUNDATION TRUST,X03,Other - Mental Health Services,15,18.5,
2024-05|RGT|X04,2024-05,RGT,CAMBRIDGE UNIVERSITY HOSPITALS NHS FOUNDATION TRUST,X04,Other - Paediatric Services,5411,13.8,
2024-05|RGT|X05,2024-05,RGT,CAMBRIDGE UNIVERSITY HOSPITALS NHS FOUNDATION TRUST,X05,Other - Surgical Services,3873,7.9,
2024-05|RGT|X06,2024-05,RGT,CAMBRIDGE UNIVERSITY HOSPITALS NHS FOUNDATION TRUST,X06,Other - Other Services,908,11.2,
2024-05|RH5|C_100,2024-05,RH5,SOMERSET NHS FOUNDATION TRUST,C_100,General Surgery Service,2312,10.5,
2024-05|RH5|C_101,2024-05,RH5,SOMERSET NHS FOUNDATION TRUST,C_101,Urology Service,3135,14.3,
2024-05|RH5|C_110,2024-05,RH5,SOMERSET NHS FOUNDATION TRUST,C_110,Trauma and Orthopaedic Service,8091,12.9,
2024-05|RH5|C_120,2024-05,RH5,SOMERSET NHS FOUNDATION TRUST,C_120,Ear Nose and Throat Service,5121,15.0,
2024-05|RH5|C_130,2024-05,RH5,SOMERSET NHS FOUNDATION TRUST,C_130,Ophthalmology Service,5274,12.5,
2024-05|RH5|C_140,2024-05,RH5,SOMERSET NHS FOUNDATION TRUST,C_140,Oral Surgery Service,2182,12.4,
2024-05|RH5|C_160,2024-05,RH5,SOMERSET NHS FOUNDATION TRUST,C_160,Plastic Surgery Service,184,10.2,
2024-05|RH5|C_170,2024-05,RH5,SOMERSET NHS FOUNDATION TRUST,C_170,Cardiothoracic Surgery Service,43,9.5,
2024-05|RH5|C_300,2024-05,RH5,SOMERSET NHS FOUNDATION TRUST,C_300,General Internal Medicine Service,22,16.7,
2024-05|RH5|C_301,2024-05,RH5,SOMERSET NHS FOUNDATION TRUST,C_301,Gastroenterology Service,2331,12.0,
2024-05|RH5|C_320,2024-05,RH5,SOMERSET NHS FOUNDATION TRUST,C_320,Cardiology Service,3160,7.6,
2024-05|RH5|C_330,2024-05,RH5,SOMERSET NHS FOUNDATION TRUST,C_330,Dermatology Service,2669,7.1,
2024-05|RH5|C_340,2024-05,RH5,SOMERSET NHS FOUNDATION TRUST,C_340,Respiratory Medicine Service,2273,11.9,
2024-05|RH5|C_400,2024-05,RH5,SOMERSET NHS FOUNDATION TRUST,C_400,Neurology Service,1956,13.7,
2024-05|RH5|C_410,2024-05,RH5,SOMERSET NHS FOUNDATION TRUST,C_410,Rheumatology Service,922,12.3,
2024-05|RH5|C_430,2024-05,RH5,SOMERSET NHS FOUNDATION TRUST,C_430,Elderly Medicine Service,612,7.7,
2024-05|RH5|C_502,2024-05,RH5,SOMERSET NHS FOUNDATION TRUST,C_502,Gynaecology Service,3742,10.6,
2024-05|RH5|C_999,2024-05,RH5,SOMERSET NHS FOUNDATION TRUST,C_999,Total,55014,11.5,
2024-05|RH5|X02,2024-05,RH5,SOMERSET NHS FOUNDATION TRUST,X02,Other - Medical Services,2678,10.7,
2024-05|RH5|X04,2024-05,RH5,SOMERSET NHS FOUNDATION TRUST,X04,Other - Paediatric Services,1421,9.0,
2024-05|RH5|X05,2024-05,RH5,SOMERSET NHS FOUNDATION TRUST,X05,Other - Surgical Services,5799,12.0,
2024-05|RH5|X06,2024-05,RH5,SOMERSET NHS FOUNDATION TRUST,X06,Other - Other Services,1087,9.5,
2024-05|RH8|C_100,2024-05,RH8,ROYAL DEVON UNIVERSITY HEALTHCARE NHS FOUNDATION TRUST,C_100,General Surgery Service,1405,17.6,
2024-05|RH8|C_101,2024-05,RH8,ROYAL DEVON UNIVERSITY HEALTHCARE NHS FOUNDATION TRUST,C_101,Urology Service,3829,15.0,
2024-05|RH8|C_110,2024-05,RH8,ROYAL DEVON UNIVERSITY HEALTHCARE NHS FOUNDATION TRUST,C_110,Trauma and Orthopaedic Service,10035,20.4,
2024-05|RH8|C_120,2024-05,RH8,ROYAL DEVON UNIVERSITY HEALTHCARE NHS FOUNDATION TRUST,C_120,Ear Nose and Throat Service,4920,17.9,
2024-05|RH8|C_130,2024-05,RH8,ROYAL DEVON UNIVERSITY HEALTHCARE NHS FOUNDATION TRUST,C_130,Ophthalmology Service,8300,12.2,
2024-05|RH8|C_140,2024-05,RH8,ROYAL DEVON UNIVERSITY HEALTHCARE NHS FOUNDATION TRUST,C_140,Oral Surgery Service,3060,15.5,
2024-05|RH8|C_160,2024-05,RH8,ROYAL DEVON UNIVERSITY HEALTHCARE NHS FOUNDATION TRUST,C_160,Plastic Surgery Service,1327,11.9,
2024-05|RH8|C_170,2024-05,RH8,ROYAL DEVON UNIVERSITY HEALTHCARE NHS FOUNDATION TRUST,C_170,Cardiothoracic Surgery Service,1,36.5,
2024-05|RH8|C_300,2024-05,RH8,ROYAL DEVON UNIVERSITY HEALTHCARE NHS FOUNDATION TRUST,C_300,General Internal Medicine Service,335,17.1,
2024-05|RH8|C_301,2024-05,RH8,ROYAL DEVON UNIVERSITY HEALTHCARE NHS FOUNDATION TRUST,C_301,Gastroenterology Service,3261,11.7,
2024-05|RH8|C_320,2024-05,RH8,ROYAL DEVON UNIVERSITY HEALTHCARE NHS FOUNDATION TRUST,C_320,Cardiology Service,5611,16.0,
2024-05|RH8|C_330,2024-05,RH8,ROYAL DEVON UNIVERSITY HEALTHCARE NHS FOUNDATION TRUST,C_330,Dermatology Service,6359,13.7,
2024-05|RH8|C_340,2024-05,RH8,ROYAL DEVON UNIVERSITY HEALTHCARE NHS FOUNDATION TRUST,C_340,Respiratory Medicine Service,2358,16.2,
2024-05|RH8|C_400,2024-05,RH8,ROYAL DEVON UNIVERSITY HEALTHCARE NHS FOUNDATION TRUST,C_400,Neurology Service,1938,16.0,
2024-05|RH8|C_410,2024-05,RH8,ROYAL DEVON UNIVERSITY HEALTHCARE NHS FOUNDATION TRUST,C_410,Rheumatology Service,823,10.1,
2024-05|RH8|C_430,2024-05,RH8,ROYAL DEVON UNIVERSITY HEALTHCARE NHS FOUNDATION TRUST,C_430,Elderly Medicine Service,320,6.0,
2024-05|RH8|C_502,2024-05,RH8,ROYAL DEVON UNIVERSITY HEALTHCARE NHS FOUNDATION TRUST,C_502,Gynaecology Service,5030,17.5,
2024-05|RH8|C_999,2024-05,RH8,ROYAL DEVON UNIVERSITY HEALTHCARE NHS FOUNDATION TRUST,C_999,Total,75180,15.1,
2024-05|RH8|X02,2024-05,RH8,ROYAL DEVON UNIVERSITY HEALTHCARE NHS FOUNDATION TRUST,X02,Other - Medical Services,7068,12.8,
2024-05|RH8|X04,2024-05,RH8,ROYAL DEVON UNIVERSITY HEALTHCARE NHS FOUNDATION TRUST,X04,Other - Paediatric Services,1586,16.7,
2024-05|RH8|X05,2024-05,RH8,ROYAL DEVON UNIVERSITY HEALTHCARE NHS FOUNDATION TRUST,X05,Other - Surgical Services,7395,15.3,
2024-05|RH8|X06,2024-05,RH8,ROYAL DEVON UNIVERSITY HEALTHCARE NHS FOUNDATION TRUST,X06,Other - Other Services,219,8.5,
2024-05|RHM|C_100,2024-05,RHM,UNIVERSITY HOSPITAL SOUTHAMPTON NHS FOUNDATION TRUST,C_100,General Surgery Service,1123,19.0,
2024-05|RHM|C_101,2024-05,RHM,UNIVERSITY HOSPITAL SOUTHAMPTON NHS FOUNDATION TRUST,C_101,Urology Service,2644,14.1,
2024-05|RHM|C_110,2024-05,RHM,UNIVERSITY HOSPITAL SOUTHAMPTON NHS FOUNDATION TRUST,C_110,Trauma and Orthopaedic Service,3919,15.5,
2024-05|RHM|C_120,2024-05,RHM,UNIVERSITY HOSPITAL SOUTHAMPTON NHS FOUNDATION TRUST,C_120,Ear Nose and Throat Service,1997,16.1,
2024-05|RHM|C_130,2024-05,RHM,UNIVERSITY HOSPITAL SOUTHAMPTON NHS FOUNDATION TRUST,C_130,Ophthalmology Service,6149,10.6,
2024-05|RHM|C_140,2024-05,RHM,UNIVERSITY HOSPITAL SOUTHAMPTON NHS FOUNDATION TRUST,C_140,Oral Surgery Service,2598,16.7,
2024-05|RHM|C_150,2024-05,RHM,UNIVERSITY HOSPITAL SOUTHAMPTON NHS FOUNDATION TRUST,C_150,Neurosurgical Service,900,11.6,
2024-05|RHM|C_170,2024-05,RHM,UNIVERSITY HOSPITAL SOUTHAMPTON NHS FOUNDATION TRUST,C_170,Cardiothoracic Surgery Service,742,10.1,
2024-05|RHM|C_300,2024-05,RHM,UNIVERSITY HOSPITAL SOUTHAMPTON NHS FOUNDATION TRUST,C_300,General Internal Medicine Service,46,10.0,
2024-05|RHM|C_301,2024-05,RHM,UNIVERSITY HOSPITAL SOUTHAMPTON NHS FOUNDATION TRUST,C_301,Gastroenterology Service,1344,10.0,
2024-05|RHM|C_320,2024-05,RHM,UNIVERSITY HOSPITAL SOUTHAMPTON NHS FOUNDATION TRUST,C_320,Cardiology Service,2462,11.1,
2024-05|RHM|C_330,2024-05,RHM,UNIVERSITY HOSPITAL SOUTHAMPTON NHS FOUNDATION TRUST,C_330,Dermatology Service,3695,10.4,
2024-05|RHM|C_340,2024-05,RHM,UNIVERSITY HOSPITAL SOUTHAMPTON NHS FOUNDATION TRUST,C_340,Respiratory Medicine Service,1117,9.8,
2024-05|RHM|C_400,2024-05,RHM,UNIVERSITY HOSPITAL SOUTHAMPTON NHS FOUNDATION TRUST,C_400,Neurology Service,5209,14.9,
2024-05|RHM|C_410,2024-05,RHM,UNIVERSITY HOSPITAL SOUTHAMPTON NHS FOUNDATION TRUST,C_410,Rheumatology Service,650,7.2,
2024-05|RHM|C_430,2024-05,RHM,UNIVERSITY HOSPITAL SOUTHAMPTON NHS FOUNDATION TRUST,C_430,Elderly Medicine Service,223,8.6,
2024-05|RHM|C_502,2024-05,RHM,UNIVERSITY HOSPITAL SOUTHAMPTON NHS FOUNDATION TRUST,C_502,Gynaecology Service,4777,18.3,
2024-05|RHM|C_999,2024-05,RHM,UNIVERSITY HOSPITAL SOUTHAMPTON NHS FOUNDATION TRUST,C_999,Total,59812,12.4,
2024-05|RHM|X02,2024-05,RHM,UNIVERSITY HOSPITAL SOUTHAMPTON NHS FOUNDATION TRUST,X02,Other - Medical Services,7596,10.7,
2024-05|RHM|X04,2024-05,RHM,UNIVERSITY HOSPITAL SOUTHAMPTON NHS FOUNDATION TRUST,X04,Other - Paediatric Services,7334,12.1,
2024-05|RHM|X05,2024-05,RHM,UNIVERSITY HOSPITAL SOUTHAMPTON NHS FOUNDATION TRUST,X05,Other - Surgical Services,4774,12.3,
2024-05|RHM|X06,2024-05,RHM,UNIVERSITY HOSPITAL SOUTHAMPTON NHS FOUNDATION TRUST,X06,Other - Other Services,513,5.5,
2024-05|RHQ|C_100,2024-05,RHQ,SHEFFIELD TEACHING HOSPITALS NHS FOUNDATION TRUST,C_100,General Surgery Service,1395,16.0,
2024-05|RHQ|C_101,2024-05,RHQ,SHEFFIELD TEACHING HOSPITALS NHS FOUNDATION TRUST,C_101,Urology Service,6009,16.0,
2024-05|RHQ|C_110,2024-05,RHQ,SHEFFIELD TEACHING HOSPITALS NHS FOUNDATION TRUST,C_110,Trauma and Orthopaedic Service,8420,15.0,
2024-05|RHQ|C_120,2024-05,RHQ,SHEFFIELD TEACHING HOSPITALS NHS FOUNDATION TRUST,C_120,Ear Nose and Throat Service,5269,15.3,
2024-05|RHQ|C_130,2024-05,RHQ,SHEFFIELD TEACHING HOSPITALS NHS FOUNDATION TRUST,C_130,Ophthalmology Service,4696,8.7,
2024-05|RHQ|C_140,2024-05,RHQ,SHEFFIELD TEACHING HOSPITALS NHS FOUNDATION TRUST,C_140,Oral Surgery Service,5212,17.4,
2024-05|RHQ|C_150,2024-05,RHQ,SHEFFIELD TEACHING HOSPITALS NHS FOUNDATION TRUST,C_150,Neurosurgical Service,2405,19.9,
2024-05|RHQ|C_160,2024-05,RHQ,SHEFFIELD TEACHING HOSPITALS NHS FOUNDATION TRUST,C_160,Plastic Surgery Service,3041,19.0,
2024-05|RHQ|C_170,2024-05,RHQ,SHEFFIELD TEACHING HOSPITALS NHS FOUNDATION TRUST,C_170,Cardiothoracic Surgery Service,554,8.4,
2024-05|RHQ|C_300,2024-05,RHQ,SHEFFIELD TEACHING HOSPITALS NHS FOUNDATION TRUST,C_300,General Internal Medicine Service,21,4.2,
2024-05|RHQ|C_301,2024-05,RHQ,SHEFFIELD TEACHING HOSPITALS NHS FOUNDATION TRUST,C_301,Gastroenterology Service,3895,7.7,
2024-05|RHQ|C_320,2024-05,RHQ,SHEFFIELD TEACHING HOSPITALS NHS FOUNDATION TRUST,C_320,Cardiology Service,5631,12.9,
2024-05|RHQ|C_330,2024-05,RHQ,SHEFFIELD TEACHING HOSPITALS NHS FOUNDATION TRUST,C_330,Dermatology Service,5361,15.9,
2024-05|RHQ|C_340,2024-05,RHQ,SHEFFIELD TEACHING HOSPITALS NHS FOUNDATION TRUST,C_340,Respiratory Medicine Service,2155,6.6,
2024-05|RHQ|C_400,2024-05,RHQ,SHEFFIELD TEACHING HOSPITALS NHS FOUNDATION TRUST,C_400,Neurology Service,9335,24.5,
2024-05|RHQ|C_410,2024-05,RHQ,SHEFFIELD TEACHING HOSPITALS NHS FOUNDATION TRUST,C_410,Rheumatology Service,997,7.7,
2024-05|RHQ|C_430,2024-05,RHQ,SHEFFIELD TEACHING HOSPITALS NHS FOUNDATION TRUST,C_430,Elderly Medicine Service,102,8.4,
2024-05|RHQ|C_502,2024-05,RHQ,SHEFFIELD TEACHING HOSPITALS NHS FOUNDATION TRUST,C_502,Gynaecology Service,6551,15.1,
2024-05|RHQ|C_999,2024-05,RHQ,SHEFFIELD TEACHING HOSPITALS NHS FOUNDATION TRUST,C_999,Total,95081,12.9,
2024-05|RHQ|X02,2024-05,RHQ,SHEFFIELD TEACHING HOSPITALS NHS FOUNDATION TRUST,X02,Other - Medical Services,11753,9.9,
2024-05|RHQ|X05,2024-05,RHQ,SHEFFIELD TEACHING HOSPITALS NHS FOUNDATION TRUST,X05,Other - Surgical Services,9393,10.1,
2024-05|RHQ|X06,2024-05,RHQ,SHEFFIELD TEACHING HOSPITALS NHS FOUNDATION TRUST,X06,Other - Other Services,2886,5.4,
2024-05|RHU|C_100,2024-05,RHU,PORTSMOUTH HOSPITALS UNIVERSITY NATIONAL HEALTH SERVICE TRUST,C_100,General Surgery Service,6042,14.7,
2024-05|RHU|C_101,2024-05,RHU,PORTSMOUTH HOSPITALS UNIVERSITY NATIONAL HEALTH SERVICE TRUST,C_101,Urology Service,2981,13.1,
2024-05|RHU|C_110,2024-05,RHU,PORTSMOUTH HOSPITALS UNIVERSITY NATIONAL HEALTH SERVICE TRUST,C_110,Trauma and Orthopaedic Service,5582,16.9,
2024-05|RHU|C_120,2024-05,RHU,PORTSMOUTH HOSPITALS UNIVERSITY NATIONAL HEALTH SERVICE TRUST,C_120,Ear Nose and Throat Service,9797,24.3,
2024-05|RHU|C_130,2024-05,RHU,PORTSMOUTH HOSPITALS UNIVERSITY NATIONAL HEALTH SERVICE TRUST,C_130,Ophthalmology Service,5668,13.0,
2024-05|RHU|C_140,2024-05,RHU,PORTSMOUTH HOSPITALS UNIVERSITY NATIONAL HEALTH SERVICE TRUST,C_140,Oral Surgery Service,3772,20.2,
2024-05|RHU|C_160,2024-05,RHU,PORTSMOUTH HOSPITALS UNIVERSITY NATIONAL HEALTH SERVICE TRUST,C_160,Plastic Surgery Service,707,18.7,
2024-05|RHU|C_301,2024-05,RHU,PORTSMOUTH HOSPITALS UNIVERSITY NATIONAL HEALTH SERVICE TRUST,C_301,Gastroenterology Service,7286,19.2,
2024-05|RHU|C_320,2024-05,RHU,PORTSMOUTH HOSPITALS UNIVERSITY NATIONAL HEALTH SERVICE TRUST,C_320,Cardiology Service,3543,12.0,
2024-05|RHU|C_330,2024-05,RHU,PORTSMOUTH HOSPITALS UNIVERSITY NATIONAL HEALTH SERVICE TRUST,C_330,Dermatology Service,2827,8.0,
2024-05|RHU|C_340,2024-05,RHU,PORTSMOUTH HOSPITALS UNIVERSITY NATIONAL HEALTH SERVICE TRUST,C_340,Respiratory Medicine Service,750,6.6,
2024-05|RHU|C_410,2024-05,RHU,PORTSMOUTH HOSPITALS UNIVERSITY NATIONAL HEALTH SERVICE TRUST,C_410,Rheumatology Service,521,5.0,
2024-05|RHU|C_430,2024-05,RHU,PORTSMOUTH HOSPITALS UNIVERSITY NATIONAL HEALTH SERVICE TRUST,C_430,Elderly Medicine Service,69,5.6,
2024-05|RHU|C_502,2024-05,RHU,PORTSMOUTH HOSPITALS UNIVERSITY NATIONAL HEALTH SERVICE TRUST,C_502,Gynaecology Service,5130,17.3,
2024-05|RHU|C_999,2024-05,RHU,PORTSMOUTH HOSPITALS UNIVERSITY NATIONAL HEALTH SERVICE TRUST,C_999,Total,62581,15.6,
2024-05|RHU|X02,2024-05,RHU,PORTSMOUTH HOSPITALS UNIVERSITY NATIONAL HEALTH SERVICE TRUST,X02,Other - Medical Services,2999,12.9,
2024-05|RHU|X04,2024-05,RHU,PORTSMOUTH HOSPITALS UNIVERSITY NATIONAL HEALTH SERVICE TRUST,X04,Other - Paediatric Services,560,4.7,
2024-05|RHU|X05,2024-05,RHU,PORTSMOUTH HOSPITALS UNIVERSITY NATIONAL HEALTH SERVICE TRUST,X05,Other - Surgical Services,995,30.5,
2024-05|RHU|X06,2024-05,RHU,PORTSMOUTH HOSPITALS UNIVERSITY NATIONAL HEALTH SERVICE TRUST,X06,Other - Other Services,3352,17.7,
2024-05|RHW|C_100,2024-05,RHW,ROYAL BERKSHIRE NHS FOUNDATION TRUST,C_100,General Surgery Service,2201,9.1,
2024-05|RHW|C_101,2024-05,RHW,ROYAL BERKSHIRE NHS FOUNDATION TRUST,C_101,Urology Service,2087,9.2,
2024-05|RHW|C_110,2024-05,RHW,ROYAL BERKSHIRE NHS FOUNDATION TRUST,C_110,Trauma and Orthopaedic Service,2651,8.6,
2024-05|RHW|C_120,2024-05,RHW,ROYAL BERKSHIRE NHS FOUNDATION TRUST,C_120,Ear Nose and Throat Service,3050,9.7,
2024-05|RHW|C_130,2024-05,RHW,ROYAL BERKSHIRE NHS FOUNDATION TRUST,C_130,Ophthalmology Service,4329,9.3,
2024-05|RHW|C_140,2024-05,RHW,ROYAL BERKSHIRE NHS FOUNDATION TRUST,C_140,Oral Surgery Service,401,8.5,
2024-05|RHW|C_160,2024-05,RHW,ROYAL BERKSHIRE NHS FOUNDATION TRUST,C_160,Plastic Surgery Service,300,10.3,
2024-05|RHW|C_300,2024-05,RHW,ROYAL BERKSHIRE NHS FOUNDATION TRUST,C_300,General Internal Medicine Service,1,0.5,
2024-05|RHW|C_301,2024-05,RHW,ROYAL BERKSHIRE NHS FOUNDATION TRUST,C_301,Gastroenterology Service,3606,9.9,
2024-05|RHW|C_320,2024-05,RHW,ROYAL BERKSHIRE NHS FOUNDATION TRUST,C_320,Cardiology Service,2921,9.9,
2024-05|RHW|C_330,2024-05,RHW,ROYAL BERKSHIRE NHS FOUNDATION TRUST,C_330,Dermatology Service,2257,10.5,
2024-05|RHW|C_340,2024-05,RHW,ROYAL BERKSHIRE NHS FOUNDATION TRUST,C_340,Respiratory Medicine Service,1495,9.7,
2024-05|RHW|C_400,2024-05,RHW,ROYAL BERKSHIRE NHS FOUNDATION TRUST,C_400,Neurology Service,857,10.0,
2024-05|RHW|C_410,2024-05,RHW,ROYAL BERKSHIRE NHS FOUNDATION TRUST,C_410,Rheumatology Service,174,7.1,
2024-05|RHW|C_502,2024-05,RHW,ROYAL BERKSHIRE NHS FOUNDATION TRUST,C_502,Gynaecology Service,2800,8.1,
2024-05|RHW|C_999,2024-05,RHW,ROYAL BERKSHIRE NHS FOUNDATION TRUST,C_999,Total,32790,9.3,
2024-05|RHW|X02,2024-05,RHW,ROYAL BERKSHIRE NHS FOUNDATION TRUST,X02,Other - Medical Services,1275,8.8,
2024-05|RHW|X04,2024-05,RHW,ROYAL BERKSHIRE NHS FOUNDATION TRUST,X04,Other - Paediatric Services,1847,8.0,
2024-05|RHW|X05,2024-05,RHW,ROYAL BERKSHIRE NHS FOUNDATION TRUST,X05,Other - Surgical Services,23,10.8,
2024-05|RHW|X06,2024-05,RHW,ROYAL BERKSHIRE NHS FOUNDATION TRUST,X06,Other - Other Services,515,8.8,
2024-05|RJ1|C_100,2024-05,RJ1,GUY'S AND ST THOMAS' NHS FOUNDATION TRUST,C_100,General Surgery Service,1224,18.6,
2024-05|RJ1|C_101,2024-05,RJ1,GUY'S AND ST THOMAS' NHS FOUNDATION TRUST,C_101,Urology Service,6490,19.3,
2024-05|RJ1|C_110,2024-05,RJ1,GUY'S AND ST THOMAS' NHS FOUNDATION TRUST,C_110,Trauma and Orthopaedic Service,5047,16.3,
2024-05|RJ1|C_120,2024-05,RJ1,GUY'S AND ST THOMAS' NHS FOUNDATION TRUST,C_120,Ear Nose and Throat Service,13175,23.6,
2024-05|RJ1|C_130,2024-05,RJ1,GUY'S AND ST THOMAS' NHS FOUNDATION TRUST,C_130,Ophthalmology Service,4356,12.9,
2024-05|RJ1|C_140,2024-05,RJ1,GUY'S AND ST THOMAS' NHS FOUNDATION TRUST,C_140,Oral Surgery Service,7658,12.6,
2024-05|RJ1|C_150,2024-05,RJ1,GUY'S AND ST THOMAS' NHS FOUNDATION TRUST,C_150,Neurosurgical Service,20,13.0,
2024-05|RJ1|C_160,2024-05,RJ1,GUY'S AND ST THOMAS' NHS FOUNDATION TRUST,C_160,Plastic Surgery Service,3625,24.3,
2024-05|RJ1|C_170,2024-05,RJ1,GUY'S AND ST THOMAS' NHS FOUNDATION TRUST,C_170,Cardiothoracic Surgery Service,151,16.8,
2024-05|RJ1|C_300,2024-05,RJ1,GUY'S AND ST THOMAS' NHS FOUNDATION TRUST,C_300,General Internal Medicine Service,605,19.4,
2024-05|RJ1|C_301,2024-05,RJ1,GUY'S AND ST THOMAS' NHS FOUNDATION TRUST,C_301,Gastroenterology Service,3527,10.6,
2024-05|RJ1|C_320,2024-05,RJ1,GUY'S AND ST THOMAS' NHS FOUNDATION TRUST,C_320,Cardiology Service,10408,14.8,
2024-05|RJ1|C_330,2024-05,RJ1,GUY'S AND ST THOMAS' NHS FOUNDATION TRUST,C_330,Dermatology Service,11561,15.3,
2024-05|RJ1|C_340,2024-05,RJ1,GUY'S AND ST THOMAS' NHS FOUNDATION TRUST,C_340,Respiratory Medicine Service,9408,12.2,
2024-05|RJ1|C_400,2024-05,RJ1,GUY'S AND ST THOMAS' NHS FOUNDATION TRUST,C_400,Neurology Service,2981,17.6,
2024-05|RJ1|C_410,2024-05,RJ1,GUY'S AND ST THOMAS' NHS FOUNDATION TRUST,C_410,Rheumatology Service,851,7.9,
2024-05|RJ1|C_430,2024-05,RJ1,GUY'S AND ST THOMAS' NHS FOUNDATION TRUST,C_430,Elderly Medicine Service,979,14.2,
2024-05|RJ1|C_502,2024-05,RJ1,GUY'S AND ST THOMAS' NHS FOUNDATION TRUST,C_502,Gynaecology Service,5992,18.5,
2024-05|RJ1|C_999,2024-05,RJ1,GUY'S AND ST THOMAS' NHS FOUNDATION TRUST,C_999,Total,138621,15.3,
2024-05|RJ1|X02,2024-05,RJ1,GUY'S AND ST THOMAS' NHS FOUNDATION TRUST,X02,Other - Medical Services,20288,13.3,
2024-05|RJ1|X03,2024-05,RJ1,GUY'S AND ST THOMAS' NHS FOUNDATION TRUST,X03,Other - Mental Health Services,19,12.5,
2024-05|RJ1|X04,2024-05,RJ1,GUY'S AND ST THOMAS' NHS FOUNDATION TRUST,X04,Other - Paediatric Services,14726,14.9,
2024-05|RJ1|X05,2024-05,RJ1,GUY'S AND ST THOMAS' NHS FOUNDATION TRUST,X05,Other - Surgical Services,13339,15.8,
2024-05|RJ1|X06,2024-05,RJ1,GUY'S AND ST THOMAS' NHS FOUNDATION TRUST,X06,Other - Other Services,2191,34.2,
2024-05|RJ2|C_100,2024-05,RJ2,LEWISHAM AND GREENWICH NHS TRUST,C_100,General Surgery Service,8724,17.6,
2024-05|RJ2|C_101,2024-05,RJ2,LEWISHAM AND GREENWICH NHS TRUST,C_101,Urology Service,2471,12.1,
2024-05|RJ2|C_110,2024-05,RJ2,LEWISHAM AND GREENWICH NHS TRUST,C_110,Trauma and Orthopaedic Service,6188,17.0,
2024-05|RJ2|C_120,2024-05,RJ2,LEWISHAM AND GREENWICH NHS TRUST,C_120,Ear Nose and Throat Service,15277,18.2,
2024-05|RJ2|C_160,2024-05,RJ2,LEWISHAM AND GREENWICH NHS TRUST,C_160,Plastic Surgery Service,17,37.5,
2024-05|RJ2|C_300,2024-05,RJ2,LEWISHAM AND GREENWICH NHS TRUST,C_300,General Internal Medicine Service,724,9.0,
2024-05|RJ2|C_301,2024-05,RJ2,LEWISHAM AND GREENWICH NHS TRUST,C_301,Gastroenterology Service,5446,15.3,
2024-05|RJ2|C_320,2024-05,RJ2,LEWISHAM AND GREENWICH NHS TRUST,C_320,Cardiology Service,3714,15.3,
2024-05|RJ2|C_330,2024-05,RJ2,LEWISHAM AND GREENWICH NHS TRUST,C_330,Dermatology Service,3680,9.3,
2024-05|RJ2|C_340,2024-05,RJ2,LEWISHAM AND GREENWICH NHS TRUST,C_340,Respiratory Medicine Service,2157,12.7,
2024-05|RJ2|C_400,2024-05,RJ2,LEWISHAM AND GREENWICH NHS TRUST,C_400,Neurology Service,3944,20.2,
2024-05|RJ2|C_410,2024-05,RJ2,LEWISHAM AND GREENWICH NHS TRUST,C_410,Rheumatology Service,724,10.3,
2024-05|RJ2|C_430,2024-05,RJ2,LEWISHAM AND GREENWICH NHS TRUST,C_430,Elderly Medicine Service,163,8.3,
2024-05|RJ2|C_502,2024-05,RJ2,LEWISHAM AND GREENWICH NHS TRUST,C_502,Gynaecology Service,7752,15.4,
2024-05|RJ2|C_999,2024-05,RJ2,LEWISHAM AND GREENWICH NHS TRUST,C_999,Total,68361,15.1,
2024-05|RJ2|X02,2024-05,RJ2,LEWISHAM AND GREENWICH NHS TRUST,X02,Other - Medical Services,2364,7.8,
2024-05|RJ2|X04,2024-05,RJ2,LEWISHAM AND GREENWICH NHS TRUST,X04,Other - Paediatric Services,3121,10.0,
2024-05|RJ2|X05,2024-05,RJ2,LEWISHAM AND GREENWICH NHS TRUST,X05,Other - Surgical Services,1880,18.4,
2024-05|RJ2|X06,2024-05,RJ2,LEWISHAM AND GREENWICH NHS TRUST,X06,Other - Other Services,15,15.5,
2024-05|RJ6|C_100,2024-05,RJ6,CROYDON HEALTH SERVICES NHS TRUST,C_100,General Surgery Service,2296,10.7,
2024-05|RJ6|C_101,2024-05,RJ6,CROYDON HEALTH SERVICES NHS TRUST,C_101,Urology Service,1982,9.0,
2024-05|RJ6|C_110,2024-05,RJ6,CROYDON HEALTH SERVICES NHS TRUST,C_110,Trauma and Orthopaedic Service,6670,13.0,
2024-05|RJ6|C_120,2024-05,RJ6,CROYDON HEALTH SERVICES NHS TRUST,C_120,Ear Nose and Throat Service,2893,13.9,
2024-05|RJ6|C_140,2024-05,RJ6,CROYDON HEALTH SERVICES NHS TRUST,C_140,Oral Surgery Service,2006,13.4,
2024-05|RJ6|C_160,2024-05,RJ6,CROYDON HEALTH SERVICES NHS TRUST,C_160,Plastic Surgery Service,46,9.8,
2024-05|RJ6|C_300,2024-05,RJ6,CROYDON HEALTH SERVICES NHS TRUST,C_300,General Internal Medicine Service,50,5.5,
2024-05|RJ6|C_301,2024-05,RJ6,CROYDON HEALTH SERVICES NHS TRUST,C_301,Gastroenterology Service,2347,10.4,
2024-05|RJ6|C_320,2024-05,RJ6,CROYDON HEALTH SERVICES NHS TRUST,C_320,Cardiology Service,658,9.3,
2024-05|RJ6|C_330,2024-05,RJ6,CROYDON HEALTH SERVICES NHS TRUST,C_330,Dermatology Service,2500,12.0,
2024-05|RJ6|C_340,2024-05,RJ6,CROYDON HEALTH SERVICES NHS TRUST,C_340,Respiratory Medicine Service,686,4.6,
2024-05|RJ6|C_400,2024-05,RJ6,CROYDON HEALTH SERVICES NHS TRUST,C_400,Neurology Service,752,7.6,
2024-05|RJ6|C_410,2024-05,RJ6,CROYDON HEALTH SERVICES NHS TRUST,C_410,Rheumatology Service,868,9.6,
2024-05|RJ6|C_430,2024-05,RJ6,CROYDON HEALTH SERVICES NHS TRUST,C_430,Elderly Medicine Service,150,5.6,
2024-05|RJ6|C_502,2024-05,RJ6,CROYDON HEALTH SERVICES NHS TRUST,C_502,Gynaecology Service,3462,12.2,
2024-05|RJ6|C_999,2024-05,RJ6,CROYDON HEALTH SERVICES NHS TRUST,C_999,Total,34962,10.5,
2024-05|RJ6|X02,2024-05,RJ6,CROYDON HEALTH SERVICES NHS TRUST,X02,Other - Medical Services,3257,7.9,
2024-05|RJ6|X04,2024-05,RJ6,CROYDON HEALTH SERVICES NHS TRUST,X04,Other - Paediatric Services,260,6.8,
2024-05|RJ6|X05,2024-05,RJ6,CROYDON HEALTH SERVICES NHS TRUST,X05,Other - Surgical Services,4078,7.8,
2024-05|RJ6|X06,2024-05,RJ6,CROYDON HEALTH SERVICES NHS TRUST,X06,Other - Other Services,1,2.5,
2024-05|RJ7|C_100,2024-05,RJ7,ST GEORGE'S UNIVERSITY HOSPITALS NHS FOUNDATION TRUST,C_100,General Surgery Service,1164,18.4,
2024-05|RJ7|C_101,2024-05,RJ7,ST GEORGE'S UNIVERSITY HOSPITALS NHS FOUNDATION TRUST,C_101,Urology Service,2898,11.6,
2024-05|RJ7|C_110,2024-05,RJ7,ST GEORGE'S UNIVERSITY HOSPITALS NHS FOUNDATION TRUST,C_110,Trauma and Orthopaedic Service,3807,12.3,
2024-05|RJ7|C_120,2024-05,RJ7,ST GEORGE'S UNIVERSITY HOSPITALS NHS FOUNDATION TRUST,C_120,Ear Nose and Throat Service,4191,14.5,
2024-05|RJ7|C_130,2024-05,RJ7,ST GEORGE'S UNIVERSITY HOSPITALS NHS FOUNDATION TRUST,C_130,Ophthalmology Service,239,21.4,
2024-05|RJ7|C_140,2024-05,RJ7,ST GEORGE'S UNIVERSITY HOSPITALS NHS FOUNDATION TRUST,C_140,Oral Surgery Service,1734,15.1,
2024-05|RJ7|C_150,2024-05,RJ7,ST GEORGE'S UNIVERSITY HOSPITALS NHS FOUNDATION TRUST,C_150,Neurosurgical Service,3748,17.7,
2024-05|RJ7|C_160,2024-05,RJ7,ST GEORGE'S UNIVERSITY HOSPITALS NHS FOUNDATION TRUST,C_160,Plastic Surgery Service,1740,11.6,
2024-05|RJ7|C_170,2024-05,RJ7,ST GEORGE'S UNIVERSITY HOSPITALS NHS FOUNDATION TRUST,C_170,Cardiothoracic Surgery Service,251,6.2,
2024-05|RJ7|C_300,2024-05,RJ7,ST GEORGE'S UNIVERSITY HOSPITALS NHS FOUNDATION TRUST,C_300,General Internal Medicine Service,129,6.9,
2024-05|RJ7|C_301,2024-05,RJ7,ST GEORGE'S UNIVERSITY HOSPITALS NHS FOUNDATION TRUST,C_301,Gastroenterology Service,2730,11.8,
2024-05|RJ7|C_320,2024-05,RJ7,ST GEORGE'S UNIVERSITY HOSPITALS NHS FOUNDATION TRUST,C_320,Cardiology Service,5110,11.5,
2024-05|RJ7|C_330,2024-05,RJ7,ST GEORGE'S UNIVERSITY HOSPITALS NHS FOUNDATION TRUST,C_330,Dermatology Service,4801,10.3,
2024-05|RJ7|C_340,2024-05,RJ7,ST GEORGE'S UNIVERSITY HOSPITALS NHS FOUNDATION TRUST,C_340,Respiratory Medicine Service,2496,10.7,
2024-05|RJ7|C_400,2024-05,RJ7,ST GEORGE'S UNIVERSITY HOSPITALS NHS FOUNDATION TRUST,C_400,Neurology Service,3458,11.1,
2024-05|RJ7|C_410,2024-05,RJ7,ST GEORGE'S UNIVERSITY HOSPITALS NHS FOUNDATION TRUST,C_410,Rheumatology Service,914,7.2,
2024-05|RJ7|C_430,2024-05,RJ7,ST GEORGE'S UNIVERSITY HOSPITALS NHS FOUNDATION TRUST,C_430,Elderly Medicine Service,36,4.0,
2024-05|RJ7|C_502,2024-05,RJ7,ST GEORGE'S UNIVERSITY HOSPITALS NHS FOUNDATION TRUST,C_502,Gynaecology Service,3666,12.5,
2024-05|RJ7|C_999,2024-05,RJ7,ST GEORGE'S UNIVERSITY HOSPITALS NHS FOUNDATION TRUST,C_999,Total,64096,11.8,
2024-05|RJ7|X02,2024-05,RJ7,ST GEORGE'S UNIVERSITY HOSPITALS NHS FOUNDATION TRUST,X02,Other - Medical Services,9492,10.0,
2024-05|RJ7|X04,2024-05,RJ7,ST GEORGE'S UNIVERSITY HOSPITALS NHS FOUNDATION TRUST,X04,Other - Paediatric Services,2575,10.4,
2024-05|RJ7|X05,2024-05,RJ7,ST GEORGE'S UNIVERSITY HOSPITALS NHS FOUNDATION TRUST,X05,Other - Surgical Services,5962,12.1,
2024-05|RJ7|X06,2024-05,RJ7,ST GEORGE'S UNIVERSITY HOSPITALS NHS FOUNDATION TRUST,X06,Other - Other Services,2955,14.5,
2024-05|RJ8|C_110,2024-05,RJ8,CORNWALL PARTNERSHIP NHS FOUNDATION TRUST,C_110,Trauma and Orthopaedic Service,137,5.3,
2024-05|RJ8|C_999,2024-05,RJ8,CORNWALL PARTNERSHIP NHS FOUNDATION TRUST,C_999,Total,955,10.4,
2024-05|RJ8|X02,2024-05,RJ8,CORNWALL PARTNERSHIP NHS FOUNDATION TRUST,X02,Other - Medical Services,818,11.6,
2024-05|RJC|C_100,2024-05,RJC,SOUTH WARWICKSHIRE UNIVERSITY NHS FOUNDATION TRUST,C_100,General Surgery Service,1363,14.6,
2024-05|RJC|C_101,2024-05,RJC,SOUTH WARWICKSHIRE UNIVERSITY NHS FOUNDATION TRUST,C_101,Urology Service,2347,13.2,
2024-05|RJC|C_110,2024-05,RJC,SOUTH WARWICKSHIRE UNIVERSITY NHS FOUNDATION TRUST,C_110,Trauma and Orthopaedic Service,3947,9.2,
2024-05|RJC|C_120,2024-05,RJC,SOUTH WARWICKSHIRE UNIVERSITY NHS FOUNDATION TRUST,C_120,Ear Nose and Throat Service,5169,19.3,
2024-05|RJC|C_130,2024-05,RJC,SOUTH WARWICKSHIRE UNIVERSITY NHS FOUNDATION TRUST,C_130,Ophthalmology Service,1667,6.8,
2024-05|RJC|C_140,2024-05,RJC,SOUTH WARWICKSHIRE UNIVERSITY NHS FOUNDATION TRUST,C_140,Oral Surgery Service,1246,26.3,
2024-05|RJC|C_160,2024-05,RJC,SOUTH WARWICKSHIRE UNIVERSITY NHS FOUNDATION TRUST,C_160,Plastic Surgery Service,226,11.2,
2024-05|RJC|C_300,2024-05,RJC,SOUTH WARWICKSHIRE UNIVERSITY NHS FOUNDATION TRUST,C_300,General Internal Medicine Service,33,3.2,
2024-05|RJC|C_301,2024-05,RJC,SOUTH WARWICKSHIRE UNIVERSITY NHS FOUNDATION TRUST,C_301,Gastroenterology Service,1586,10.8,
2024-05|RJC|C_320,2024-05,RJC,SOUTH WARWICKSHIRE UNIVERSITY NHS FOUNDATION TRUST,C_320,Cardiology Service,1018,18.2,
2024-05|RJC|C_330,2024-05,RJC,SOUTH WARWICKSHIRE UNIVERSITY NHS FOUNDATION TRUST,C_330,Dermatology Service,3264,12.9,
2024-05|RJC|C_340,2024-05,RJC,SOUTH WARWICKSHIRE UNIVERSITY NHS FOUNDATION TRUST,C_340,Respiratory Medicine Service,974,12.8,
2024-05|RJC|C_410,2024-05,RJC,SOUTH WARWICKSHIRE UNIVERSITY NHS FOUNDATION TRUST,C_410,Rheumatology Service,792,11.2,
2024-05|RJC|C_430,2024-05,RJC,SOUTH WARWICKSHIRE UNIVERSITY NHS FOUNDATION TRUST,C_430,Elderly Medicine Service,76,6.2,
2024-05|RJC|C_502,2024-05,RJC,SOUTH WARWICKSHIRE UNIVERSITY NHS FOUNDATION TRUST,C_502,Gynaecology Service,3777,16.2,
2024-05|RJC|C_999,2024-05,RJC,SOUTH WARWICKSHIRE UNIVERSITY NHS FOUNDATION TRUST,C_999,Total,33931,13.3,
2024-05|RJC|X02,2024-05,RJC,SOUTH WARWICKSHIRE UNIVERSITY NHS FOUNDATION TRUST,X02,Other - Medical Services,2324,12.1,
2024-05|RJC|X04,2024-05,RJC,SOUTH WARWICKSHIRE UNIVERSITY NHS FOUNDATION TRUST,X04,Other - Paediatric Services,450,14.3,
2024-05|RJC|X05,2024-05,RJC,SOUTH WARWICKSHIRE UNIVERSITY NHS FOUNDATION TRUST,X05,Other - Surgical Services,3224,13.0,
2024-05|RJC|X06,2024-05,RJC,SOUTH WARWICKSHIRE UNIVERSITY NHS FOUNDATION TRUST,X06,Other - Other Services,448,2.0,
2024-05|RJE|C_100,2024-05,RJE,UNIVERSITY HOSPITALS OF NORTH MIDLANDS NHS TRUST,C_100,General Surgery Service,9027,16.5,
2024-05|RJE|C_101,2024-05,RJE,UNIVERSITY HOSPITALS OF NORTH MIDLANDS NHS TRUST,C_101,Urology Service,4061,14.5,
2024-05|RJE|C_110,2024-05,RJE,UNIVERSITY HOSPITALS OF NORTH MIDLANDS NHS TRUST,C_110,Trauma and Orthopaedic Service,5939,19.9,
2024-05|RJE|C_120,2024-05,RJE,UNIVERSITY HOSPITALS OF NORTH MIDLANDS NHS TRUST,C_120,Ear Nose and Throat Service,4948,18.1,
2024-05|RJE|C_130,2024-05,RJE,UNIVERSITY HOSPITALS OF NORTH MIDLANDS NHS TRUST,C_130,Ophthalmology Service,5287,17.2,
2024-05|RJE|C_140,2024-05,RJE,UNIVERSITY HOSPITALS OF NORTH MIDLANDS NHS TRUST,C_140,Oral Surgery Service,3653,19.2,
2024-05|RJE|C_150,2024-05,RJE,UNIVERSITY HOSPITALS OF NORTH MIDLANDS NHS TRUST,C_150,Neurosurgical Service,751,17.9,
2024-05|RJE|C_160,2024-05,RJE,UNIVERSITY HOSPITALS OF NORTH MIDLANDS NHS TRUST,C_160,Plastic Surgery Service,1501,13.2,
2024-05|RJE|C_170,2024-05,RJE,UNIVERSITY HOSPITALS OF NORTH MIDLANDS NHS TRUST,C_170,Cardiothoracic Surgery Service,204,6.5,
2024-05|RJE|C_301,2024-05,RJE,UNIVERSITY HOSPITALS OF NORTH MIDLANDS NHS TRUST,C_301,Gastroenterology Service,5454,20.9,
2024-05|RJE|C_320,2024-05,RJE,UNIVERSITY HOSPITALS OF NORTH MIDLANDS NHS TRUST,C_320,Cardiology Service,4616,10.5,
2024-05|RJE|C_330,2024-05,RJE,UNIVERSITY HOSPITALS OF NORTH MIDLANDS NHS TRUST,C_330,Dermatology Service,2197,10.4,
2024-05|RJE|C_340,2024-05,RJE,UNIVERSITY HOSPITALS OF NORTH MIDLANDS NHS TRUST,C_340,Respiratory Medicine Service,10084,19.6,
2024-05|RJE|C_400,2024-05,RJE,UNIVERSITY HOSPITALS OF NORTH MIDLANDS NHS TRUST,C_400,Neurology Service,5108,17.6,
2024-05|RJE|C_410,2024-05,RJE,UNIVERSITY HOSPITALS OF NORTH MIDLANDS NHS TRUST,C_410,Rheumatology Service,1,0.5,
2024-05|RJE|C_430,2024-05,RJE,UNIVERSITY HOSPITALS OF NORTH MIDLANDS NHS TRUST,C_430,Elderly Medicine Service,45,7.1,
2024-05|RJE|C_502,2024-05,RJE,UNIVERSITY HOSPITALS OF NORTH MIDLANDS NHS TRUST,C_502,Gynaecology Service,5137,20.1,
2024-05|RJE|C_999,2024-05,RJE,UNIVERSITY HOSPITALS OF NORTH MIDLANDS NHS TRUST,C_999,Total,79464,16.3,
2024-05|RJE|X02,2024-05,RJE,UNIVERSITY HOSPITALS OF NORTH MIDLANDS NHS TRUST,X02,Other - Medical Services,9222,12.5,
2024-05|RJE|X04,2024-05,RJE,UNIVERSITY HOSPITALS OF NORTH MIDLANDS NHS TRUST,X04,Other - Paediatric Services,1826,7.0,
2024-05|RJE|X05,2024-05,RJE,UNIVERSITY HOSPITALS OF NORTH MIDLANDS NHS TRUST,X05,Other - Surgical Services,24,2.9,
2024-05|RJE|X06,2024-05,RJE,UNIVERSITY HOSPITALS OF NORTH MIDLANDS NHS TRUST,X06,Other - Other Services,379,6.4,
2024-05|RJL|C_100,2024-05,RJL,NORTHERN LINCOLNSHIRE AND GOOLE NHS FOUNDATION TRUST,C_100,General Surgery Service,4743,11.5,
2024-05|RJL|C_101,2024-05,RJL,NORTHERN LINCOLNSHIRE AND GOOLE NHS FOUNDATION TRUST,C_101,Urology Service,4217,13.5,
2024-05|RJL|C_110,2024-05,RJL,NORTHERN LINCOLNSHIRE AND GOOLE NHS FOUNDATION TRUST,C_110,Trauma and Orthopaedic Service,4647,16.7,
2024-05|RJL|C_120,2024-05,RJL,NORTHERN LINCOLNSHIRE AND GOOLE NHS FOUNDATION TRUST,C_120,Ear Nose and Throat Service,6827,17.8,
2024-05|RJL|C_130,2024-05,RJL,NORTHERN LINCOLNSHIRE AND GOOLE NHS FOUNDATION TRUST,C_130,Ophthalmology Service,4676,11.4,
2024-05|RJL|C_140,2024-05,RJL,NORTHERN LINCOLNSHIRE AND GOOLE NHS FOUNDATION TRUST,C_140,Oral Surgery Service,1629,23.2,
2024-05|RJL|C_150,2024-05,RJL,NORTHERN LINCOLNSHIRE AND GOOLE NHS FOUNDATION TRUST,C_150,Neurosurgical Service,2,1.0,
2024-05|RJL|C_300,2024-05,RJL,NORTHERN LINCOLNSHIRE AND GOOLE NHS FOUNDATION TRUST,C_300,General Internal Medicine Service,63,1.8,
2024-05|RJL|C_301,2024-05,RJL,NORTHERN LINCOLNSHIRE AND GOOLE NHS FOUNDATION TRUST,C_301,Gastroenterology Service,2729,14.7,
2024-05|RJL|C_320,2024-05,RJL,NORTHERN LINCOLNSHIRE AND GOOLE NHS FOUNDATION TRUST,C_320,Cardiology Service,2732,11.7,
2024-05|RJL|C_330,2024-05,RJL,NORTHERN LINCOLNSHIRE AND GOOLE NHS FOUNDATION TRUST,C_330,Dermatology Service,2,3.0,
2024-05|RJL|C_340,2024-05,RJL,NORTHERN LINCOLNSHIRE AND GOOLE NHS FOUNDATION TRUST,C_340,Respiratory Medicine Service,2120,15.0,
2024-05|RJL|C_410,2024-05,RJL,NORTHERN LINCOLNSHIRE AND GOOLE NHS FOUNDATION TRUST,C_410,Rheumatology Service,903,13.1,
2024-05|RJL|C_430,2024-05,RJL,NORTHERN LINCOLNSHIRE AND GOOLE NHS FOUNDATION TRUST,C_430,Elderly Medicine Service,188,7.2,
2024-05|RJL|C_502,2024-05,RJL,NORTHERN LINCOLNSHIRE AND GOOLE NHS FOUNDATION TRUST,C_502,Gynaecology Service,4962,15.0,
2024-05|RJL|C_999,2024-05,RJL,NORTHERN LINCOLNSHIRE AND GOOLE NHS FOUNDATION TRUST,C_999,Total,46396,14.1,
2024-05|RJL|X02,2024-05,RJL,NORTHERN LINCOLNSHIRE AND GOOLE NHS FOUNDATION TRUST,X02,Other - Medical Services,4387,13.3,
2024-05|RJL|X04,2024-05,RJL,NORTHERN LINCOLNSHIRE AND GOOLE NHS FOUNDATION TRUST,X04,Other - Paediatric Services,626,13.9,
2024-05|RJL|X05,2024-05,RJL,NORTHERN LINCOLNSHIRE AND GOOLE NHS FOUNDATION TRUST,X05,Other - Surgical Services,660,6.9,
2024-05|RJL|X06,2024-05,RJL,NORTHERN LINCOLNSHIRE AND GOOLE NHS FOUNDATION TRUST,X06,Other - Other Services,283,11.4,
2024-05|RJN|C_100,2024-05,RJN,EAST CHESHIRE NHS TRUST,C_100,General Surgery Service,1463,14.1,
2024-05|RJN|C_101,2024-05,RJN,EAST CHESHIRE NHS TRUST,C_101,Urology Service,814,12.2,
2024-05|RJN|C_110,2024-05,RJN,EAST CHESHIRE NHS TRUST,C_110,Trauma and Orthopaedic Service,1374,12.5,
2024-05|RJN|C_120,2024-05,RJN,EAST CHESHIRE NHS TRUST,C_120,Ear Nose and Throat Service,1314,19.3,
2024-05|RJN|C_130,2024-05,RJN,EAST CHESHIRE NHS TRUST,C_130,Ophthalmology Service,1664,8.9,
2024-05|RJN|C_160,2024-05,RJN,EAST CHESHIRE NHS TRUST,C_160,Plastic Surgery Service,60,7.7,
2024-05|RJN|C_300,2024-05,RJN,EAST CHESHIRE NHS TRUST,C_300,General Internal Medicine Service,18,6.0,
2024-05|RJN|C_301,2024-05,RJN,EAST CHESHIRE NHS TRUST,C_301,Gastroenterology Service,1383,19.7,
2024-05|RJN|C_320,2024-05,RJN,EAST CHESHIRE NHS TRUST,C_320,Cardiology Service,803,18.6,
2024-05|RJN|C_340,2024-05,RJN,EAST CHESHIRE NHS TRUST,C_340,Respiratory Medicine Service,499,13.8,
2024-05|RJN|C_430,2024-05,RJN,EAST CHESHIRE NHS TRUST,C_430,Elderly Medicine Service,109,25.5,
2024-05|RJN|C_502,2024-05,RJN,EAST CHESHIRE NHS TRUST,C_502,Gynaecology Service,1518,16.0,
2024-05|RJN|C_999,2024-05,RJN,EAST CHESHIRE NHS TRUST,C_999,Total,12477,13.7,
2024-05|RJN|X02,2024-05,RJN,EAST CHESHIRE NHS TRUST,X02,Other - Medical Services,557,8.5,
2024-05|RJN|X04,2024-05,RJN,EAST CHESHIRE NHS TRUST,X04,Other - Paediatric Services,193,19.4,
2024-05|RJN|X05,2024-05,RJN,EAST CHESHIRE NHS TRUST,X05,Other - Surgical Services,706,13.4,
2024-05|RJN|X06,2024-05,RJN,EAST CHESHIRE NHS TRUST,X06,Other - Other Services,2,2.5,
2024-05|RJR|C_100,2024-05,RJR,COUNTESS OF CHESTER HOSPITAL NHS FOUNDATION TRUST,C_100,General Surgery Service,1345,24.6,
2024-05|RJR|C_101,2024-05,RJR,COUNTESS OF CHESTER HOSPITAL NHS FOUNDATION TRUST,C_101,Urology Service,1955,22.9,
2024-05|RJR|C_110,2024-05,RJR,COUNTESS OF CHESTER HOSPITAL NHS FOUNDATION TRUST,C_110,Trauma and Orthopaedic Service,1875,16.5,
2024-05|RJR|C_120,2024-05,RJR,COUNTESS OF CHESTER HOSPITAL NHS FOUNDATION TRUST,C_120,Ear Nose and Throat Service,5310,24.7,
2024-05|RJR|C_130,2024-05,RJR,COUNTESS OF CHESTER HOSPITAL NHS FOUNDATION TRUST,C_130,Ophthalmology Service,1660,10.5,
2024-05|RJR|C_140,2024-05,RJR,COUNTESS OF CHESTER HOSPITAL NHS FOUNDATION TRUST,C_140,Oral Surgery Service,1352,16.7,
2024-05|RJR|C_160,2024-05,RJR,COUNTESS OF CHESTER HOSPITAL NHS FOUNDATION TRUST,C_160,Plastic Surgery Service,1020,12.7,
2024-05|RJR|C_300,2024-05,RJR,COUNTESS OF CHESTER HOSPITAL NHS FOUNDATION TRUST,C_300,General Internal Medicine Service,89,9.9,
2024-05|RJR|C_301,2024-05,RJR,COUNTESS OF CHESTER HOSPITAL NHS FOUNDATION TRUST,C_301,Gastroenterology Service,1114,13.7,
2024-05|RJR|C_320,2024-05,RJR,COUNTESS OF CHESTER HOSPITAL NHS FOUNDATION TRUST,C_320,Cardiology Service,1572,18.5,
2024-05|RJR|C_330,2024-05,RJR,COUNTESS OF CHESTER HOSPITAL NHS FOUNDATION TRUST,C_330,Dermatology Service,2191,16.2,
2024-05|RJR|C_340,2024-05,RJR,COUNTESS OF CHESTER HOSPITAL NHS FOUNDATION TRUST,C_340,Respiratory Medicine Service,1362,12.3,
2024-05|RJR|C_410,2024-05,RJR,COUNTESS OF CHESTER HOSPITAL NHS FOUNDATION TRUST,C_410,Rheumatology Service,602,15.6,
2024-05|RJR|C_430,2024-05,RJR,COUNTESS OF CHESTER HOSPITAL NHS FOUNDATION TRUST,C_430,Elderly Medicine Service,133,9.8,
2024-05|RJR|C_502,2024-05,RJR,COUNTESS OF CHESTER HOSPITAL NHS FOUNDATION TRUST,C_502,Gynaecology Service,2866,15.4,
2024-05|RJR|C_999,2024-05,RJR,COUNTESS OF CHESTER HOSPITAL NHS FOUNDATION TRUST,C_999,Total,33478,17.1,
2024-05|RJR|X02,2024-05,RJR,COUNTESS OF CHESTER HOSPITAL NHS FOUNDATION TRUST,X02,Other - Medical Services,2443,11.2,
2024-05|RJR|X05,2024-05,RJR,COUNTESS OF CHESTER HOSPITAL NHS FOUNDATION TRUST,X05,Other - Surgical Services,6485,19.4,
2024-05|RJR|X06,2024-05,RJR,COUNTESS OF CHESTER HOSPITAL NHS FOUNDATION TRUST,X06,Other - Other Services,104,7.0,
2024-05|RJZ|C_100,2024-05,RJZ,KING'S COLLEGE HOSPITAL NHS FOUNDATION TRUST,C_100,General Surgery Service,3630,25.4,
2024-05|RJZ|C_101,2024-05,RJZ,KING'S COLLEGE HOSPITAL NHS FOUNDATION TRUST,C_101,Urology Service,4235,16.6,
2024-05|RJZ|C_110,2024-05,RJZ,KING'S COLLEGE HOSPITAL NHS FOUNDATION TRUST,C_110,Trauma and Orthopaedic Service,4766,16.8,
2024-05|RJZ|C_120,2024-05,RJZ,KING'S COLLEGE HOSPITAL NHS FOUNDATION TRUST,C_120,Ear Nose and Throat Service,589,10.1,
2024-05|RJZ|C_130,2024-05,RJZ,KING'S COLLEGE HOSPITAL NHS FOUNDATION TRUST,C_130,Ophthalmology Service,12058,17.0,
2024-05|RJZ|C_140,2024-05,RJZ,KING'S COLLEGE HOSPITAL NHS FOUNDATION TRUST,C_140,Oral Surgery Service,11874,16.5,
2024-05|RJZ|C_150,2024-05,RJZ,KING'S COLLEGE HOSPITAL NHS FOUNDATION TRUST,C_150,Neurosurgical Service,3571,15.5,
2024-05|RJZ|C_160,2024-05,RJZ,KING'S COLLEGE HOSPITAL NHS FOUNDATION TRUST,C_160,Plastic Surgery Service,35,18.5,
2024-05|RJZ|C_170,2024-05,RJZ,KING'S COLLEGE HOSPITAL NHS FOUNDATION TRUST,C_170,Cardiothoracic Surgery Service,112,35.0,
2024-05|RJZ|C_300,2024-05,RJZ,KING'S COLLEGE HOSPITAL NHS FOUNDATION TRUST,C_300,General Internal Medicine Service,421,12.7,
2024-05|RJZ|C_301,2024-05,RJZ,KING'S COLLEGE HOSPITAL NHS FOUNDATION TRUST,C_301,Gastroenterology Service,3304,16.1,
2024-05|RJZ|C_320,2024-05,RJZ,KING'S COLLEGE HOSPITAL NHS FOUNDATION TRUST,C_320,Cardiology Service,5243,14.5,
2024-05|RJZ|C_330,2024-05,RJZ,KING'S COLLEGE HOSPITAL NHS FOUNDATION TRUST,C_330,Dermatology Service,3109,11.2,
2024-05|RJZ|C_340,2024-05,RJZ,KING'S COLLEGE HOSPITAL NHS FOUNDATION TRUST,C_340,Respiratory Medicine Service,3886,14.5,
2024-05|RJZ|C_400,2024-05,RJZ,KING'S COLLEGE HOSPITAL NHS FOUNDATION TRUST,C_400,Neurology Service,3536,13.8,
2024-05|RJZ|C_410,2024-05,RJZ,KING'S COLLEGE HOSPITAL NHS FOUNDATION TRUST,C_410,Rheumatology Service,1399,7.4,
2024-05|RJZ|C_430,2024-05,RJZ,KING'S COLLEGE HOSPITAL NHS FOUNDATION TRUST,C_430,Elderly Medicine Service,441,10.4,
2024-05|RJZ|C_502,2024-05,RJZ,KING'S COLLEGE HOSPITAL NHS FOUNDATION TRUST,C_502,Gynaecology Service,9615,15.9,
2024-05|RJZ|C_999,2024-05,RJZ,KING'S COLLEGE HOSPITAL NHS FOUNDATION TRUST,C_999,Total,100081,14.6,
2024-05|RJZ|X02,2024-05,RJZ,KING'S COLLEGE HOSPITAL NHS FOUNDATION TRUST,X02,Other - Medical Services,9729,10.1,
2024-05|RJZ|X03,2024-05,RJZ,KING'S COLLEGE HOSPITAL NHS FOUNDATION TRUST,X03,Other - Mental Health Services,14,10.0,
2024-05|RJZ|X04,2024-05,RJZ,KING'S COLLEGE HOSPITAL NHS FOUNDATION TRUST,X04,Other - Paediatric Services,5905,9.8,
2024-05|RJZ|X05,2024-05,RJZ,KING'S COLLEGE HOSPITAL NHS FOUNDATION TRUST,X05,Other - Surgical Services,12364,15.8,
2024-05|RJZ|X06,2024-05,RJZ,KING'S COLLEGE HOSPITAL NHS FOUNDATION TRUST,X06,Other - Other Services,245,15.7,
2024-05|RK5|C_100,2024-05,RK5,SHERWOOD FOREST HOSPITALS NHS FOUNDATION TRUST,C_100,General Surgery Service,4471,13.0,
2024-05|RK5|C_101,2024-05,RK5,SHERWOOD FOREST HOSPITALS NHS FOUNDATION TRUST,C_101,Urology Service,2398,10.7,
2024-05|RK5|C_110,2024-05,RK5,SHERWOOD FOREST HOSPITALS NHS FOUNDATION TRUST,C_110,Trauma and Orthopaedic Service,3162,16.0,
2024-05|RK5|C_120,2024-05,RK5,SHERWOOD FOREST HOSPITALS NHS FOUNDATION TRUST,C_120,Ear Nose and Throat Service,4356,18.1,
2024-05|RK5|C_130,2024-05,RK5,SHERWOOD FOREST HOSPITALS NHS FOUNDATION TRUST,C_130,Ophthalmology Service,2983,9.3,
2024-05|RK5|C_140,2024-05,RK5,SHERWOOD FOREST HOSPITALS NHS FOUNDATION TRUST,C_140,Oral Surgery Service,1034,18.9,
2024-05|RK5|C_160,2024-05,RK5,SHERWOOD FOREST HOSPITALS NHS FOUNDATION TRUST,C_160,Plastic Surgery Service,197,30.0,
2024-05|RK5|C_301,2024-05,RK5,SHERWOOD FOREST HOSPITALS NHS FOUNDATION TRUST,C_301,Gastroenterology Service,3947,14.4,
2024-05|RK5|C_320,2024-05,RK5,SHERWOOD FOREST HOSPITALS NHS FOUNDATION TRUST,C_320,Cardiology Service,2490,19.8,
2024-05|RK5|C_330,2024-05,RK5,SHERWOOD FOREST HOSPITALS NHS FOUNDATION TRUST,C_330,Dermatology Service,1962,11.3,
2024-05|RK5|C_340,2024-05,RK5,SHERWOOD FOREST HOSPITALS NHS FOUNDATION TRUST,C_340,Respiratory Medicine Service,1965,10.1,
2024-05|RK5|C_410,2024-05,RK5,SHERWOOD FOREST HOSPITALS NHS FOUNDATION TRUST,C_410,Rheumatology Service,387,7.1,
2024-05|RK5|C_430,2024-05,RK5,SHERWOOD FOREST HOSPITALS NHS FOUNDATION TRUST,C_430,Elderly Medicine Service,121,6.5,
2024-05|RK5|C_502,2024-05,RK5,SHERWOOD FOREST HOSPITALS NHS FOUNDATION TRUST,C_502,Gynaecology Service,2503,11.8,
2024-05|RK5|C_999,2024-05,RK5,SHERWOOD FOREST HOSPITALS NHS FOUNDATION TRUST,C_999,Total,35858,13.6,
2024-05|RK5|X02,2024-05,RK5,SHERWOOD FOREST HOSPITALS NHS FOUNDATION TRUST,X02,Other - Medical Services,2447,18.1,
2024-05|RK5|X04,2024-05,RK5,SHERWOOD FOREST HOSPITALS NHS FOUNDATION TRUST,X04,Other - Paediatric Services,1300,11.5,
2024-05|RK5|X05,2024-05,RK5,SHERWOOD FOREST HOSPITALS NHS FOUNDATION TRUST,X05,Other - Surgical Services,135,10.2,
2024-05|RK9|C_100,2024-05,RK9,UNIVERSITY HOSPITALS PLYMOUTH NHS TRUST,C_100,General Surgery Service,39,10.2,
2024-05|RK9|C_101,2024-05,RK9,UNIVERSITY HOSPITALS PLYMOUTH NHS TRUST,C_101,Urology Service,2719,12.0,
2024-05|RK9|C_110,2024-05,RK9,UNIVERSITY HOSPITALS PLYMOUTH NHS TRUST,C_110,Trauma and Orthopaedic Service,3556,24.0,
2024-05|RK9|C_120,2024-05,RK9,UNIVERSITY HOSPITALS PLYMOUTH NHS TRUST,C_120,Ear Nose and Throat Service,4460,13.2,
2024-05|RK9|C_130,2024-05,RK9,UNIVERSITY HOSPITALS PLYMOUTH NHS TRUST,C_130,Ophthalmology Service,5713,15.1,
2024-05|RK9|C_150,2024-05,RK9,UNIVERSITY HOSPITALS PLYMOUTH NHS TRUST,C_150,Neurosurgical Service,1552,14.0,
2024-05|RK9|C_160,2024-05,RK9,UNIVERSITY HOSPITALS PLYMOUTH NHS TRUST,C_160,Plastic Surgery Service,1214,4.8,
2024-05|RK9|C_170,2024-05,RK9,UNIVERSITY HOSPITALS PLYMOUTH NHS TRUST,C_170,Cardiothoracic Surgery Service,586,23.8,
2024-05|RK9|C_300,2024-05,RK9,UNIVERSITY HOSPITALS PLYMOUTH NHS TRUST,C_300,General Internal Medicine Service,37,4.5,
2024-05|RK9|C_301,2024-05,RK9,UNIVERSITY HOSPITALS PLYMOUTH NHS TRUST,C_301,Gastroenterology Service,1505,10.2,
2024-05|RK9|C_320,2024-05,RK9,UNIVERSITY HOSPITALS PLYMOUTH NHS TRUST,C_320,Cardiology Service,2916,15.3,
2024-05|RK9|C_330,2024-05,RK9,UNIVERSITY HOSPITALS PLYMOUTH NHS TRUST,C_330,Dermatology Service,1811,5.1,
2024-05|RK9|C_340,2024-05,RK9,UNIVERSITY HOSPITALS PLYMOUTH NHS TRUST,C_340,Respiratory Medicine Service,1998,12.4,
2024-05|RK9|C_400,2024-05,RK9,UNIVERSITY HOSPITALS PLYMOUTH NHS TRUST,C_400,Neurology Service,3298,19.0,
2024-05|RK9|C_410,2024-05,RK9,UNIVERSITY HOSPITALS PLYMOUTH NHS TRUST,C_410,Rheumatology Service,449,7.0,
2024-05|RK9|C_430,2024-05,RK9,UNIVERSITY HOSPITALS PLYMOUTH NHS TRUST,C_430,Elderly Medicine Service,46,14.0,
2024-05|RK9|C_502,2024-05,RK9,UNIVERSITY HOSPITALS PLYMOUTH NHS TRUST,C_502,Gynaecology Service,3435,16.1,
2024-05|RK9|C_999,2024-05,RK9,UNIVERSITY HOSPITALS PLYMOUTH NHS TRUST,C_999,Total,48016,13.8,
2024-05|RK9|X02,2024-05,RK9,UNIVERSITY HOSPITALS PLYMOUTH NHS TRUST,X02,Other - Medical Services,4373,11.9,
2024-05|RK9|X04,2024-05,RK9,UNIVERSITY HOSPITALS PLYMOUTH NHS TRUST,X04,Other - Paediatric Services,1381,13.3,
2024-05|RK9|X05,2024-05,RK9,UNIVERSITY HOSPITALS PLYMOUTH NHS TRUST,X05,Other - Surgical Services,6412,13.5,
2024-05|RK9|X06,2024-05,RK9,UNIVERSITY HOSPITALS PLYMOUTH NHS TRUST,X06,Other - Other Services,516,7.0,
2024-05|RKB|C_100,2024-05,RKB,UNIVERSITY HOSPITALS COVENTRY AND WARWICKSHIRE NHS TRUST,C_100,General Surgery Service,8359,20.9,
2024-05|RKB|C_101,2024-05,RKB,UNIVERSITY HOSPITALS COVENTRY AND WARWICKSHIRE NHS TRUST,C_101,Urology Service,3805,21.0,
2024-05|RKB|C_110,2024-05,RKB,UNIVERSITY HOSPITALS COVENTRY AND WARWICKSHIRE NHS TRUST,C_110,Trauma and Orthopaedic Service,7630,16.0,
2024-05|RKB|C_120,2024-05,RKB,UNIVERSITY HOSPITALS COVENTRY AND WARWICKSHIRE NHS TRUST,C_120,Ear Nose and Throat Service,5170,20.9,
2024-05|RKB|C_130,2024-05,RKB,UNIVERSITY HOSPITALS COVENTRY AND WARWICKSHIRE NHS TRUST,C_130,Ophthalmology Service,4362,13.5,
2024-05|RKB|C_140,2024-05,RKB,UNIVERSITY HOSPITALS COVENTRY AND WARWICKSHIRE NHS TRUST,C_140,Oral Surgery Service,3542,15.0,
2024-05|RKB|C_150,2024-05,RKB,UNIVERSITY HOSPITALS COVENTRY AND WARWICKSHIRE NHS TRUST,C_150,Neurosurgical Service,3548,19.2,
2024-05|RKB|C_160,2024-05,RKB,UNIVERSITY HOSPITALS COVENTRY AND WARWICKSHIRE NHS TRUST,C_160,Plastic Surgery Service,736,18.4,
2024-05|RKB|C_170,2024-05,RKB,UNIVERSITY HOSPITALS COVENTRY AND WARWICKSHIRE NHS TRUST,C_170,Cardiothoracic Surgery Service,320,14.8,
2024-05|RKB|C_300,2024-05,RKB,UNIVERSITY HOSPITALS COVENTRY AND WARWICKSHIRE NHS TRUST,C_300,General Internal Medicine Service,567,16.4,
2024-05|RKB|C_301,2024-05,RKB,UNIVERSITY HOSPITALS COVENTRY AND WARWICKSHIRE NHS TRUST,C_301,Gastroenterology Service,2135,10.7,
2024-05|RKB|C_320,2024-05,RKB,UNIVERSITY HOSPITALS COVENTRY AND WARWICKSHIRE NHS TRUST,C_320,Cardiology Service,2398,9.0,
2024-05|RKB|C_330,2024-05,RKB,UNIVERSITY HOSPITALS COVENTRY AND WARWICKSHIRE NHS TRUST,C_330,Dermatology Service,6515,16.9,
2024-05|RKB|C_340,2024-05,RKB,UNIVERSITY HOSPITALS COVENTRY AND WARWICKSHIRE NHS TRUST,C_340,Respiratory Medicine Service,1803,10.7,
2024-05|RKB|C_400,2024-05,RKB,UNIVERSITY HOSPITALS COVENTRY AND WARWICKSHIRE NHS TRUST,C_400,Neurology Service,3606,15.7,
2024-05|RKB|C_410,2024-05,RKB,UNIVERSITY HOSPITALS COVENTRY AND WARWICKSHIRE NHS TRUST,C_410,Rheumatology Service,462,5.3,
2024-05|RKB|C_430,2024-05,RKB,UNIVERSITY HOSPITALS COVENTRY AND WARWICKSHIRE NHS TRUST,C_430,Elderly Medicine Service,76,4.5,
2024-05|RKB|C_502,2024-05,RKB,UNIVERSITY HOSPITALS COVENTRY AND WARWICKSHIRE NHS TRUST,C_502,Gynaecology Service,5049,17.0,
2024-05|RKB|C_999,2024-05,RKB,UNIVERSITY HOSPITALS COVENTRY AND WARWICKSHIRE NHS TRUST,C_999,Total,69495,16.3,
2024-05|RKB|X02,2024-05,RKB,UNIVERSITY HOSPITALS COVENTRY AND WARWICKSHIRE NHS TRUST,X02,Other - Medical Services,7802,15.3,
2024-05|RKB|X04,2024-05,RKB,UNIVERSITY HOSPITALS COVENTRY AND WARWICKSHIRE NHS TRUST,X04,Other - Paediatric Services,1455,15.8,
2024-05|RKB|X06,2024-05,RKB,UNIVERSITY HOSPITALS COVENTRY AND WARWICKSHIRE NHS TRUST,X06,Other - Other Services,155,10.0,
2024-05|RKE|C_100,2024-05,RKE,WHITTINGTON HEALTH NHS TRUST,C_100,General Surgery Service,3059,12.3,
2024-05|RKE|C_101,2024-05,RKE,WHITTINGTON HEALTH NHS TRUST,C_101,Urology Service,1282,17.3,
2024-05|RKE|C_110,2024-05,RKE,WHITTINGTON HEALTH NHS TRUST,C_110,Trauma and Orthopaedic Service,2723,13.7,
2024-05|RKE|C_120,2024-05,RKE,WHITTINGTON HEALTH NHS TRUST,C_120,Ear Nose and Throat Service,864,13.8,
2024-05|RKE|C_130,2024-05,RKE,WHITTINGTON HEALTH NHS TRUST,C_130,Ophthalmology Service,1069,9.2,
2024-05|RKE|C_140,2024-05,RKE,WHITTINGTON HEALTH NHS TRUST,C_140,Oral Surgery Service,288,33.0,
2024-05|RKE|C_160,2024-05,RKE,WHITTINGTON HEALTH NHS TRUST,C_160,Plastic Surgery Service,46,9.6,
2024-05|RKE|C_300,2024-05,RKE,WHITTINGTON HEALTH NHS TRUST,C_300,General Internal Medicine Service,225,29.8,
2024-05|RKE|C_301,2024-05,RKE,WHITTINGTON HEALTH NHS TRUST,C_301,Gastroenterology Service,1254,7.5,
2024-05|RKE|C_320,2024-05,RKE,WHITTINGTON HEALTH NHS TRUST,C_320,Cardiology Service,1274,11.7,
2024-05|RKE|C_330,2024-05,RKE,WHITTINGTON HEALTH NHS TRUST,C_330,Dermatology Service,575,3.5,
2024-05|RKE|C_340,2024-05,RKE,WHITTINGTON HEALTH NHS TRUST,C_340,Respiratory Medicine Service,932,9.5,
2024-05|RKE|C_400,2024-05,RKE,WHITTINGTON HEALTH NHS TRUST,C_400,Neurology Service,700,17.9,
2024-05|RKE|C_410,2024-05,RKE,WHITTINGTON HEALTH NHS TRUST,C_410,Rheumatology Service,536,12.7,
2024-05|RKE|C_430,2024-05,RKE,WHITTINGTON HEALTH NHS TRUST,C_430,Elderly Medicine Service,126,7.4,
2024-05|RKE|C_502,2024-05,RKE,WHITTINGTON HEALTH NHS TRUST,C_502,Gynaecology Service,2085,10.0,
2024-05|RKE|C_999,2024-05,RKE,WHITTINGTON HEALTH NHS TRUST,C_999,Total,19069,11.0,
2024-05|RKE|X02,2024-05,RKE,WHITTINGTON HEALTH NHS TRUST,X02,Other - Medical Services,2030,6.0,
2024-05|RKE|X04,2024-05,RKE,WHITTINGTON HEALTH NHS TRUST,X04,Other - Paediatric Services,1,7.5,
2024-05|RKL|C_110,2024-05,RKL,WEST LONDON NHS TRUST,C_110,Trauma and Orthopaedic Service,1984,5.3,
2024-05|RKL|C_999,2024-05,RKL,WEST LONDON NHS TRUST,C_999,Total,2056,5.3,
2024-05|RKL|X04,2024-05,RKL,WEST LONDON NHS TRUST,X04,Other - Paediatric Services,72,2.9,
2024-05|RL1|C_110,2024-05,RL1,THE ROBERT JONES AND AGNES HUNT ORTHOPAEDIC HOSPITAL NHS FOUNDATION TRUST,C_110,Trauma and Orthopaedic Service,16648,24.3,
2024-05|RL1|C_300,2024-05,RL1,THE ROBERT JONES AND AGNES HUNT ORTHOPAEDIC HOSPITAL NHS FOUNDATION TRUST,C_300,General Internal Medicine Service,4654,11.5,
2024-05|RL1|C_400,2024-05,RL1,THE ROBERT JONES AND AGNES HUNT ORTHOPAEDIC HOSPITAL NHS FOUNDATION TRUST,C_400,Neurology Service,330,9.0,
2024-05|RL1|C_410,2024-05,RL1,THE ROBERT JONES AND AGNES HUNT ORTHOPAEDIC HOSPITAL NHS FOUNDATION TRUST,C_410,Rheumatology Service,1716,19.9,
2024-05|RL1|C_430,2024-05,RL1,THE ROBERT JONES AND AGNES HUNT ORTHOPAEDIC HOSPITAL NHS FOUNDATION TRUST,C_430,Elderly Medicine Service,20,4.8,
2024-05|RL1|C_999,2024-05,RL1,THE ROBERT JONES AND AGNES HUNT ORTHOPAEDIC HOSPITAL NHS FOUNDATION TRUST,C_999,Total,23881,19.0,
2024-05|RL1|X02,2024-05,RL1,THE ROBERT JONES AND AGNES HUNT ORTHOPAEDIC HOSPITAL NHS FOUNDATION TRUST,X02,Other - Medical Services,36,8.0,
2024-05|RL1|X06,2024-05,RL1,THE ROBERT JONES AND AGNES HUNT ORTHOPAEDIC HOSPITAL NHS FOUNDATION TRUST,X06,Other - Other Services,477,13.1,
2024-05|RL4|C_100,2024-05,RL4,THE ROYAL WOLVERHAMPTON NHS TRUST,C_100,General Surgery Service,9512,19.7,
2024-05|RL4|C_101,2024-05,RL4,THE ROYAL WOLVERHAMPTON NHS TRUST,C_101,Urology Service,10294,20.6,
2024-05|RL4|C_110,2024-05,RL4,THE ROYAL WOLVERHAMPTON NHS TRUST,C_110,Trauma and Orthopaedic Service,9272,13.7,
2024-05|RL4|C_120,2024-05,RL4,THE ROYAL WOLVERHAMPTON NHS TRUST,C_120,Ear Nose and Throat Service,8445,20.6,
2024-05|RL4|C_130,2024-05,RL4,THE ROYAL WOLVERHAMPTON NHS TRUST,C_130,Ophthalmology Service,8322,10.5,
2024-05|RL4|C_140,2024-05,RL4,THE ROYAL WOLVERHAMPTON NHS TRUST,C_140,Oral Surgery Service,4817,20.6,
2024-05|RL4|C_160,2024-05,RL4,THE ROYAL WOLVERHAMPTON NHS TRUST,C_160,Plastic Surgery Service,228,23.8,
2024-05|RL4|C_300,2024-05,RL4,THE ROYAL WOLVERHAMPTON NHS TRUST,C_300,General Internal Medicine Service,71,14.4,
2024-05|RL4|C_301,2024-05,RL4,THE ROYAL WOLVERHAMPTON NHS TRUST,C_301,Gastroenterology Service,4566,15.5,
2024-05|RL4|C_320,2024-05,RL4,THE ROYAL WOLVERHAMPTON NHS TRUST,C_320,Cardiology Service,8387,20.7,
2024-05|RL4|C_330,2024-05,RL4,THE ROYAL WOLVERHAMPTON NHS TRUST,C_330,Dermatology Service,820,5.5,
2024-05|RL4|C_340,2024-05,RL4,THE ROYAL WOLVERHAMPTON NHS TRUST,C_340,Respiratory Medicine Service,2306,12.1,
2024-05|RL4|C_400,2024-05,RL4,THE ROYAL WOLVERHAMPTON NHS TRUST,C_400,Neurology Service,2946,12.4,
2024-05|RL4|C_410,2024-05,RL4,THE ROYAL WOLVERHAMPTON NHS TRUST,C_410,Rheumatology Service,3671,15.7,
2024-05|RL4|C_430,2024-05,RL4,THE ROYAL WOLVERHAMPTON NHS TRUST,C_430,Elderly Medicine Service,102,3.9,
2024-05|RL4|C_502,2024-05,RL4,THE ROYAL WOLVERHAMPTON NHS TRUST,C_502,Gynaecology Service,7554,21.0,
2024-05|RL4|C_999,2024-05,RL4,THE ROYAL WOLVERHAMPTON NHS TRUST,C_999,Total,92542,16.8,
2024-05|RL4|X02,2024-05,RL4,THE ROYAL WOLVERHAMPTON NHS TRUST,X02,Other - Medical Services,8160,15.2,
2024-05|RL4|X04,2024-05,RL4,THE ROYAL WOLVERHAMPTON NHS TRUST,X04,Other - Paediatric Services,2187,16.1,
2024-05|RL4|X05,2024-05,RL4,THE ROYAL WOLVERHAMPTON NHS TRUST,X05,Other - Surgical Services,863,13.3,
2024-05|RL4|X06,2024-05,RL4,THE ROYAL WOLVERHAMPTON NHS TRUST,X06,Other - Other Services,19,11.5,
2024-05|RLQ|C_100,2024-05,RLQ,WYE VALLEY NHS TRUST,C_100,General Surgery Service,738,12.7,
2024-05|RLQ|C_101,2024-05,RLQ,WYE VALLEY NHS TRUST,C_101,Urology Service,1905,15.4,
2024-05|RLQ|C_110,2024-05,RLQ,WYE VALLEY NHS TRUST,C_110,Trauma and Orthopaedic Service,3404,20.8,
2024-05|RLQ|C_120,2024-05,RLQ,WYE VALLEY NHS TRUST,C_120,Ear Nose and Throat Service,2891,18.2,
2024-05|RLQ|C_130,2024-05,RLQ,WYE VALLEY NHS TRUST,C_130,Ophthalmology Service,4643,17.0,
2024-05|RLQ|C_140,2024-05,RLQ,WYE VALLEY NHS TRUST,C_140,Oral Surgery Service,592,21.9,
2024-05|RLQ|C_160,2024-05,RLQ,WYE VALLEY NHS TRUST,C_160,Plastic Surgery Service,348,13.0,
2024-05|RLQ|C_170,2024-05,RLQ,WYE VALLEY NHS TRUST,C_170,Cardiothoracic Surgery Service,26,12.0,
2024-05|RLQ|C_300,2024-05,RLQ,WYE VALLEY NHS TRUST,C_300,General Internal Medicine Service,44,24.0,
2024-05|RLQ|C_301,2024-05,RLQ,WYE VALLEY NHS TRUST,C_301,Gastroenterology Service,1990,15.7,
2024-05|RLQ|C_320,2024-05,RLQ,WYE VALLEY NHS TRUST,C_320,Cardiology Service,2040,18.3,
2024-05|RLQ|C_330,2024-05,RLQ,WYE VALLEY NHS TRUST,C_330,Dermatology Service,1509,13.2,
2024-05|RLQ|C_340,2024-05,RLQ,WYE VALLEY NHS TRUST,C_340,Respiratory Medicine Service,1260,12.5,
2024-05|RLQ|C_400,2024-05,RLQ,WYE VALLEY NHS TRUST,C_400,Neurology Service,448,14.1,
2024-05|RLQ|C_410,2024-05,RLQ,WYE VALLEY NHS TRUST,C_410,Rheumatology Service,518,13.6,
2024-05|RLQ|C_430,2024-05,RLQ,WYE VALLEY NHS TRUST,C_430,Elderly Medicine Service,93,9.8,
2024-05|RLQ|C_502,2024-05,RLQ,WYE VALLEY NHS TRUST,C_502,Gynaecology Service,2109,16.8,
2024-05|RLQ|C_999,2024-05,RLQ,WYE VALLEY NHS TRUST,C_999,Total,28573,15.3,
2024-05|RLQ|X02,2024-05,RLQ,WYE VALLEY NHS TRUST,X02,Other - Medical Services,1711,9.3,
2024-05|RLQ|X04,2024-05,RLQ,WYE VALLEY NHS TRUST,X04,Other - Paediatric Services,285,9.6,
2024-05|RLQ|X05,2024-05,RLQ,WYE VALLEY NHS TRUST,X05,Other - Surgical Services,2019,9.9,
2024-05|RLT|C_100,2024-05,RLT,GEORGE ELIOT HOSPITAL NHS TRUST,C_100,General Surgery Service,1876,17.1,
2024-05|RLT|C_101,2024-05,RLT,GEORGE ELIOT HOSPITAL NHS TRUST,C_101,Urology Service,821,10.2,
2024-05|RLT|C_110,2024-05,RLT,GEORGE ELIOT HOSPITAL NHS TRUST,C_110,Trauma and Orthopaedic Service,1938,13.4,
2024-05|RLT|C_120,2024-05,RLT,GEORGE ELIOT HOSPITAL NHS TRUST,C_120,Ear Nose and Throat Service,2331,22.9,
2024-05|RLT|C_130,2024-05,RLT,GEORGE ELIOT HOSPITAL NHS TRUST,C_130,Ophthalmology Service,310,18.2,
2024-05|RLT|C_140,2024-05,RLT,GEORGE ELIOT HOSPITAL NHS TRUST,C_140,Oral Surgery Service,214,16.3,
2024-05|RLT|C_160,2024-05,RLT,GEORGE ELIOT HOSPITAL NHS TRUST,C_160,Plastic Surgery Service,410,18.9,
2024-05|RLT|C_300,2024-05,RLT,GEORGE ELIOT HOSPITAL NHS TRUST,C_300,General Internal Medicine Service,513,9.7,
2024-05|RLT|C_301,2024-05,RLT,GEORGE ELIOT HOSPITAL NHS TRUST,C_301,Gastroenterology Service,626,11.0,
2024-05|RLT|C_320,2024-05,RLT,GEORGE ELIOT HOSPITAL NHS TRUST,C_320,Cardiology Service,1576,14.5,
2024-05|RLT|C_340,2024-05,RLT,GEORGE ELIOT HOSPITAL NHS TRUST,C_340,Respiratory Medicine Service,518,11.8,
2024-05|RLT|C_410,2024-05,RLT,GEORGE ELIOT HOSPITAL NHS TRUST,C_410,Rheumatology Service,77,17.1,
2024-05|RLT|C_430,2024-05,RLT,GEORGE ELIOT HOSPITAL NHS TRUST,C_430,Elderly Medicine Service,66,4.6,
2024-05|RLT|C_502,2024-05,RLT,GEORGE ELIOT HOSPITAL NHS TRUST,C_502,Gynaecology Service,2079,17.5,
2024-05|RLT|C_999,2024-05,RLT,GEORGE ELIOT HOSPITAL NHS TRUST,C_999,Total,15994,14.4,
2024-05|RLT|X02,2024-05,RLT,GEORGE ELIOT HOSPITAL NHS TRUST,X02,Other - Medical Services,716,6.7,
2024-05|RLT|X04,2024-05,RLT,GEORGE ELIOT HOSPITAL NHS TRUST,X04,Other - Paediatric Services,443,6.5,
2024-05|RLT|X05,2024-05,RLT,GEORGE ELIOT HOSPITAL NHS TRUST,X05,Other - Surgical Services,567,5.6,
2024-05|RLT|X06,2024-05,RLT,GEORGE ELIOT HOSPITAL NHS TRUST,X06,Other - Other Services,913,14.7,
2024-05|RM1|C_100,2024-05,RM1,NORFOLK AND NORWICH UNIVERSITY HOSPITALS NHS FOUNDATION TRUST,C_100,General Surgery Service,7496,16.8,
2024-05|RM1|C_101,2024-05,RM1,NORFOLK AND NORWICH UNIVERSITY HOSPITALS NHS FOUNDATION TRUST,C_101,Urology Service,4371,14.3,
2024-05|RM1|C_110,2024-05,RM1,NORFOLK AND NORWICH UNIVERSITY HOSPITALS NHS FOUNDATION TRUST,C_110,Trauma and Orthopaedic Service,12189,28.0,
2024-05|RM1|C_120,2024-05,RM1,NORFOLK AND NORWICH UNIVERSITY HOSPITALS NHS FOUNDATION TRUST,C_120,Ear Nose and Throat Service,7087,18.1,
2024-05|RM1|C_130,2024-05,RM1,NORFOLK AND NORWICH UNIVERSITY HOSPITALS NHS FOUNDATION TRUST,C_130,Ophthalmology Service,5804,13.7,
2024-05|RM1|C_140,2024-05,RM1,NORFOLK AND NORWICH UNIVERSITY HOSPITALS NHS FOUNDATION TRUST,C_140,Oral Surgery Service,2573,15.8,
2024-05|RM1|C_160,2024-05,RM1,NORFOLK AND NORWICH UNIVERSITY HOSPITALS NHS FOUNDATION TRUST,C_160,Plastic Surgery Service,2013,26.5,
2024-05|RM1|C_301,2024-05,RM1,NORFOLK AND NORWICH UNIVERSITY HOSPITALS NHS FOUNDATION TRUST,C_301,Gastroenterology Service,4167,9.3,
2024-05|RM1|C_320,2024-05,RM1,NORFOLK AND NORWICH UNIVERSITY HOSPITALS NHS FOUNDATION TRUST,C_320,Cardiology Service,4212,14.3,
2024-05|RM1|C_330,2024-05,RM1,NORFOLK AND NORWICH UNIVERSITY HOSPITALS NHS FOUNDATION TRUST,C_330,Dermatology Service,6497,15.0,
2024-05|RM1|C_340,2024-05,RM1,NORFOLK AND NORWICH UNIVERSITY HOSPITALS NHS FOUNDATION TRUST,C_340,Respiratory Medicine Service,2209,19.7,
2024-05|RM1|C_400,2024-05,RM1,NORFOLK AND NORWICH UNIVERSITY HOSPITALS NHS FOUNDATION TRUST,C_400,Neurology Service,3497,17.5,
2024-05|RM1|C_410,2024-05,RM1,NORFOLK AND NORWICH UNIVERSITY HOSPITALS NHS FOUNDATION TRUST,C_410,Rheumatology Service,1206,7.4,
2024-05|RM1|C_430,2024-05,RM1,NORFOLK AND NORWICH UNIVERSITY HOSPITALS NHS FOUNDATION TRUST,C_430,Elderly Medicine Service,48,3.0,
2024-05|RM1|C_502,2024-05,RM1,NORFOLK AND NORWICH UNIVERSITY HOSPITALS NHS FOUNDATION TRUST,C_502,Gynaecology Service,6970,21.9,
2024-05|RM1|C_999,2024-05,RM1,NORFOLK AND NORWICH UNIVERSITY HOSPITALS NHS FOUNDATION TRUST,C_999,Total,85952,17.1,
2024-05|RM1|X02,2024-05,RM1,NORFOLK AND NORWICH UNIVERSITY HOSPITALS NHS FOUNDATION TRUST,X02,Other - Medical Services,7966,16.7,
2024-05|RM1|X04,2024-05,RM1,NORFOLK AND NORWICH UNIVERSITY HOSPITALS NHS FOUNDATION TRUST,X04,Other - Paediatric Services,5655,16.4,
2024-05|RM1|X05,2024-05,RM1,NORFOLK AND NORWICH UNIVERSITY HOSPITALS NHS FOUNDATION TRUST,X05,Other - Surgical Services,1225,11.1,
2024-05|RM1|X06,2024-05,RM1,NORFOLK AND NORWICH UNIVERSITY HOSPITALS NHS FOUNDATION TRUST,X06,Other - Other Services,767,7.5,
2024-05|RM3|C_100,2024-05,RM3,NORTHERN CARE ALLIANCE NHS FOUNDATION TRUST,C_100,General Surgery Service,5155,17.3,
2024-05|RM3|C_101,2024-05,RM3,NORTHERN CARE ALLIANCE NHS FOUNDATION TRUST,C_101,Urology Service,7954,18.0,
2024-05|RM3|C_110,2024-05,RM3,NORTHERN CARE ALLIANCE NHS FOUNDATION TRUST,C_110,Trauma and Orthopaedic Service,13726,15.8,
2024-05|RM3|C_120,2024-05,RM3,NORTHERN CARE ALLIANCE NHS FOUNDATION TRUST,C_120,Ear Nose and Throat Service,12261,19.7,
2024-05|RM3|C_130,2024-05,RM3,NORTHERN CARE ALLIANCE NHS FOUNDATION TRUST,C_130,Ophthalmology Service,7426,17.3,
2024-05|RM3|C_140,2024-05,RM3,NORTHERN CARE ALLIANCE NHS FOUNDATION TRUST,C_140,Oral Surgery Service,2458,25.7,
2024-05|RM3|C_150,2024-05,RM3,NORTHERN CARE ALLIANCE NHS FOUNDATION TRUST,C_150,Neurosurgical Service,5378,14.6,
2024-05|RM3|C_160,2024-05,RM3,NORTHERN CARE ALLIANCE NHS FOUNDATION TRUST,C_160,Plastic Surgery Service,822,9.8,
2024-05|RM3|C_170,2024-05,RM3,NORTHERN CARE ALLIANCE NHS FOUNDATION TRUST,C_170,Cardiothoracic Surgery Service,3,18.5,
2024-05|RM3|C_300,2024-05,RM3,NORTHERN CARE ALLIANCE NHS FOUNDATION TRUST,C_300,General Internal Medicine Service,81,6.1,
2024-05|RM3|C_301,2024-05,RM3,NORTHERN CARE ALLIANCE NHS FOUNDATION TRUST,C_301,Gastroenterology Service,11475,14.0,
2024-05|RM3|C_320,2024-05,RM3,NORTHERN CARE ALLIANCE NHS FOUNDATION TRUST,C_320,Cardiology Service,7465,16.4,
2024-05|RM3|C_330,2024-05,RM3,NORTHERN CARE ALLIANCE NHS FOUNDATION TRUST,C_330,Dermatology Service,16898,18.9,
2024-05|RM3|C_340,2024-05,RM3,NORTHERN CARE ALLIANCE NHS FOUNDATION TRUST,C_340,Respiratory Medicine Service,2601,12.1,
2024-05|RM3|C_400,2024-05,RM3,NORTHERN CARE ALLIANCE NHS FOUNDATION TRUST,C_400,Neurology Service,16675,15.2,
2024-05|RM3|C_410,2024-05,RM3,NORTHERN CARE ALLIANCE NHS FOUNDATION TRUST,C_410,Rheumatology Service,2658,17.2,
2024-05|RM3|C_430,2024-05,RM3,NORTHERN CARE ALLIANCE NHS FOUNDATION TRUST,C_430,Elderly Medicine Service,351,10.7,
2024-05|RM3|C_502,2024-05,RM3,NORTHERN CARE ALLIANCE NHS FOUNDATION TRUST,C_502,Gynaecology Service,9574,22.4,
2024-05|RM3|C_999,2024-05,RM3,NORTHERN CARE ALLIANCE NHS FOUNDATION TRUST,C_999,Total,145363,16.3,
2024-05|RM3|X02,2024-05,RM3,NORTHERN CARE ALLIANCE NHS FOUNDATION TRUST,X02,Other - Medical Services,6678,10.5,
2024-05|RM3|X04,2024-05,RM3,NORTHERN CARE ALLIANCE NHS FOUNDATION TRUST,X04,Other - Paediatric Services,7173,19.0,
2024-05|RM3|X05,2024-05,RM3,NORTHERN CARE ALLIANCE NHS FOUNDATION TRUST,X05,Other - Surgical Services,8465,12.7,
2024-05|RM3|X06,2024-05,RM3,NORTHERN CARE ALLIANCE NHS FOUNDATION TRUST,X06,Other - Other Services,86,15.3,
2024-05|RMC|C_100,2024-05,RMC,BOLTON NHS FOUNDATION TRUST,C_100,General Surgery Service,3777,14.7,
2024-05|RMC|C_101,2024-05,RMC,BOLTON NHS FOUNDATION TRUST,C_101,Urology Service,2657,25.0,
2024-05|RMC|C_110,2024-05,RMC,BOLTON NHS FOUNDATION TRUST,C_110,Trauma and Orthopaedic Service,5685,19.1,
2024-05|RMC|C_120,2024-05,RMC,BOLTON NHS FOUNDATION TRUST,C_120,Ear Nose and Throat Service,6599,28.3,
2024-05|RMC|C_130,2024-05,RMC,BOLTON NHS FOUNDATION TRUST,C_130,Ophthalmology Service,3816,9.3,
2024-05|RMC|C_140,2024-05,RMC,BOLTON NHS FOUNDATION TRUST,C_140,Oral Surgery Service,3268,23.7,
2024-05|RMC|C_160,2024-05,RMC,BOLTON NHS FOUNDATION TRUST,C_160,Plastic Surgery Service,783,28.5,
2024-05|RMC|C_170,2024-05,RMC,BOLTON NHS FOUNDATION TRUST,C_170,Cardiothoracic Surgery Service,29,10.5,
2024-05|RMC|C_300,2024-05,RMC,BOLTON NHS FOUNDATION TRUST,C_300,General Internal Medicine Service,4,0.7,
2024-05|RMC|C_301,2024-05,RMC,BOLTON NHS FOUNDATION TRUST,C_301,Gastroenterology Service,1754,10.4,
2024-05|RMC|C_320,2024-05,RMC,BOLTON NHS FOUNDATION TRUST,C_320,Cardiology Service,3220,14.6,
2024-05|RMC|C_330,2024-05,RMC,BOLTON NHS FOUNDATION TRUST,C_330,Dermatology Service,2562,13.8,
2024-05|RMC|C_340,2024-05,RMC,BOLTON NHS FOUNDATION TRUST,C_340,Respiratory Medicine Service,1074,10.8,
2024-05|RMC|C_400,2024-05,RMC,BOLTON NHS FOUNDATION TRUST,C_400,Neurology Service,9,6.5,
2024-05|RMC|C_410,2024-05,RMC,BOLTON NHS FOUNDATION TRUST,C_410,Rheumatology Service,1142,24.5,
2024-05|RMC|C_430,2024-05,RMC,BOLTON NHS FOUNDATION TRUST,C_430,Elderly Medicine Service,310,7.0,
2024-05|RMC|C_502,2024-05,RMC,BOLTON NHS FOUNDATION TRUST,C_502,Gynaecology Service,3530,22.7,
2024-05|RMC|C_999,2024-05,RMC,BOLTON NHS FOUNDATION TRUST,C_999,Total,44435,17.5,
2024-05|RMC|X02,2024-05,RMC,BOLTON NHS FOUNDATION TRUST,X02,Other - Medical Services,2902,14.2,
2024-05|RMC|X04,2024-05,RMC,BOLTON NHS FOUNDATION TRUST,X04,Other - Paediatric Services,495,24.9,
2024-05|RMC|X05,2024-05,RMC,BOLTON NHS FOUNDATION TRUST,X05,Other - Surgical Services,797,20.3,
2024-05|RMC|X06,2024-05,RMC,BOLTON NHS FOUNDATION TRUST,X06,Other - Other Services,22,13.2,
2024-05|RMP|C_100,2024-05,RMP,TAMESIDE AND GLOSSOP INTEGRATED CARE NHS FOUNDATION TRUST,C_100,General Surgery Service,1598,15.1,
2024-05|RMP|C_101,2024-05,RMP,TAMESIDE AND GLOSSOP INTEGRATED CARE NHS FOUNDATION TRUST,C_101,Urology Service,1544,14.5,
2024-05|RMP|C_110,2024-05,RMP,TAMESIDE AND GLOSSOP INTEGRATED CARE NHS FOUNDATION TRUST,C_110,Trauma and Orthopaedic Service,2262,11.4,
2024-05|RMP|C_120,2024-05,RMP,TAMESIDE AND GLOSSOP INTEGRATED CARE NHS FOUNDATION TRUST,C_120,Ear Nose and Throat Service,1822,15.7,
2024-05|RMP|C_130,2024-05,RMP,TAMESIDE AND GLOSSOP INTEGRATED CARE NHS FOUNDATION TRUST,C_130,Ophthalmology Service,31,5.9,
2024-05|RMP|C_140,2024-05,RMP,TAMESIDE AND GLOSSOP INTEGRATED CARE NHS FOUNDATION TRUST,C_140,Oral Surgery Service,1585,34.7,
2024-05|RMP|C_170,2024-05,RMP,TAMESIDE AND GLOSSOP INTEGRATED CARE NHS FOUNDATION TRUST,C_170,Cardiothoracic Surgery Service,11,10.5,
2024-05|RMP|C_300,2024-05,RMP,TAMESIDE AND GLOSSOP INTEGRATED CARE NHS FOUNDATION TRUST,C_300,General Internal Medicine Service,47,4.5,
2024-05|RMP|C_301,2024-05,RMP,TAMESIDE AND GLOSSOP INTEGRATED CARE NHS FOUNDATION TRUST,C_301,Gastroenterology Service,1511,12.7,
2024-05|RMP|C_320,2024-05,RMP,TAMESIDE AND GLOSSOP INTEGRATED CARE NHS FOUNDATION TRUST,C_320,Cardiology Service,941,8.9,
2024-05|RMP|C_330,2024-05,RMP,TAMESIDE AND GLOSSOP INTEGRATED CARE NHS FOUNDATION TRUST,C_330,Dermatology Service,230,6.6,
2024-05|RMP|C_340,2024-05,RMP,TAMESIDE AND GLOSSOP INTEGRATED CARE NHS FOUNDATION TRUST,C_340,Respiratory Medicine Service,732,9.9,
2024-05|RMP|C_410,2024-05,RMP,TAMESIDE AND GLOSSOP INTEGRATED CARE NHS FOUNDATION TRUST,C_410,Rheumatology Service,336,5.8,
2024-05|RMP|C_430,2024-05,RMP,TAMESIDE AND GLOSSOP INTEGRATED CARE NHS FOUNDATION TRUST,C_430,Elderly Medicine Service,42,4.2,
2024-05|RMP|C_502,2024-05,RMP,TAMESIDE AND GLOSSOP INTEGRATED CARE NHS FOUNDATION TRUST,C_502,Gynaecology Service,3040,16.4,
2024-05|RMP|C_999,2024-05,RMP,TAMESIDE AND GLOSSOP INTEGRATED CARE NHS FOUNDATION TRUST,C_999,Total,21404,13.1,
2024-05|RMP|X02,2024-05,RMP,TAMESIDE AND GLOSSOP INTEGRATED CARE NHS FOUNDATION TRUST,X02,Other - Medical Services,1489,15.1,
2024-05|RMP|X04,2024-05,RMP,TAMESIDE AND GLOSSOP INTEGRATED CARE NHS FOUNDATION TRUST,X04,Other - Paediatric Services,1929,10.6,
2024-05|RMP|X05,2024-05,RMP,TAMESIDE AND GLOSSOP INTEGRATED CARE NHS FOUNDATION TRUST,X05,Other - Surgical Services,2254,15.6,
2024-05|RN3|C_100,2024-05,RN3,GREAT WESTERN HOSPITALS NHS FOUNDATION TRUST,C_100,General Surgery Service,5144,15.9,
2024-05|RN3|C_101,2024-05,RN3,GREAT WESTERN HOSPITALS NHS FOUNDATION TRUST,C_101,Urology Service,2623,17.5,
2024-05|RN3|C_110,2024-05,RN3,GREAT WESTERN HOSPITALS NHS FOUNDATION TRUST,C_110,Trauma and Orthopaedic Service,4154,16.6,
2024-05|RN3|C_120,2024-05,RN3,GREAT WESTERN HOSPITALS NHS FOUNDATION TRUST,C_120,Ear Nose and Throat Service,3438,15.9,
2024-05|RN3|C_130,2024-05,RN3,GREAT WESTERN HOSPITALS NHS FOUNDATION TRUST,C_130,Ophthalmology Service,2048,11.5,
2024-05|RN3|C_140,2024-05,RN3,GREAT WESTERN HOSPITALS NHS FOUNDATION TRUST,C_140,Oral Surgery Service,2582,16.7,
2024-05|RN3|C_160,2024-05,RN3,GREAT WESTERN HOSPITALS NHS FOUNDATION TRUST,C_160,Plastic Surgery Service,364,17.5,
2024-05|RN3|C_300,2024-05,RN3,GREAT WESTERN HOSPITALS NHS FOUNDATION TRUST,C_300,General Internal Medicine Service,1,30.5,
2024-05|RN3|C_301,2024-05,RN3,GREAT WESTERN HOSPITALS NHS FOUNDATION TRUST,C_301,Gastroenterology Service,4262,20.7,
2024-05|RN3|C_320,2024-05,RN3,GREAT WESTERN HOSPITALS NHS FOUNDATION TRUST,C_320,Cardiology Service,1742,18.5,
2024-05|RN3|C_330,2024-05,RN3,GREAT WESTERN HOSPITALS NHS FOUNDATION TRUST,C_330,Dermatology Service,3254,13.7,
2024-05|RN3|C_340,2024-05,RN3,GREAT WESTERN HOSPITALS NHS FOUNDATION TRUST,C_340,Respiratory Medicine Service,974,22.7,
2024-05|RN3|C_400,2024-05,RN3,GREAT WESTERN HOSPITALS NHS FOUNDATION TRUST,C_400,Neurology Service,1960,23.3,
2024-05|RN3|C_410,2024-05,RN3,GREAT WESTERN HOSPITALS NHS FOUNDATION TRUST,C_410,Rheumatology Service,335,4.5,
2024-05|RN3|C_430,2024-05,RN3,GREAT WESTERN HOSPITALS NHS FOUNDATION TRUST,C_430,Elderly Medicine Service,146,10.8,
2024-05|RN3|C_502,2024-05,RN3,GREAT WESTERN HOSPITALS NHS FOUNDATION TRUST,C_502,Gynaecology Service,3216,16.0,
2024-05|RN3|C_999,2024-05,RN3,GREAT WESTERN HOSPITALS NHS FOUNDATION TRUST,C_999,Total,40771,16.3,
2024-05|RN3|X02,2024-05,RN3,GREAT WESTERN HOSPITALS NHS FOUNDATION TRUST,X02,Other - Medical Services,1621,17.1,
2024-05|RN3|X04,2024-05,RN3,GREAT WESTERN HOSPITALS NHS FOUNDATION TRUST,X04,Other - Paediatric Services,1590,19.8,
2024-05|RN3|X05,2024-05,RN3,GREAT WESTERN HOSPITALS NHS FOUNDATION TRUST,X05,Other - Surgical Services,726,3.7,
2024-05|RN3|X06,2024-05,RN3,GREAT WESTERN HOSPITALS NHS FOUNDATION TRUST,X06,Other - Other Services,591,5.8,
2024-05|RN5|C_100,2024-05,RN5,HAMPSHIRE HOSPITALS NHS FOUNDATION TRUST,C_100,General Surgery Service,2606,20.3,
2024-05|RN5|C_101,2024-05,RN5,HAMPSHIRE HOSPITALS NHS FOUNDATION TRUST,C_101,Urology Service,3342,13.5,
2024-05|RN5|C_110,2024-05,RN5,HAMPSHIRE HOSPITALS NHS FOUNDATION TRUST,C_110,Trauma and Orthopaedic Service,5618,17.2,
2024-05|RN5|C_120,2024-05,RN5,HAMPSHIRE HOSPITALS NHS FOUNDATION TRUST,C_120,Ear Nose and Throat Service,4287,17.5,
2024-05|RN5|C_130,2024-05,RN5,HAMPSHIRE HOSPITALS NHS FOUNDATION TRUST,C_130,Ophthalmology Service,3773,14.3,
2024-05|RN5|C_140,2024-05,RN5,HAMPSHIRE HOSPITALS NHS FOUNDATION TRUST,C_140,Oral Surgery Service,2346,20.6,
2024-05|RN5|C_170,2024-05,RN5,HAMPSHIRE HOSPITALS NHS FOUNDATION TRUST,C_170,Cardiothoracic Surgery Service,1,21.5,
2024-05|RN5|C_300,2024-05,RN5,HAMPSHIRE HOSPITALS NHS FOUNDATION TRUST,C_300,General Internal Medicine Service,132,1.9,
2024-05|RN5|C_301,2024-05,RN5,HAMPSHIRE HOSPITALS NHS FOUNDATION TRUST,C_301,Gastroenterology Service,4728,15.9,
2024-05|RN5|C_320,2024-05,RN5,HAMPSHIRE HOSPITALS NHS FOUNDATION TRUST,C_320,Cardiology Service,3043,13.1,
2024-05|RN5|C_330,2024-05,RN5,HAMPSHIRE HOSPITALS NHS FOUNDATION TRUST,C_330,Dermatology Service,2990,13.1,
2024-05|RN5|C_340,2024-05,RN5,HAMPSHIRE HOSPITALS NHS FOUNDATION TRUST,C_340,Respiratory Medicine Service,1961,14.7,
2024-05|RN5|C_400,2024-05,RN5,HAMPSHIRE HOSPITALS NHS FOUNDATION TRUST,C_400,Neurology Service,1725,14.2,
2024-05|RN5|C_410,2024-05,RN5,HAMPSHIRE HOSPITALS NHS FOUNDATION TRUST,C_410,Rheumatology Service,1765,15.6,
2024-05|RN5|C_430,2024-05,RN5,HAMPSHIRE HOSPITALS NHS FOUNDATION TRUST,C_430,Elderly Medicine Service,148,4.2,
2024-05|RN5|C_502,2024-05,RN5,HAMPSHIRE HOSPITALS NHS FOUNDATION TRUST,C_502,Gynaecology Service,4346,12.3,
2024-05|RN5|C_999,2024-05,RN5,HAMPSHIRE HOSPITALS NHS FOUNDATION TRUST,C_999,Total,52814,14.7,
2024-05|RN5|X02,2024-05,RN5,HAMPSHIRE HOSPITALS NHS FOUNDATION TRUST,X02,Other - Medical Services,3987,12.5,
2024-05|RN5|X04,2024-05,RN5,HAMPSHIRE HOSPITALS NHS FOUNDATION TRUST,X04,Other - Paediatric Services,1733,13.1,
2024-05|RN5|X05,2024-05,RN5,HAMPSHIRE HOSPITALS NHS FOUNDATION TRUST,X05,Other - Surgical Services,4250,11.6,
2024-05|RN5|X06,2024-05,RN5,HAMPSHIRE HOSPITALS NHS FOUNDATION TRUST,X06,Other - Other Services,33,9.5,
2024-05|RN7|C_100,2024-05,RN7,DARTFORD AND GRAVESHAM NHS TRUST,C_100,General Surgery Service,6343,11.4,
2024-05|RN7|C_101,2024-05,RN7,DARTFORD AND GRAVESHAM NHS TRUST,C_101,Urology Service,2698,9.0,
2024-05|RN7|C_110,2024-05,RN7,DARTFORD AND GRAVESHAM NHS TRUST,C_110,Trauma and Orthopaedic Service,3600,13.4,
2024-05|RN7|C_300,2024-05,RN7,DARTFORD AND GRAVESHAM NHS TRUST,C_300,General Internal Medicine Service,1248,10.6,
2024-05|RN7|C_301,2024-05,RN7,DARTFORD AND GRAVESHAM NHS TRUST,C_301,Gastroenterology Service,4346,13.9,
2024-05|RN7|C_320,2024-05,RN7,DARTFORD AND GRAVESHAM NHS TRUST,C_320,Cardiology Service,2048,9.2,
2024-05|RN7|C_340,2024-05,RN7,DARTFORD AND GRAVESHAM NHS TRUST,C_340,Respiratory Medicine Service,1419,12.0,
2024-05|RN7|C_400,2024-05,RN7,DARTFORD AND GRAVESHAM NHS TRUST,C_400,Neurology Service,1225,17.4,
2024-05|RN7|C_430,2024-05,RN7,DARTFORD AND GRAVESHAM NHS TRUST,C_430,Elderly Medicine Service,500,11.1,
2024-05|RN7|C_502,2024-05,RN7,DARTFORD AND GRAVESHAM NHS TRUST,C_502,Gynaecology Service,3927,10.2,
2024-05|RN7|C_999,2024-05,RN7,DARTFORD AND GRAVESHAM NHS TRUST,C_999,Total,29769,11.2,
2024-05|RN7|X02,2024-05,RN7,DARTFORD AND GRAVESHAM NHS TRUST,X02,Other - Medical Services,436,7.6,
2024-05|RN7|X04,2024-05,RN7,DARTFORD AND GRAVESHAM NHS TRUST,X04,Other - Paediatric Services,848,5.6,
2024-05|RN7|X05,2024-05,RN7,DARTFORD AND GRAVESHAM NHS TRUST,X05,Other - Surgical Services,1072,10.7,
2024-05|RN7|X06,2024-05,RN7,DARTFORD AND GRAVESHAM NHS TRUST,X06,Other - Other Services,59,5.5,
2024-05|RNA|C_100,2024-05,RNA,THE DUDLEY GROUP NHS FOUNDATION TRUST,C_100,General Surgery Service,2811,20.7,
2024-05|RNA|C_101,2024-05,RNA,THE DUDLEY GROUP NHS FOUNDATION TRUST,C_101,Urology Service,2871,15.5,
2024-05|RNA|C_110,2024-05,RNA,THE DUDLEY GROUP NHS FOUNDATION TRUST,C_110,Trauma and Orthopaedic Service,5028,14.6,
2024-05|RNA|C_120,2024-05,RNA,THE DUDLEY GROUP NHS FOUNDATION TRUST,C_120,Ear Nose and Throat Service,4235,12.7,
2024-05|RNA|C_130,2024-05,RNA,THE DUDLEY GROUP NHS FOUNDATION TRUST,C_130,Ophthalmology Service,3591,10.3,
2024-05|RNA|C_140,2024-05,RNA,THE DUDLEY GROUP NHS FOUNDATION TRUST,C_140,Oral Surgery Service,1834,19.2,
2024-05|RNA|C_160,2024-05,RNA,THE DUDLEY GROUP NHS FOUNDATION TRUST,C_160,Plastic Surgery Service,1666,14.7,
2024-05|RNA|C_300,2024-05,RNA,THE DUDLEY GROUP NHS FOUNDATION TRUST,C_300,General Internal Medicine Service,2,3.0,
2024-05|RNA|C_301,2024-05,RNA,THE DUDLEY GROUP NHS FOUNDATION TRUST,C_301,Gastroenterology Service,1712,10.0,
2024-05|RNA|C_320,2024-05,RNA,THE DUDLEY GROUP NHS FOUNDATION TRUST,C_320,Cardiology Service,1451,7.9,
2024-05|RNA|C_330,2024-05,RNA,THE DUDLEY GROUP NHS FOUNDATION TRUST,C_330,Dermatology Service,4367,17.9,
2024-05|RNA|C_340,2024-05,RNA,THE DUDLEY GROUP NHS FOUNDATION TRUST,C_340,Respiratory Medicine Service,1162,10.8,
2024-05|RNA|C_400,2024-05,RNA,THE DUDLEY GROUP NHS FOUNDATION TRUST,C_400,Neurology Service,1694,19.4,
2024-05|RNA|C_410,2024-05,RNA,THE DUDLEY GROUP NHS FOUNDATION TRUST,C_410,Rheumatology Service,1055,13.6,
2024-05|RNA|C_430,2024-05,RNA,THE DUDLEY GROUP NHS FOUNDATION TRUST,C_430,Elderly Medicine Service,157,6.2,
2024-05|RNA|C_502,2024-05,RNA,THE DUDLEY GROUP NHS FOUNDATION TRUST,C_502,Gynaecology Service,3916,19.1,
2024-05|RNA|C_999,2024-05,RNA,THE DUDLEY GROUP NHS FOUNDATION TRUST,C_999,Total,48391,14.3,
2024-05|RNA|X02,2024-05,RNA,THE DUDLEY GROUP NHS FOUNDATION TRUST,X02,Other - Medical Services,4342,16.1,
2024-05|RNA|X04,2024-05,RNA,THE DUDLEY GROUP NHS FOUNDATION TRUST,X04,Other - Paediatric Services,1875,12.1,
2024-05|RNA|X05,2024-05,RNA,THE DUDLEY GROUP NHS FOUNDATION TRUST,X05,Other - Surgical Services,2323,8.6,
2024-05|RNA|X06,2024-05,RNA,THE DUDLEY GROUP NHS FOUNDATION TRUST,X06,Other - Other Services,2299,18.1,
2024-05|RNN|C_100,2024-05,RNN,NORTH CUMBRIA INTEGRATED CARE NHS FOUNDATION TRUST,C_100,General Surgery Service,981,18.7,
2024-05|RNN|C_101,2024-05,RNN,NORTH CUMBRIA INTEGRATED CARE NHS FOUNDATION TRUST,C_101,Urology Service,3695,24.6,
2024-05|RNN|C_110,2024-05,RNN,NORTH CUMBRIA INTEGRATED CARE NHS FOUNDATION TRUST,C_110,Trauma and Orthopaedic Service,3319,15.2,
2024-05|RNN|C_120,2024-05,RNN,NORTH CUMBRIA INTEGRATED CARE NHS FOUNDATION TRUST,C_120,Ear Nose and Throat Service,5228,18.7,
2024-05|RNN|C_130,2024-05,RNN,NORTH CUMBRIA INTEGRATED CARE NHS FOUNDATION TRUST,C_130,Ophthalmology Service,3416,10.4,
2024-05|RNN|C_140,2024-05,RNN,NORTH CUMBRIA INTEGRATED CARE NHS FOUNDATION TRUST,C_140,Oral Surgery Service,1220,13.0,
2024-05|RNN|C_300,2024-05,RNN,NORTH CUMBRIA INTEGRATED CARE NHS FOUNDATION TRUST,C_300,General Internal Medicine Service,124,15.7,
2024-05|RNN|C_301,2024-05,RNN,NORTH CUMBRIA INTEGRATED CARE NHS FOUNDATION TRUST,C_301,Gastroenterology Service,1808,16.9,
2024-05|RNN|C_320,2024-05,RNN,NORTH CUMBRIA INTEGRATED CARE NHS FOUNDATION TRUST,C_320,Cardiology Service,2503,13.2,
2024-05|RNN|C_330,2024-05,RNN,NORTH CUMBRIA INTEGRATED CARE NHS FOUNDATION TRUST,C_330,Dermatology Service,2363,11.2,
2024-05|RNN|C_340,2024-05,RNN,NORTH CUMBRIA INTEGRATED CARE NHS FOUNDATION TRUST,C_340,Respiratory Medicine Service,860,15.1,
2024-05|RNN|C_400,2024-05,RNN,NORTH CUMBRIA INTEGRATED CARE NHS FOUNDATION TRUST,C_400,Neurology Service,2404,19.9,
2024-05|RNN|C_410,2024-05,RNN,NORTH CUMBRIA INTEGRATED CARE NHS FOUNDATION TRUST,C_410,Rheumatology Service,845,17.2,
2024-05|RNN|C_430,2024-05,RNN,NORTH CUMBRIA INTEGRATED CARE NHS FOUNDATION TRUST,C_430,Elderly Medicine Service,422,14.9,
2024-05|RNN|C_502,2024-05,RNN,NORTH CUMBRIA INTEGRATED CARE NHS FOUNDATION TRUST,C_502,Gynaecology Service,3300,15.7,
2024-05|RNN|C_999,2024-05,RNN,NORTH CUMBRIA INTEGRATED CARE NHS FOUNDATION TRUST,C_999,Total,41259,14.8,
2024-05|RNN|X02,2024-05,RNN,NORTH CUMBRIA INTEGRATED CARE NHS FOUNDATION TRUST,X02,Other - Medical Services,1394,9.9,
2024-05|RNN|X04,2024-05,RNN,NORTH CUMBRIA INTEGRATED CARE NHS FOUNDATION TRUST,X04,Other - Paediatric Services,361,9.9,
2024-05|RNN|X05,2024-05,RNN,NORTH CUMBRIA INTEGRATED CARE NHS FOUNDATION TRUST,X05,Other - Surgical Services,5303,13.9,
2024-05|RNN|X06,2024-05,RNN,NORTH CUMBRIA INTEGRATED CARE NHS FOUNDATION TRUST,X06,Other - Other Services,1713,5.8,
2024-05|RNQ|C_100,2024-05,RNQ,KETTERING GENERAL HOSPITAL NHS FOUNDATION TRUST,C_100,General Surgery Service,1307,11.6,
2024-05|RNQ|C_101,2024-05,RNQ,KETTERING GENERAL HOSPITAL NHS FOUNDATION TRUST,C_101,Urology Service,1669,10.8,
2024-05|RNQ|C_110,2024-05,RNQ,KETTERING GENERAL HOSPITAL NHS FOUNDATION TRUST,C_110,Trauma and Orthopaedic Service,2250,15.7,
2024-05|RNQ|C_120,2024-05,RNQ,KETTERING GENERAL HOSPITAL NHS FOUNDATION TRUST,C_120,Ear Nose and Throat Service,2144,11.4,
2024-05|RNQ|C_130,2024-05,RNQ,KETTERING GENERAL HOSPITAL NHS FOUNDATION TRUST,C_130,Ophthalmology Service,2254,8.6,
2024-05|RNQ|C_140,2024-05,RNQ,KETTERING GENERAL HOSPITAL NHS FOUNDATION TRUST,C_140,Oral Surgery Service,2550,20.2,
2024-05|RNQ|C_160,2024-05,RNQ,KETTERING GENERAL HOSPITAL NHS FOUNDATION TRUST,C_160,Plastic Surgery Service,103,13.2,
2024-05|RNQ|C_300,2024-05,RNQ,KETTERING GENERAL HOSPITAL NHS FOUNDATION TRUST,C_300,General Internal Medicine Service,2,1.0,
2024-05|RNQ|C_301,2024-05,RNQ,KETTERING GENERAL HOSPITAL NHS FOUNDATION TRUST,C_301,Gastroenterology Service,1265,16.4,
2024-05|RNQ|C_320,2024-05,RNQ,KETTERING GENERAL HOSPITAL NHS FOUNDATION TRUST,C_320,Cardiology Service,1894,10.8,
2024-05|RNQ|C_330,2024-05,RNQ,KETTERING GENERAL HOSPITAL NHS FOUNDATION TRUST,C_330,Dermatology Service,1353,10.0,
2024-05|RNQ|C_340,2024-05,RNQ,KETTERING GENERAL HOSPITAL NHS FOUNDATION TRUST,C_340,Respiratory Medicine Service,1263,20.1,
2024-05|RNQ|C_400,2024-05,RNQ,KETTERING GENERAL HOSPITAL NHS FOUNDATION TRUST,C_400,Neurology Service,893,24.7,
2024-05|RNQ|C_410,2024-05,RNQ,KETTERING GENERAL HOSPITAL NHS FOUNDATION TRUST,C_410,Rheumatology Service,689,6.1,
2024-05|RNQ|C_430,2024-05,RNQ,KETTERING GENERAL HOSPITAL NHS FOUNDATION TRUST,C_430,Elderly Medicine Service,174,7.8,
2024-05|RNQ|C_502,2024-05,RNQ,KETTERING GENERAL HOSPITAL NHS FOUNDATION TRUST,C_502,Gynaecology Service,2024,14.0,
2024-05|RNQ|C_999,2024-05,RNQ,KETTERING GENERAL HOSPITAL NHS FOUNDATION TRUST,C_999,Total,27804,13.0,
2024-05|RNQ|X02,2024-05,RNQ,KETTERING GENERAL HOSPITAL NHS FOUNDATION TRUST,X02,Other - Medical Services,3471,12.1,
2024-05|RNQ|X04,2024-05,RNQ,KETTERING GENERAL HOSPITAL NHS FOUNDATION TRUST,X04,Other - Paediatric Services,485,9.7,
2024-05|RNQ|X05,2024-05,RNQ,KETTERING GENERAL HOSPITAL NHS FOUNDATION TRUST,X05,Other - Surgical Services,1925,14.2,
2024-05|RNQ|X06,2024-05,RNQ,KETTERING GENERAL HOSPITAL NHS FOUNDATION TRUST,X06,Other - Other Services,89,6.6,
2024-05|RNS|C_100,2024-05,RNS,NORTHAMPTON GENERAL HOSPITAL NHS TRUST,C_100,General Surgery Service,3589,16.8,
2024-05|RNS|C_101,2024-05,RNS,NORTHAMPTON GENERAL HOSPITAL NHS TRUST,C_101,Urology Service,2472,11.9,
2024-05|RNS|C_110,2024-05,RNS,NORTHAMPTON GENERAL HOSPITAL NHS TRUST,C_110,Trauma and Orthopaedic Service,3553,27.8,
2024-05|RNS|C_120,2024-05,RNS,NORTHAMPTON GENERAL HOSPITAL NHS TRUST,C_120,Ear Nose and Throat Service,3452,12.8,
2024-05|RNS|C_130,2024-05,RNS,NORTHAMPTON GENERAL HOSPITAL NHS TRUST,C_130,Ophthalmology Service,2131,6.0,
2024-05|RNS|C_140,2024-05,RNS,NORTHAMPTON GENERAL HOSPITAL NHS TRUST,C_140,Oral Surgery Service,2627,24.3,
2024-05|RNS|C_150,2024-05,RNS,NORTHAMPTON GENERAL HOSPITAL NHS TRUST,C_150,Neurosurgical Service,78,16.0,
2024-05|RNS|C_160,2024-05,RNS,NORTHAMPTON GENERAL HOSPITAL NHS TRUST,C_160,Plastic Surgery Service,317,13.4,
2024-05|RNS|C_170,2024-05,RNS,NORTHAMPTON GENERAL HOSPITAL NHS TRUST,C_170,Cardiothoracic Surgery Service,21,7.2,
2024-05|RNS|C_300,2024-05,RNS,NORTHAMPTON GENERAL HOSPITAL NHS TRUST,C_300,General Internal Medicine Service,437,6.3,
2024-05|RNS|C_301,2024-05,RNS,NORTHAMPTON GENERAL HOSPITAL NHS TRUST,C_301,Gastroenterology Service,4000,7.1,
2024-05|RNS|C_320,2024-05,RNS,NORTHAMPTON GENERAL HOSPITAL NHS TRUST,C_320,Cardiology Service,3953,13.2,
2024-05|RNS|C_330,2024-05,RNS,NORTHAMPTON GENERAL HOSPITAL NHS TRUST,C_330,Dermatology Service,3178,9.1,
2024-05|RNS|C_340,2024-05,RNS,NORTHAMPTON GENERAL HOSPITAL NHS TRUST,C_340,Respiratory Medicine Service,2809,10.8,
2024-05|RNS|C_400,2024-05,RNS,NORTHAMPTON GENERAL HOSPITAL NHS TRUST,C_400,Neurology Service,887,7.1,
2024-05|RNS|C_410,2024-05,RNS,NORTHAMPTON GENERAL HOSPITAL NHS TRUST,C_410,Rheumatology Service,477,7.0,
2024-05|RNS|C_430,2024-05,RNS,NORTHAMPTON GENERAL HOSPITAL NHS TRUST,C_430,Elderly Medicine Service,193,13.2,
2024-05|RNS|C_502,2024-05,RNS,NORTHAMPTON GENERAL HOSPITAL NHS TRUST,C_502,Gynaecology Service,3844,15.3,
2024-05|RNS|C_999,2024-05,RNS,NORTHAMPTON GENERAL HOSPITAL NHS TRUST,C_999,Total,42862,12.0,
2024-05|RNS|X02,2024-05,RNS,NORTHAMPTON GENERAL HOSPITAL NHS TRUST,X02,Other - Medical Services,3143,11.7,
2024-05|RNS|X04,2024-05,RNS,NORTHAMPTON GENERAL HOSPITAL NHS TRUST,X04,Other - Paediatric Services,417,8.0,
2024-05|RNS|X05,2024-05,RNS,NORTHAMPTON GENERAL HOSPITAL NHS TRUST,X05,Other - Surgical Services,824,17.4,
2024-05|RNS|X06,2024-05,RNS,NORTHAMPTON GENERAL HOSPITAL NHS TRUST,X06,Other - Other Services,460,4.3,
2024-05|RNZ|C_100,2024-05,RNZ,SALISBURY NHS FOUNDATION TRUST,C_100,General Surgery Service,1271,18.1,
2024-05|RNZ|C_101,2024-05,RNZ,SALISBURY NHS FOUNDATION TRUST,C_101,Urology Service,2193,18.1,
2024-05|RNZ|C_110,2024-05,RNZ,SALISBURY NHS FOUNDATION TRUST,C_110,Trauma and Orthopaedic Service,2530,15.6,
2024-05|RNZ|C_120,2024-05,RNZ,SALISBURY NHS FOUNDATION TRUST,C_120,Ear Nose and Throat Service,2114,17.8,
2024-05|RNZ|C_130,2024-05,RNZ,SALISBURY NHS FOUNDATION TRUST,C_130,Ophthalmology Service,1964,13.4,
2024-05|RNZ|C_140,2024-05,RNZ,SALISBURY NHS FOUNDATION TRUST,C_140,Oral Surgery Service,2667,25.4,
2024-05|RNZ|C_160,2024-05,RNZ,SALISBURY NHS FOUNDATION TRUST,C_160,Plastic Surgery Service,2082,16.9,
2024-05|RNZ|C_300,2024-05,RNZ,SALISBURY NHS FOUNDATION TRUST,C_300,General Internal Medicine Service,26,8.5,
2024-05|RNZ|C_301,2024-05,RNZ,SALISBURY NHS FOUNDATION TRUST,C_301,Gastroenterology Service,1022,14.4,
2024-05|RNZ|C_320,2024-05,RNZ,SALISBURY NHS FOUNDATION TRUST,C_320,Cardiology Service,1816,13.6,
2024-05|RNZ|C_330,2024-05,RNZ,SALISBURY NHS FOUNDATION TRUST,C_330,Dermatology Service,884,23.5,
2024-05|RNZ|C_340,2024-05,RNZ,SALISBURY NHS FOUNDATION TRUST,C_340,Respiratory Medicine Service,956,14.3,
2024-05|RNZ|C_410,2024-05,RNZ,SALISBURY NHS FOUNDATION TRUST,C_410,Rheumatology Service,534,9.7,
2024-05|RNZ|C_430,2024-05,RNZ,SALISBURY NHS FOUNDATION TRUST,C_430,Elderly Medicine Service,182,11.6,
2024-05|RNZ|C_502,2024-05,RNZ,SALISBURY NHS FOUNDATION TRUST,C_502,Gynaecology Service,2139,18.7,
2024-05|RNZ|C_999,2024-05,RNZ,SALISBURY NHS FOUNDATION TRUST,C_999,Total,27423,16.1,
2024-05|RNZ|X02,2024-05,RNZ,SALISBURY NHS FOUNDATION TRUST,X02,Other - Medical Services,2669,12.9,
2024-05|RNZ|X03,2024-05,RNZ,SALISBURY NHS FOUNDATION TRUST,X03,Other - Mental Health Services,51,14.2,
2024-05|RNZ|X04,2024-05,RNZ,SALISBURY NHS FOUNDATION TRUST,X04,Other - Paediatric Services,212,11.7,
2024-05|RNZ|X05,2024-05,RNZ,SALISBURY NHS FOUNDATION TRUST,X05,Other - Surgical Services,1512,11.8,
2024-05|RNZ|X06,2024-05,RNZ,SALISBURY NHS FOUNDATION TRUST,X06,Other - Other Services,599,9.6,
2024-05|RP4|C_999,2024-05,RP4,GREAT ORMOND STREET HOSPITAL FOR CHILDREN NHS FOUNDATION TRUST,C_999,Total,8220,11.2,
2024-05|RP4|X02,2024-05,RP4,GREAT ORMOND STREET HOSPITAL FOR CHILDREN NHS FOUNDATION TRUST,X02,Other - Medical Services,1644,10.0,
2024-05|RP4|X03,2024-05,RP4,GREAT ORMOND STREET HOSPITAL FOR CHILDREN NHS FOUNDATION TRUST,X03,Other - Mental Health Services,181,16.1,
2024-05|RP4|X04,2024-05,RP4,GREAT ORMOND STREET HOSPITAL FOR CHILDREN NHS FOUNDATION TRUST,X04,Other - Paediatric Services,6296,11.5,
2024-05|RP4|X05,2024-05,RP4,GREAT ORMOND STREET HOSPITAL FOR CHILDREN NHS FOUNDATION TRUST,X05,Other - Surgical Services,29,11.6,
2024-05|RP4|X06,2024-05,RP4,GREAT ORMOND STREET HOSPITAL FOR CHILDREN NHS FOUNDATION TRUST,X06,Other - Other Services,70,9.5,
2024-05|RP5|C_100,2024-05,RP5,DONCASTER AND BASSETLAW TEACHING HOSPITALS NHS FOUNDATION TRUST,C_100,General Surgery Service,2782,9.0,
2024-05|RP5|C_101,2024-05,RP5,DONCASTER AND BASSETLAW TEACHING HOSPITALS NHS FOUNDATION TRUST,C_101,Urology Service,3423,15.8,
2024-05|RP5|C_110,2024-05,RP5,DONCASTER AND BASSETLAW TEACHING HOSPITALS NHS FOUNDATION TRUST,C_110,Trauma and Orthopaedic Service,9445,14.3,
2024-05|RP5|C_120,2024-05,RP5,DONCASTER AND BASSETLAW TEACHING HOSPITALS NHS FOUNDATION TRUST,C_120,Ear Nose and Throat Service,7297,19.5,
2024-05|RP5|C_130,2024-05,RP5,DONCASTER AND BASSETLAW TEACHING HOSPITALS NHS FOUNDATION TRUST,C_130,Ophthalmology Service,3786,12.6,
2024-05|RP5|C_140,2024-05,RP5,DONCASTER AND BASSETLAW TEACHING HOSPITALS NHS FOUNDATION TRUST,C_140,Oral Surgery Service,2480,13.2,
2024-05|RP5|C_300,2024-05,RP5,DONCASTER AND BASSETLAW TEACHING HOSPITALS NHS FOUNDATION TRUST,C_300,General Internal Medicine Service,495,12.3,
2024-05|RP5|C_301,2024-05,RP5,DONCASTER AND BASSETLAW TEACHING HOSPITALS NHS FOUNDATION TRUST,C_301,Gastroenterology Service,2947,12.3,
2024-05|RP5|C_320,2024-05,RP5,DONCASTER AND BASSETLAW TEACHING HOSPITALS NHS FOUNDATION TRUST,C_320,Cardiology Service,3369,13.5,
2024-05|RP5|C_330,2024-05,RP5,DONCASTER AND BASSETLAW TEACHING HOSPITALS NHS FOUNDATION TRUST,C_330,Dermatology Service,5106,13.2,
2024-05|RP5|C_340,2024-05,RP5,DONCASTER AND BASSETLAW TEACHING HOSPITALS NHS FOUNDATION TRUST,C_340,Respiratory Medicine Service,1668,18.8,
2024-05|RP5|C_410,2024-05,RP5,DONCASTER AND BASSETLAW TEACHING HOSPITALS NHS FOUNDATION TRUST,C_410,Rheumatology Service,982,11.0,
2024-05|RP5|C_430,2024-05,RP5,DONCASTER AND BASSETLAW TEACHING HOSPITALS NHS FOUNDATION TRUST,C_430,Elderly Medicine Service,330,8.9,
2024-05|RP5|C_502,2024-05,RP5,DONCASTER AND BASSETLAW TEACHING HOSPITALS NHS FOUNDATION TRUST,C_502,Gynaecology Service,4344,14.7,
2024-05|RP5|C_999,2024-05,RP5,DONCASTER AND BASSETLAW TEACHING HOSPITALS NHS FOUNDATION TRUST,C_999,Total,55896,13.6,
2024-05|RP5|X02,2024-05,RP5,DONCASTER AND BASSETLAW TEACHING HOSPITALS NHS FOUNDATION TRUST,X02,Other - Medical Services,4706,10.5,
2024-05|RP5|X04,2024-05,RP5,DONCASTER AND BASSETLAW TEACHING HOSPITALS NHS FOUNDATION TRUST,X04,Other - Paediatric Services,344,11.4,
2024-05|RP5|X05,2024-05,RP5,DONCASTER AND BASSETLAW TEACHING HOSPITALS NHS FOUNDATION TRUST,X05,Other - Surgical Services,1871,9.2,
2024-05|RP5|X06,2024-05,RP5,DONCASTER AND BASSETLAW TEACHING HOSPITALS NHS FOUNDATION TRUST,X06,Other - Other Services,521,17.0,
2024-05|RP6|C_130,2024-05,RP6,MOORFIELDS EYE HOSPITAL NHS FOUNDATION TRUST,C_130,Ophthalmology Service,35819,7.7,
2024-05|RP6|C_999,2024-05,RP6,MOORFIELDS EYE HOSPITAL NHS FOUNDATION TRUST,C_999,Total,35819,7.7,
2024-05|RP7|C_999,2024-05,RP7,LINCOLNSHIRE PARTNERSHIP NHS FOUNDATION TRUST,C_999,Total,134,10.6,
2024-05|RP7|X03,2024-05,RP7,LINCOLNSHIRE PARTNERSHIP NHS FOUNDATION TRUST,X03,Other - Mental Health Services,134,10.6,
2024-05|RPA|C_100,2024-05,RPA,MEDWAY NHS FOUNDATION TRUST,C_100,General Surgery Service,1151,14.4,
2024-05|RPA|C_101,2024-05,RPA,MEDWAY NHS FOUNDATION TRUST,C_101,Urology Service,2674,11.6,
2024-05|RPA|C_110,2024-05,RPA,MEDWAY NHS FOUNDATION TRUST,C_110,Trauma and Orthopaedic Service,2069,13.9,
2024-05|RPA|C_120,2024-05,RPA,MEDWAY NHS FOUNDATION TRUST,C_120,Ear Nose and Throat Service,6812,24.5,
2024-05|RPA|C_300,2024-05,RPA,MEDWAY NHS FOUNDATION TRUST,C_300,General Internal Medicine Service,271,19.1,
2024-05|RPA|C_301,2024-05,RPA,MEDWAY NHS FOUNDATION TRUST,C_301,Gastroenterology Service,3983,18.8,
2024-05|RPA|C_320,2024-05,RPA,MEDWAY NHS FOUNDATION TRUST,C_320,Cardiology Service,3838,24.7,
2024-05|RPA|C_340,2024-05,RPA,MEDWAY NHS FOUNDATION TRUST,C_340,Respiratory Medicine Service,1065,16.2,
2024-05|RPA|C_400,2024-05,RPA,MEDWAY NHS FOUNDATION TRUST,C_400,Neurology Service,1648,18.7,
2024-05|RPA|C_410,2024-05,RPA,MEDWAY NHS FOUNDATION TRUST,C_410,Rheumatology Service,3256,25.2,
2024-05|RPA|C_430,2024-05,RPA,MEDWAY NHS FOUNDATION TRUST,C_430,Elderly Medicine Service,121,4.6,
2024-05|RPA|C_502,2024-05,RPA,MEDWAY NHS FOUNDATION TRUST,C_502,Gynaecology Service,3965,12.8,
2024-05|RPA|C_999,2024-05,RPA,MEDWAY NHS FOUNDATION TRUST,C_999,Total,43831,17.1,
2024-05|RPA|X02,2024-05,RPA,MEDWAY NHS FOUNDATION TRUST,X02,Other - Medical Services,6637,14.1,
2024-05|RPA|X04,2024-05,RPA,MEDWAY NHS FOUNDATION TRUST,X04,Other - Paediatric Services,18,12.0,
2024-05|RPA|X05,2024-05,RPA,MEDWAY NHS FOUNDATION TRUST,X05,Other - Surgical Services,5344,14.8,
2024-05|RPA|X06,2024-05,RPA,MEDWAY NHS FOUNDATION TRUST,X06,Other - Other Services,979,22.2,
2024-05|RPC|C_120,2024-05,RPC,QUEEN VICTORIA HOSPITAL NHS FOUNDATION TRUST,C_120,Ear Nose and Throat Service,128,7.7,
2024-05|RPC|C_130,2024-05,RPC,QUEEN VICTORIA HOSPITAL NHS FOUNDATION TRUST,C_130,Ophthalmology Service,2153,12.2,
2024-05|RPC|C_140,2024-05,RPC,QUEEN VICTORIA HOSPITAL NHS FOUNDATION TRUST,C_140,Oral Surgery Service,6898,14.3,
2024-05|RPC|C_160,2024-05,RPC,QUEEN VICTORIA HOSPITAL NHS FOUNDATION TRUST,C_160,Plastic Surgery Service,5805,15.2,
2024-05|RPC|C_320,2024-05,RPC,QUEEN VICTORIA HOSPITAL NHS FOUNDATION TRUST,C_320,Cardiology Service,168,10.0,
2024-05|RPC|C_410,2024-05,RPC,QUEEN VICTORIA HOSPITAL NHS FOUNDATION TRUST,C_410,Rheumatology Service,44,10.0,
2024-05|RPC|C_999,2024-05,RPC,QUEEN VICTORIA HOSPITAL NHS FOUNDATION TRUST,C_999,Total,18506,13.5,
2024-05|RPC|X02,2024-05,RPC,QUEEN VICTORIA HOSPITAL NHS FOUNDATION TRUST,X02,Other - Medical Services,31,10.8,
2024-05|RPC|X03,2024-05,RPC,QUEEN VICTORIA HOSPITAL NHS FOUNDATION TRUST,X03,Other - Mental Health Services,71,20.9,
2024-05|RPC|X04,2024-05,RPC,QUEEN VICTORIA HOSPITAL NHS FOUNDATION TRUST,X04,Other - Paediatric Services,80,16.5,
2024-05|RPC|X05,2024-05,RPC,QUEEN VICTORIA HOSPITAL NHS FOUNDATION TRUST,X05,Other - Surgical Services,2,5.0,
2024-05|RPC|X06,2024-05,RPC,QUEEN VICTORIA HOSPITAL NHS FOUNDATION TRUST,X06,Other - Other Services,3126,10.9,
2024-05|RPG|C_999,2024-05,RPG,OXLEAS NHS FOUNDATION TRUST,C_999,Total,2182,13.4,
2024-05|RPG|X06,2024-05,RPG,OXLEAS NHS FOUNDATION TRUST,X06,Other - Other Services,2182,13.4,
2024-05|RPY|C_100,2024-05,RPY,THE ROYAL MARSDEN NHS FOUNDATION TRUST,C_100,General Surgery Service,115,5.6,
2024-05|RPY|C_101,2024-05,RPY,THE ROYAL MARSDEN NHS FOUNDATION TRUST,C_101,Urology Service,71,4.4,
2024-05|RPY|C_140,2024-05,RPY,THE ROYAL MARSDEN NHS FOUNDATION TRUST,C_140,Oral Surgery Service,125,4.8,
2024-05|RPY|C_160,2024-05,RPY,THE ROYAL MARSDEN NHS FOUNDATION TRUST,C_160,Plastic Surgery Service,43,11.2,
2024-05|RPY|C_301,2024-05,RPY,THE ROYAL MARSDEN NHS FOUNDATION TRUST,C_301,Gastroenterology Service,32,4.5,
2024-05|RPY|C_320,2024-05,RPY,THE ROYAL MARSDEN NHS FOUNDATION TRUST,C_320,Cardiology Service,1,9.5,
2024-05|RPY|C_330,2024-05,RPY,THE ROYAL MARSDEN NHS FOUNDATION TRUST,C_330,Dermatology Service,20,4.0,
2024-05|RPY|C_999,2024-05,RPY,THE ROYAL MARSDEN NHS FOUNDATION TRUST,C_999,Total,1970,4.4,
2024-05|RPY|X02,2024-05,RPY,THE ROYAL MARSDEN NHS FOUNDATION TRUST,X02,Other - Medical Services,678,5.3,
2024-05|RPY|X04,2024-05,RPY,THE ROYAL MARSDEN NHS FOUNDATION TRUST,X04,Other - Paediatric Services,11,3.8,
2024-05|RPY|X05,2024-05,RPY,THE ROYAL MARSDEN NHS FOUNDATION TRUST,X05,Other - Surgical Services,495,2.2,
2024-05|RPY|X06,2024-05,RPY,THE ROYAL MARSDEN NHS FOUNDATION TRUST,X06,Other - Other Services,379,4.8,
2024-05|RQ3|C_502,2024-05,RQ3,BIRMINGHAM WOMEN'S AND CHILDREN'S NHS FOUNDATION TRUST,C_502,Gynaecology Service,8712,16.1,
2024-05|RQ3|C_999,2024-05,RQ3,BIRMINGHAM WOMEN'S AND CHILDREN'S NHS FOUNDATION TRUST,C_999,Total,26932,13.4,
2024-05|RQ3|X04,2024-05,RQ3,BIRMINGHAM WOMEN'S AND CHILDREN'S NHS FOUNDATION TRUST,X04,Other - Paediatric Services,12862,13.3,
2024-05|RQ3|X06,2024-05,RQ3,BIRMINGHAM WOMEN'S AND CHILDREN'S NHS FOUNDATION TRUST,X06,Other - Other Services,5358,11.1,
2024-05|RQM|C_100,2024-05,RQM,CHELSEA AND WESTMINSTER HOSPITAL NHS FOUNDATION TRUST,C_100,General Surgery Service,3705,16.6,
2024-05|RQM|C_101,2024-05,RQM,CHELSEA AND WESTMINSTER HOSPITAL NHS FOUNDATION TRUST,C_101,Urology Service,5283,12.4,
2024-05|RQM|C_110,2024-05,RQM,CHELSEA AND WESTMINSTER HOSPITAL NHS FOUNDATION TRUST,C_110,Trauma and Orthopaedic Service,4007,18.2,
2024-05|RQM|C_120,2024-05,RQM,CHELSEA AND WESTMINSTER HOSPITAL NHS FOUNDATION TRUST,C_120,Ear Nose and Throat Service,4393,14.4,
2024-05|RQM|C_130,2024-05,RQM,CHELSEA AND WESTMINSTER HOSPITAL NHS FOUNDATION TRUST,C_130,Ophthalmology Service,1553,11.8,
2024-05|RQM|C_140,2024-05,RQM,CHELSEA AND WESTMINSTER HOSPITAL NHS FOUNDATION TRUST,C_140,Oral Surgery Service,886,9.5,
2024-05|RQM|C_160,2024-05,RQM,CHELSEA AND WESTMINSTER HOSPITAL NHS FOUNDATION TRUST,C_160,Plastic Surgery Service,2469,22.0,
2024-05|RQM|C_300,2024-05,RQM,CHELSEA AND WESTMINSTER HOSPITAL NHS FOUNDATION TRUST,C_300,General Internal Medicine Service,766,17.7,
2024-05|RQM|C_301,2024-05,RQM,CHELSEA AND WESTMINSTER HOSPITAL NHS FOUNDATION TRUST,C_301,Gastroenterology Service,1698,9.8,
2024-05|RQM|C_320,2024-05,RQM,CHELSEA AND WESTMINSTER HOSPITAL NHS FOUNDATION TRUST,C_320,Cardiology Service,1026,7.8,
2024-05|RQM|C_330,2024-05,RQM,CHELSEA AND WESTMINSTER HOSPITAL NHS FOUNDATION TRUST,C_330,Dermatology Service,5032,9.9,
2024-05|RQM|C_340,2024-05,RQM,CHELSEA AND WESTMINSTER HOSPITAL NHS FOUNDATION TRUST,C_340,Respiratory Medicine Service,1849,12.5,
2024-05|RQM|C_400,2024-05,RQM,CHELSEA AND WESTMINSTER HOSPITAL NHS FOUNDATION TRUST,C_400,Neurology Service,2881,16.0,
2024-05|RQM|C_410,2024-05,RQM,CHELSEA AND WESTMINSTER HOSPITAL NHS FOUNDATION TRUST,C_410,Rheumatology Service,1387,16.6,
2024-05|RQM|C_430,2024-05,RQM,CHELSEA AND WESTMINSTER HOSPITAL NHS FOUNDATION TRUST,C_430,Elderly Medicine Service,201,11.5,
2024-05|RQM|C_502,2024-05,RQM,CHELSEA AND WESTMINSTER HOSPITAL NHS FOUNDATION TRUST,C_502,Gynaecology Service,5045,8.1,
2024-05|RQM|C_999,2024-05,RQM,CHELSEA AND WESTMINSTER HOSPITAL NHS FOUNDATION TRUST,C_999,Total,61549,12.9,
2024-05|RQM|X02,2024-05,RQM,CHELSEA AND WESTMINSTER HOSPITAL NHS FOUNDATION TRUST,X02,Other - Medical Services,1216,11.2,
2024-05|RQM|X04,2024-05,RQM,CHELSEA AND WESTMINSTER HOSPITAL NHS FOUNDATION TRUST,X04,Other - Paediatric Services,7378,13.5,
2024-05|RQM|X05,2024-05,RQM,CHELSEA AND WESTMINSTER HOSPITAL NHS FOUNDATION TRUST,X05,Other - Surgical Services,5225,13.2,
2024-05|RQM|X06,2024-05,RQM,CHELSEA AND WESTMINSTER HOSPITAL NHS FOUNDATION TRUST,X06,Other - Other Services,5549,12.0,
2024-05|RQW|C_100,2024-05,RQW,THE PRINCESS ALEXANDRA HOSPITAL NHS TRUST,C_100,General Surgery Service,3902,19.1,
2024-05|RQW|C_101,2024-05,RQW,THE PRINCESS ALEXANDRA HOSPITAL NHS TRUST,C_101,Urology Service,2084,16.0,
2024-05|RQW|C_110,2024-05,RQW,THE PRINCESS ALEXANDRA HOSPITAL NHS TRUST,C_110,Trauma and Orthopaedic Service,3103,22.0,
2024-05|RQW|C_120,2024-05,RQW,THE PRINCESS ALEXANDRA HOSPITAL NHS TRUST,C_120,Ear Nose and Throat Service,2385,27.9,
2024-05|RQW|C_130,2024-05,RQW,THE PRINCESS ALEXANDRA HOSPITAL NHS TRUST,C_130,Ophthalmology Service,1944,18.8,
2024-05|RQW|C_140,2024-05,RQW,THE PRINCESS ALEXANDRA HOSPITAL NHS TRUST,C_140,Oral Surgery Service,1299,17.5,
2024-05|RQW|C_300,2024-05,RQW,THE PRINCESS ALEXANDRA HOSPITAL NHS TRUST,C_300,General Internal Medicine Service,607,38.5,
2024-05|RQW|C_301,2024-05,RQW,THE PRINCESS ALEXANDRA HOSPITAL NHS TRUST,C_301,Gastroenterology Service,2170,16.9,
2024-05|RQW|C_320,2024-05,RQW,THE PRINCESS ALEXANDRA HOSPITAL NHS TRUST,C_320,Cardiology Service,3022,24.3,
2024-05|RQW|C_330,2024-05,RQW,THE PRINCESS ALEXANDRA HOSPITAL NHS TRUST,C_330,Dermatology Service,2688,13.1,
2024-05|RQW|C_340,2024-05,RQW,THE PRINCESS ALEXANDRA HOSPITAL NHS TRUST,C_340,Respiratory Medicine Service,750,17.0,
2024-05|RQW|C_400,2024-05,RQW,THE PRINCESS ALEXANDRA HOSPITAL NHS TRUST,C_400,Neurology Service,781,18.9,
2024-05|RQW|C_410,2024-05,RQW,THE PRINCESS ALEXANDRA HOSPITAL NHS TRUST,C_410,Rheumatology Service,645,27.1,
2024-05|RQW|C_430,2024-05,RQW,THE PRINCESS ALEXANDRA HOSPITAL NHS TRUST,C_430,Elderly Medicine Service,17,9.5,
2024-05|RQW|C_502,2024-05,RQW,THE PRINCESS ALEXANDRA HOSPITAL NHS TRUST,C_502,Gynaecology Service,1924,7.6,
2024-05|RQW|C_999,2024-05,RQW,THE PRINCESS ALEXANDRA HOSPITAL NHS TRUST,C_999,Total,29389,18.0,
2024-05|RQW|X02,2024-05,RQW,THE PRINCESS ALEXANDRA HOSPITAL NHS TRUST,X02,Other - Medical Services,480,24.6,
2024-05|RQW|X04,2024-05,RQW,THE PRINCESS ALEXANDRA HOSPITAL NHS TRUST,X04,Other - Paediatric Services,874,11.6,
2024-05|RQW|X05,2024-05,RQW,THE PRINCESS ALEXANDRA HOSPITAL NHS TRUST,X05,Other - Surgical Services,14,5.3,
2024-05|RQW|X06,2024-05,RQW,THE PRINCESS ALEXANDRA HOSPITAL NHS TRUST,X06,Other - Other Services,700,6.6,
2024-05|RQX|C_100,2024-05,RQX,HOMERTON HEALTHCARE NHS FOUNDATION TRUST,C_100,General Surgery Service,5362,14.2,
2024-05|RQX|C_101,2024-05,RQX,HOMERTON HEALTHCARE NHS FOUNDATION TRUST,C_101,Urology Service,2544,11.9,
2024-05|RQX|C_110,2024-05,RQX,HOMERTON HEALTHCARE NHS FOUNDATION TRUST,C_110,Trauma and Orthopaedic Service,2475,12.1,
2024-05|RQX|C_120,2024-05,RQX,HOMERTON HEALTHCARE NHS FOUNDATION TRUST,C_120,Ear Nose and Throat Service,2653,9.6,
2024-05|RQX|C_130,2024-05,RQX,HOMERTON HEALTHCARE NHS FOUNDATION TRUST,C_130,Ophthalmology Service,13,1.2,
2024-05|RQX|C_140,2024-05,RQX,HOMERTON HEALTHCARE NHS FOUNDATION TRUST,C_140,Oral Surgery Service,2755,9.3,
2024-05|RQX|C_160,2024-05,RQX,HOMERTON HEALTHCARE NHS FOUNDATION TRUST,C_160,Plastic Surgery Service,556,17.3,
2024-05|RQX|C_300,2024-05,RQX,HOMERTON HEALTHCARE NHS FOUNDATION TRUST,C_300,General Internal Medicine Service,397,10.1,
2024-05|RQX|C_301,2024-05,RQX,HOMERTON HEALTHCARE NHS FOUNDATION TRUST,C_301,Gastroenterology Service,1195,9.0,
2024-05|RQX|C_320,2024-05,RQX,HOMERTON HEALTHCARE NHS FOUNDATION TRUST,C_320,Cardiology Service,1123,7.9,
2024-05|RQX|C_330,2024-05,RQX,HOMERTON HEALTHCARE NHS FOUNDATION TRUST,C_330,Dermatology Service,1988,11.5,
2024-05|RQX|C_340,2024-05,RQX,HOMERTON HEALTHCARE NHS FOUNDATION TRUST,C_340,Respiratory Medicine Service,1163,7.2,
2024-05|RQX|C_400,2024-05,RQX,HOMERTON HEALTHCARE NHS FOUNDATION TRUST,C_400,Neurology Service,1009,7.9,
2024-05|RQX|C_410,2024-05,RQX,HOMERTON HEALTHCARE NHS FOUNDATION TRUST,C_410,Rheumatology Service,177,3.2,
2024-05|RQX|C_430,2024-05,RQX,HOMERTON HEALTHCARE NHS FOUNDATION TRUST,C_430,Elderly Medicine Service,237,9.5,
2024-05|RQX|C_502,2024-05,RQX,HOMERTON HEALTHCARE NHS FOUNDATION TRUST,C_502,Gynaecology Service,3230,10.6,
2024-05|RQX|C_999,2024-05,RQX,HOMERTON HEALTHCARE NHS FOUNDATION TRUST,C_999,Total,33866,10.4,
2024-05|RQX|X02,2024-05,RQX,HOMERTON HEALTHCARE NHS FOUNDATION TRUST,X02,Other - Medical Services,3553,9.6,
2024-05|RQX|X04,2024-05,RQX,HOMERTON HEALTHCARE NHS FOUNDATION TRUST,X04,Other - Paediatric Services,2856,9.4,
2024-05|RQX|X05,2024-05,RQX,HOMERTON HEALTHCARE NHS FOUNDATION TRUST,X05,Other - Surgical Services,351,1.7,
2024-05|RQX|X06,2024-05,RQX,HOMERTON HEALTHCARE NHS FOUNDATION TRUST,X06,Other - Other Services,229,10.2,
2024-05|RR7|C_100,2024-05,RR7,GATESHEAD HEALTH NHS FOUNDATION TRUST,C_100,General Surgery Service,2038,8.0,
2024-05|RR7|C_101,2024-05,RR7,GATESHEAD HEALTH NHS FOUNDATION TRUST,C_101,Urology Service,946,12.3,
2024-05|RR7|C_110,2024-05,RR7,GATESHEAD HEALTH NHS FOUNDATION TRUST,C_110,Trauma and Orthopaedic Service,1571,17.8,
2024-05|RR7|C_300,2024-05,RR7,GATESHEAD HEALTH NHS FOUNDATION TRUST,C_300,General Internal Medicine Service,33,7.8,
2024-05|RR7|C_301,2024-05,RR7,GATESHEAD HEALTH NHS FOUNDATION TRUST,C_301,Gastroenterology Service,1400,8.1,
2024-05|RR7|C_320,2024-05,RR7,GATESHEAD HEALTH NHS FOUNDATION TRUST,C_320,Cardiology Service,709,11.3,
2024-05|RR7|C_340,2024-05,RR7,GATESHEAD HEALTH NHS FOUNDATION TRUST,C_340,Respiratory Medicine Service,469,6.3,
2024-05|RR7|C_410,2024-05,RR7,GATESHEAD HEALTH NHS FOUNDATION TRUST,C_410,Rheumatology Service,356,7.7,
2024-05|RR7|C_430,2024-05,RR7,GATESHEAD HEALTH NHS FOUNDATION TRUST,C_430,Elderly Medicine Service,279,9.2,
2024-05|RR7|C_502,2024-05,RR7,GATESHEAD HEALTH NHS FOUNDATION TRUST,C_502,Gynaecology Service,2117,14.8,
2024-05|RR7|C_999,2024-05,RR7,GATESHEAD HEALTH NHS FOUNDATION TRUST,C_999,Total,11913,10.3,
2024-05|RR7|X02,2024-05,RR7,GATESHEAD HEALTH NHS FOUNDATION TRUST,X02,Other - Medical Services,1049,6.3,
2024-05|RR7|X03,2024-05,RR7,GATESHEAD HEALTH NHS FOUNDATION TRUST,X03,Other - Mental Health Services,201,5.5,
2024-05|RR7|X05,2024-05,RR7,GATESHEAD HEALTH NHS FOUNDATION TRUST,X05,Other - Surgical Services,14,6.0,
2024-05|RR7|X06,2024-05,RR7,GATESHEAD HEALTH NHS FOUNDATION TRUST,X06,Other - Other Services,731,12.4,
2024-05|RR8|C_100,2024-05,RR8,LEEDS TEACHING HOSPITALS NHS TRUST,C_100,General Surgery Service,1387,9.1,
2024-05|RR8|C_101,2024-05,RR8,LEEDS TEACHING HOSPITALS NHS TRUST,C_101,Urology Service,3460,11.2,
2024-05|RR8|C_110,2024-05,RR8,LEEDS TEACHING HOSPITALS NHS TRUST,C_110,Trauma and Orthopaedic Service,8545,24.2,
2024-05|RR8|C_120,2024-05,RR8,LEEDS TEACHING HOSPITALS NHS TRUST,C_120,Ear Nose and Throat Service,3960,9.6,
2024-05|RR8|C_130,2024-05,RR8,LEEDS TEACHING HOSPITALS NHS TRUST,C_130,Ophthalmology Service,4528,8.5,
2024-05|RR8|C_140,2024-05,RR8,LEEDS TEACHING HOSPITALS NHS TRUST,C_140,Oral Surgery Service,1879,8.7,
2024-05|RR8|C_150,2024-05,RR8,LEEDS TEACHING HOSPITALS NHS TRUST,C_150,Neurosurgical Service,437,10.9,
2024-05|RR8|C_160,2024-05,RR8,LEEDS TEACHING HOSPITALS NHS TRUST,C_160,Plastic Surgery Service,3378,23.9,
2024-05|RR8|C_170,2024-05,RR8,LEEDS TEACHING HOSPITALS NHS TRUST,C_170,Cardiothoracic Surgery Service,425,8.2,
2024-05|RR8|C_300,2024-05,RR8,LEEDS TEACHING HOSPITALS NHS TRUST,C_300,General Internal Medicine Service,1,15.5,
2024-05|RR8|C_301,2024-05,RR8,LEEDS TEACHING HOSPITALS NHS TRUST,C_301,Gastroenterology Service,1856,4.8,
2024-05|RR8|C_320,2024-05,RR8,LEEDS TEACHING HOSPITALS NHS TRUST,C_320,Cardiology Service,3503,5.4,
2024-05|RR8|C_330,2024-05,RR8,LEEDS TEACHING HOSPITALS NHS TRUST,C_330,Dermatology Service,6464,11.3,
2024-05|RR8|C_340,2024-05,RR8,LEEDS TEACHING HOSPITALS NHS TRUST,C_340,Respiratory Medicine Service,1207,7.8,
2024-05|RR8|C_400,2024-05,RR8,LEEDS TEACHING HOSPITALS NHS TRUST,C_400,Neurology Service,2561,9.7,
2024-05|RR8|C_410,2024-05,RR8,LEEDS TEACHING HOSPITALS NHS TRUST,C_410,Rheumatology Service,2201,7.7,
2024-05|RR8|C_430,2024-05,RR8,LEEDS TEACHING HOSPITALS NHS TRUST,C_430,Elderly Medicine Service,37,3.6,
2024-05|RR8|C_502,2024-05,RR8,LEEDS TEACHING HOSPITALS NHS TRUST,C_502,Gynaecology Service,10429,15.1,
2024-05|RR8|C_999,2024-05,RR8,LEEDS TEACHING HOSPITALS NHS TRUST,C_999,Total,91245,11.6,
2024-05|RR8|X02,2024-05,RR8,LEEDS TEACHING HOSPITALS NHS TRUST,X02,Other - Medical Services,14236,10.1,
2024-05|RR8|X04,2024-05,RR8,LEEDS TEACHING HOSPITALS NHS TRUST,X04,Other - Paediatric Services,10262,14.2,
2024-05|RR8|X05,2024-05,RR8,LEEDS TEACHING HOSPITALS NHS TRUST,X05,Other - Surgical Services,9367,12.9,
2024-05|RR8|X06,2024-05,RR8,LEEDS TEACHING HOSPITALS NHS TRUST,X06,Other - Other Services,1122,5.6,
2024-05|RRE|C_400,2024-05,RRE,MIDLANDS PARTNERSHIP NHS FOUNDATION TRUST,C_400,Neurology Service,90,17.7,
2024-05|RRE|C_410,2024-05,RRE,MIDLANDS PARTNERSHIP NHS FOUNDATION TRUST,C_410,Rheumatology Service,3782,2.8,
2024-05|RRE|C_430,2024-05,RRE,MIDLANDS PARTNERSHIP NHS FOUNDATION TRUST,C_430,Elderly Medicine Service,3,8.5,
2024-05|RRE|C_999,2024-05,RRE,MIDLANDS PARTNERSHIP NHS FOUNDATION TRUST,C_999,Total,6156,3.3,
2024-05|RRE|X02,2024-05,RRE,MIDLANDS PARTNERSHIP NHS FOUNDATION TRUST,X02,Other - Medical Services,62,9.0,
2024-05|RRE|X06,2024-05,RRE,MIDLANDS PARTNERSHIP NHS FOUNDATION TRUST,X06,Other - Other Services,2219,3.6,
2024-05|RRF|C_100,2024-05,RRF,"WRIGHTINGTON, WIGAN AND LEIGH NHS FOUNDATION TRUST",C_100,General Surgery Service,1947,20.1,
2024-05|RRF|C_101,2024-05,RRF,"WRIGHTINGTON, WIGAN AND LEIGH NHS FOUNDATION TRUST",C_101,Urology Service,2966,16.4,
2024-05|RRF|C_110,2024-05,RRF,"WRIGHTINGTON, WIGAN AND LEIGH NHS FOUNDATION TRUST",C_110,Trauma and Orthopaedic Service,8131,12.3,
2024-05|RRF|C_120,2024-05,RRF,"WRIGHTINGTON, WIGAN AND LEIGH NHS FOUNDATION TRUST",C_120,Ear Nose and Throat Service,4589,13.7,
2024-05|RRF|C_130,2024-05,RRF,"WRIGHTINGTON, WIGAN AND LEIGH NHS FOUNDATION TRUST",C_130,Ophthalmology Service,3068,15.4,
2024-05|RRF|C_140,2024-05,RRF,"WRIGHTINGTON, WIGAN AND LEIGH NHS FOUNDATION TRUST",C_140,Oral Surgery Service,1922,16.8,
2024-05|RRF|C_150,2024-05,RRF,"WRIGHTINGTON, WIGAN AND LEIGH NHS FOUNDATION TRUST",C_150,Neurosurgical Service,28,20.0,
2024-05|RRF|C_160,2024-05,RRF,"WRIGHTINGTON, WIGAN AND LEIGH NHS FOUNDATION TRUST",C_160,Plastic Surgery Service,887,20.7,
2024-05|RRF|C_170,2024-05,RRF,"WRIGHTINGTON, WIGAN AND LEIGH NHS FOUNDATION TRUST",C_170,Cardiothoracic Surgery Service,50,15.5,
2024-05|RRF|C_300,2024-05,RRF,"WRIGHTINGTON, WIGAN AND LEIGH NHS FOUNDATION TRUST",C_300,General Internal Medicine Service,173,9.7,
2024-05|RRF|C_301,2024-05,RRF,"WRIGHTINGTON, WIGAN AND LEIGH NHS FOUNDATION TRUST",C_301,Gastroenterology Service,3934,14.6,
2024-05|RRF|C_320,2024-05,RRF,"WRIGHTINGTON, WIGAN AND LEIGH NHS FOUNDATION TRUST",C_320,Cardiology Service,4691,7.9,
2024-05|RRF|C_330,2024-05,RRF,"WRIGHTINGTON, WIGAN AND LEIGH NHS FOUNDATION TRUST",C_330,Dermatology Service,3740,20.5,
2024-05|RRF|C_340,2024-05,RRF,"WRIGHTINGTON, WIGAN AND LEIGH NHS FOUNDATION TRUST",C_340,Respiratory Medicine Service,2666,16.0,
2024-05|RRF|C_400,2024-05,RRF,"WRIGHTINGTON, WIGAN AND LEIGH NHS FOUNDATION TRUST",C_400,Neurology Service,1,16.5,
2024-05|RRF|C_410,2024-05,RRF,"WRIGHTINGTON, WIGAN AND LEIGH NHS FOUNDATION TRUST",C_410,Rheumatology Service,1215,10.2,
2024-05|RRF|C_430,2024-05,RRF,"WRIGHTINGTON, WIGAN AND LEIGH NHS FOUNDATION TRUST",C_430,Elderly Medicine Service,441,19.1,
2024-05|RRF|C_502,2024-05,RRF,"WRIGHTINGTON, WIGAN AND LEIGH NHS FOUNDATION TRUST",C_502,Gynaecology Service,4930,23.1,
2024-05|RRF|C_999,2024-05,RRF,"WRIGHTINGTON, WIGAN AND LEIGH NHS FOUNDATION TRUST",C_999,Total,55352,14.6,
2024-05|RRF|X02,2024-05,RRF,"WRIGHTINGTON, WIGAN AND LEIGH NHS FOUNDATION TRUST",X02,Other - Medical Services,1949,25.8,
2024-05|RRF|X04,2024-05,RRF,"WRIGHTINGTON, WIGAN AND LEIGH NHS FOUNDATION TRUST",X04,Other - Paediatric Services,2614,11.9,
2024-05|RRF|X05,2024-05,RRF,"WRIGHTINGTON, WIGAN AND LEIGH NHS FOUNDATION TRUST",X05,Other - Surgical Services,5348,14.8,
2024-05|RRF|X06,2024-05,RRF,"WRIGHTINGTON, WIGAN AND LEIGH NHS FOUNDATION TRUST",X06,Other - Other Services,62,1.9,
2024-05|RRJ|C_110,2024-05,RRJ,THE ROYAL ORTHOPAEDIC HOSPITAL NHS FOUNDATION TRUST,C_110,Trauma and Orthopaedic Service,13631,19.1,
2024-05|RRJ|C_300,2024-05,RRJ,THE ROYAL ORTHOPAEDIC HOSPITAL NHS FOUNDATION TRUST,C_300,General Internal Medicine Service,162,11.0,
2024-05|RRJ|C_999,2024-05,RRJ,THE ROYAL ORTHOPAEDIC HOSPITAL NHS FOUNDATION TRUST,C_999,Total,15808,17.6,
2024-05|RRJ|X02,2024-05,RRJ,THE ROYAL ORTHOPAEDIC HOSPITAL NHS FOUNDATION TRUST,X02,Other - Medical Services,1128,14.5,
2024-05|RRJ|X06,2024-05,RRJ,THE ROYAL ORTHOPAEDIC HOSPITAL NHS FOUNDATION TRUST,X06,Other - Other Services,887,7.7,
2024-05|RRK|C_100,2024-05,RRK,UNIVERSITY HOSPITALS BIRMINGHAM NHS FOUNDATION TRUST,C_100,General Surgery Service,6744,21.1,
2024-05|RRK|C_101,2024-05,RRK,UNIVERSITY HOSPITALS BIRMINGHAM NHS FOUNDATION TRUST,C_101,Urology Service,8836,19.7,
2024-05|RRK|C_110,2024-05,RRK,UNIVERSITY HOSPITALS BIRMINGHAM NHS FOUNDATION TRUST,C_110,Trauma and Orthopaedic Service,4235,14.7,
2024-05|RRK|C_120,2024-05,RRK,UNIVERSITY HOSPITALS BIRMINGHAM NHS FOUNDATION TRUST,C_120,Ear Nose and Throat Service,16751,24.4,
2024-05|RRK|C_130,2024-05,RRK,UNIVERSITY HOSPITALS BIRMINGHAM NHS FOUNDATION TRUST,C_130,Ophthalmology Service,13451,19.3,
2024-05|RRK|C_140,2024-05,RRK,UNIVERSITY HOSPITALS BIRMINGHAM NHS FOUNDATION TRUST,C_140,Oral Surgery Service,2853,29.1,
2024-05|RRK|C_150,2024-05,RRK,UNIVERSITY HOSPITALS BIRMINGHAM NHS FOUNDATION TRUST,C_150,Neurosurgical Service,1770,13.8,
2024-05|RRK|C_160,2024-05,RRK,UNIVERSITY HOSPITALS BIRMINGHAM NHS FOUNDATION TRUST,C_160,Plastic Surgery Service,1033,16.1,
2024-05|RRK|C_170,2024-05,RRK,UNIVERSITY HOSPITALS BIRMINGHAM NHS FOUNDATION TRUST,C_170,Cardiothoracic Surgery Service,161,8.8,
2024-05|RRK|C_300,2024-05,RRK,UNIVERSITY HOSPITALS BIRMINGHAM NHS FOUNDATION TRUST,C_300,General Internal Medicine Service,1345,16.9,
2024-05|RRK|C_301,2024-05,RRK,UNIVERSITY HOSPITALS BIRMINGHAM NHS FOUNDATION TRUST,C_301,Gastroenterology Service,7026,17.3,
2024-05|RRK|C_320,2024-05,RRK,UNIVERSITY HOSPITALS BIRMINGHAM NHS FOUNDATION TRUST,C_320,Cardiology Service,7453,13.1,
2024-05|RRK|C_330,2024-05,RRK,UNIVERSITY HOSPITALS BIRMINGHAM NHS FOUNDATION TRUST,C_330,Dermatology Service,4979,10.2,
2024-05|RRK|C_340,2024-05,RRK,UNIVERSITY HOSPITALS BIRMINGHAM NHS FOUNDATION TRUST,C_340,Respiratory Medicine Service,5753,20.3,
2024-05|RRK|C_400,2024-05,RRK,UNIVERSITY HOSPITALS BIRMINGHAM NHS FOUNDATION TRUST,C_400,Neurology Service,4293,17.7,
2024-05|RRK|C_410,2024-05,RRK,UNIVERSITY HOSPITALS BIRMINGHAM NHS FOUNDATION TRUST,C_410,Rheumatology Service,929,7.6,
2024-05|RRK|C_430,2024-05,RRK,UNIVERSITY HOSPITALS BIRMINGHAM NHS FOUNDATION TRUST,C_430,Elderly Medicine Service,138,3.7,
2024-05|RRK|C_502,2024-05,RRK,UNIVERSITY HOSPITALS BIRMINGHAM NHS FOUNDATION TRUST,C_502,Gynaecology Service,7969,20.9,
2024-05|RRK|C_999,2024-05,RRK,UNIVERSITY HOSPITALS BIRMINGHAM NHS FOUNDATION TRUST,C_999,Total,129849,17.9,
2024-05|RRK|X02,2024-05,RRK,UNIVERSITY HOSPITALS BIRMINGHAM NHS FOUNDATION TRUST,X02,Other - Medical Services,18653,16.8,
2024-05|RRK|X03,2024-05,RRK,UNIVERSITY HOSPITALS BIRMINGHAM NHS FOUNDATION TRUST,X03,Other - Mental Health Services,18,5.0,
2024-05|RRK|X04,2024-05,RRK,UNIVERSITY HOSPITALS BIRMINGHAM NHS FOUNDATION TRUST,X04,Other - Paediatric Services,3960,20.0,
2024-05|RRK|X05,2024-05,RRK,UNIVERSITY HOSPITALS BIRMINGHAM NHS FOUNDATION TRUST,X05,Other - Surgical Services,8525,16.2,
2024-05|RRK|X06,2024-05,RRK,UNIVERSITY HOSPITALS BIRMINGHAM NHS FOUNDATION TRUST,X06,Other - Other Services,2974,16.9,
2024-05|RRV|C_100,2024-05,RRV,UNIVERSITY COLLEGE LONDON HOSPITALS NHS FOUNDATION TRUST,C_100,General Surgery Service,117,11.9,
2024-05|RRV|C_101,2024-05,RRV,UNIVERSITY COLLEGE LONDON HOSPITALS NHS FOUNDATION TRUST,C_101,Urology Service,5184,18.0,
2024-05|RRV|C_110,2024-05,RRV,UNIVERSITY COLLEGE LONDON HOSPITALS NHS FOUNDATION TRUST,C_110,Trauma and Orthopaedic Service,4194,12.5,
2024-05|RRV|C_120,2024-05,RRV,UNIVERSITY COLLEGE LONDON HOSPITALS NHS FOUNDATION TRUST,C_120,Ear Nose and Throat Service,8303,19.7,
2024-05|RRV|C_140,2024-05,RRV,UNIVERSITY COLLEGE LONDON HOSPITALS NHS FOUNDATION TRUST,C_140,Oral Surgery Service,3347,10.5,
2024-05|RRV|C_150,2024-05,RRV,UNIVERSITY COLLEGE LONDON HOSPITALS NHS FOUNDATION TRUST,C_150,Neurosurgical Service,3614,14.8,
2024-05|RRV|C_170,2024-05,RRV,UNIVERSITY COLLEGE LONDON HOSPITALS NHS FOUNDATION TRUST,C_170,Cardiothoracic Surgery Service,47,2.5,
2024-05|RRV|C_300,2024-05,RRV,UNIVERSITY COLLEGE LONDON HOSPITALS NHS FOUNDATION TRUST,C_300,General Internal Medicine Service,2701,9.5,
2024-05|RRV|C_301,2024-05,RRV,UNIVERSITY COLLEGE LONDON HOSPITALS NHS FOUNDATION TRUST,C_301,Gastroenterology Service,2629,9.2,
2024-05|RRV|C_320,2024-05,RRV,UNIVERSITY COLLEGE LONDON HOSPITALS NHS FOUNDATION TRUST,C_320,Cardiology Service,1151,12.7,
2024-05|RRV|C_330,2024-05,RRV,UNIVERSITY COLLEGE LONDON HOSPITALS NHS FOUNDATION TRUST,C_330,Dermatology Service,2964,19.2,
2024-05|RRV|C_340,2024-05,RRV,UNIVERSITY COLLEGE LONDON HOSPITALS NHS FOUNDATION TRUST,C_340,Respiratory Medicine Service,903,9.3,
2024-05|RRV|C_400,2024-05,RRV,UNIVERSITY COLLEGE LONDON HOSPITALS NHS FOUNDATION TRUST,C_400,Neurology Service,5091,12.8,
2024-05|RRV|C_410,2024-05,RRV,UNIVERSITY COLLEGE LONDON HOSPITALS NHS FOUNDATION TRUST,C_410,Rheumatology Service,1418,13.8,
2024-05|RRV|C_430,2024-05,RRV,UNIVERSITY COLLEGE LONDON HOSPITALS NHS FOUNDATION TRUST,C_430,Elderly Medicine Service,64,5.4,
2024-05|RRV|C_502,2024-05,RRV,UNIVERSITY COLLEGE LONDON HOSPITALS NHS FOUNDATION TRUST,C_502,Gynaecology Service,5755,17.0,
2024-05|RRV|C_999,2024-05,RRV,UNIVERSITY COLLEGE LONDON HOSPITALS NHS FOUNDATION TRUST,C_999,Total,73609,14.0,
2024-05|RRV|X02,2024-05,RRV,UNIVERSITY COLLEGE LONDON HOSPITALS NHS FOUNDATION TRUST,X02,Other - Medical Services,10744,13.8,
2024-05|RRV|X03,2024-05,RRV,UNIVERSITY COLLEGE LONDON HOSPITALS NHS FOUNDATION TRUST,X03,Other - Mental Health Services,584,11.6,
2024-05|RRV|X04,2024-05,RRV,UNIVERSITY COLLEGE LONDON HOSPITALS NHS FOUNDATION TRUST,X04,Other - Paediatric Services,5873,15.6,
2024-05|RRV|X05,2024-05,RRV,UNIVERSITY COLLEGE LONDON HOSPITALS NHS FOUNDATION TRUST,X05,Other - Surgical Services,7862,12.4,
2024-05|RRV|X06,2024-05,RRV,UNIVERSITY COLLEGE LONDON HOSPITALS NHS FOUNDATION TRUST,X06,Other - Other Services,1064,8.7,
2024-05|RT1|C_999,2024-05,RT1,CAMBRIDGESHIRE AND PETERBOROUGH NHS FOUNDATION TRUST,C_999,Total,321,21.1,
2024-05|RT1|X06,2024-05,RT1,CAMBRIDGESHIRE AND PETERBOROUGH NHS FOUNDATION TRUST,X06,Other - Other Services,321,21.1,
2024-05|RTD|C_100,2024-05,RTD,THE NEWCASTLE UPON TYNE HOSPITALS NHS FOUNDATION TRUST,C_100,General Surgery Service,794,10.1,
2024-05|RTD|C_101,2024-05,RTD,THE NEWCASTLE UPON TYNE HOSPITALS NHS FOUNDATION TRUST,C_101,Urology Service,3010,9.3,
2024-05|RTD|C_110,2024-05,RTD,THE NEWCASTLE UPON TYNE HOSPITALS NHS FOUNDATION TRUST,C_110,Trauma and Orthopaedic Service,8478,14.4,
2024-05|RTD|C_120,2024-05,RTD,THE NEWCASTLE UPON TYNE HOSPITALS NHS FOUNDATION TRUST,C_120,Ear Nose and Throat Service,11570,14.6,
2024-05|RTD|C_130,2024-05,RTD,THE NEWCASTLE UPON TYNE HOSPITALS NHS FOUNDATION TRUST,C_130,Ophthalmology Service,10230,9.8,
2024-05|RTD|C_140,2024-05,RTD,THE NEWCASTLE UPON TYNE HOSPITALS NHS FOUNDATION TRUST,C_140,Oral Surgery Service,1957,12.8,
2024-05|RTD|C_150,2024-05,RTD,THE NEWCASTLE UPON TYNE HOSPITALS NHS FOUNDATION TRUST,C_150,Neurosurgical Service,997,10.1,
2024-05|RTD|C_160,2024-05,RTD,THE NEWCASTLE UPON TYNE HOSPITALS NHS FOUNDATION TRUST,C_160,Plastic Surgery Service,1715,12.6,
2024-05|RTD|C_170,2024-05,RTD,THE NEWCASTLE UPON TYNE HOSPITALS NHS FOUNDATION TRUST,C_170,Cardiothoracic Surgery Service,81,8.6,
2024-05|RTD|C_300,2024-05,RTD,THE NEWCASTLE UPON TYNE HOSPITALS NHS FOUNDATION TRUST,C_300,General Internal Medicine Service,1084,11.5,
2024-05|RTD|C_301,2024-05,RTD,THE NEWCASTLE UPON TYNE HOSPITALS NHS FOUNDATION TRUST,C_301,Gastroenterology Service,1241,10.7,
2024-05|RTD|C_320,2024-05,RTD,THE NEWCASTLE UPON TYNE HOSPITALS NHS FOUNDATION TRUST,C_320,Cardiology Service,3775,8.4,
2024-05|RTD|C_330,2024-05,RTD,THE NEWCASTLE UPON TYNE HOSPITALS NHS FOUNDATION TRUST,C_330,Dermatology Service,8642,12.3,
2024-05|RTD|C_340,2024-05,RTD,THE NEWCASTLE UPON TYNE HOSPITALS NHS FOUNDATION TRUST,C_340,Respiratory Medicine Service,1572,10.2,
2024-05|RTD|C_400,2024-05,RTD,THE NEWCASTLE UPON TYNE HOSPITALS NHS FOUNDATION TRUST,C_400,Neurology Service,1780,7.7,
2024-05|RTD|C_410,2024-05,RTD,THE NEWCASTLE UPON TYNE HOSPITALS NHS FOUNDATION TRUST,C_410,Rheumatology Service,992,13.8,
2024-05|RTD|C_430,2024-05,RTD,THE NEWCASTLE UPON TYNE HOSPITALS NHS FOUNDATION TRUST,C_430,Elderly Medicine Service,434,9.2,
2024-05|RTD|C_502,2024-05,RTD,THE NEWCASTLE UPON TYNE HOSPITALS NHS FOUNDATION TRUST,C_502,Gynaecology Service,5674,13.6,
2024-05|RTD|C_999,2024-05,RTD,THE NEWCASTLE UPON TYNE HOSPITALS NHS FOUNDATION TRUST,C_999,Total,100930,11.2,
2024-05|RTD|X02,2024-05,RTD,THE NEWCASTLE UPON TYNE HOSPITALS NHS FOUNDATION TRUST,X02,Other - Medical Services,12088,10.2,
2024-05|RTD|X03,2024-05,RTD,THE NEWCASTLE UPON TYNE HOSPITALS NHS FOUNDATION TRUST,X03,Other - Mental Health Services,389,5.1,
2024-05|RTD|X04,2024-05,RTD,THE NEWCASTLE UPON TYNE HOSPITALS NHS FOUNDATION TRUST,X04,Other - Paediatric Services,8758,9.1,
2024-05|RTD|X05,2024-05,RTD,THE NEWCASTLE UPON TYNE HOSPITALS NHS FOUNDATION TRUST,X05,Other - Surgical Services,10047,11.9,
2024-05|RTD|X06,2024-05,RTD,THE NEWCASTLE UPON TYNE HOSPITALS NHS FOUNDATION TRUST,X06,Other - Other Services,5622,10.2,
2024-05|RTE|C_100,2024-05,RTE,GLOUCESTERSHIRE HOSPITALS NHS FOUNDATION TRUST,C_100,General Surgery Service,60,11.5,
2024-05|RTE|C_101,2024-05,RTE,GLOUCESTERSHIRE HOSPITALS NHS FOUNDATION TRUST,C_101,Urology Service,3658,9.2,
2024-05|RTE|C_110,2024-05,RTE,GLOUCESTERSHIRE HOSPITALS NHS FOUNDATION TRUST,C_110,Trauma and Orthopaedic Service,8204,16.0,
2024-05|RTE|C_120,2024-05,RTE,GLOUCESTERSHIRE HOSPITALS NHS FOUNDATION TRUST,C_120,Ear Nose and Throat Service,8065,24.0,
2024-05|RTE|C_130,2024-05,RTE,GLOUCESTERSHIRE HOSPITALS NHS FOUNDATION TRUST,C_130,Ophthalmology Service,4250,12.1,
2024-05|RTE|C_140,2024-05,RTE,GLOUCESTERSHIRE HOSPITALS NHS FOUNDATION TRUST,C_140,Oral Surgery Service,4854,28.5,
2024-05|RTE|C_170,2024-05,RTE,GLOUCESTERSHIRE HOSPITALS NHS FOUNDATION TRUST,C_170,Cardiothoracic Surgery Service,7,2.5,
2024-05|RTE|C_300,2024-05,RTE,GLOUCESTERSHIRE HOSPITALS NHS FOUNDATION TRUST,C_300,General Internal Medicine Service,297,7.7,
2024-05|RTE|C_301,2024-05,RTE,GLOUCESTERSHIRE HOSPITALS NHS FOUNDATION TRUST,C_301,Gastroenterology Service,3938,7.9,
2024-05|RTE|C_320,2024-05,RTE,GLOUCESTERSHIRE HOSPITALS NHS FOUNDATION TRUST,C_320,Cardiology Service,7016,10.2,
2024-05|RTE|C_330,2024-05,RTE,GLOUCESTERSHIRE HOSPITALS NHS FOUNDATION TRUST,C_330,Dermatology Service,4441,12.9,
2024-05|RTE|C_340,2024-05,RTE,GLOUCESTERSHIRE HOSPITALS NHS FOUNDATION TRUST,C_340,Respiratory Medicine Service,1250,10.5,
2024-05|RTE|C_400,2024-05,RTE,GLOUCESTERSHIRE HOSPITALS NHS FOUNDATION TRUST,C_400,Neurology Service,2354,14.1,
2024-05|RTE|C_410,2024-05,RTE,GLOUCESTERSHIRE HOSPITALS NHS FOUNDATION TRUST,C_410,Rheumatology Service,1094,12.6,
2024-05|RTE|C_430,2024-05,RTE,GLOUCESTERSHIRE HOSPITALS NHS FOUNDATION TRUST,C_430,Elderly Medicine Service,250,9.3,
2024-05|RTE|C_502,2024-05,RTE,GLOUCESTERSHIRE HOSPITALS NHS FOUNDATION TRUST,C_502,Gynaecology Service,3091,10.3,
2024-05|RTE|C_999,2024-05,RTE,GLOUCESTERSHIRE HOSPITALS NHS FOUNDATION TRUST,C_999,Total,70372,12.1,
2024-05|RTE|X02,2024-05,RTE,GLOUCESTERSHIRE HOSPITALS NHS FOUNDATION TRUST,X02,Other - Medical Services,8285,7.5,
2024-05|RTE|X04,2024-05,RTE,GLOUCESTERSHIRE HOSPITALS NHS FOUNDATION TRUST,X04,Other - Paediatric Services,1273,12.9,
2024-05|RTE|X05,2024-05,RTE,GLOUCESTERSHIRE HOSPITALS NHS FOUNDATION TRUST,X05,Other - Surgical Services,7235,10.9,
2024-05|RTE|X06,2024-05,RTE,GLOUCESTERSHIRE HOSPITALS NHS FOUNDATION TRUST,X06,Other - Other Services,750,6.1,
2024-05|RTF|C_100,2024-05,RTF,NORTHUMBRIA HEALTHCARE NHS FOUNDATION TRUST,C_100,General Surgery Service,6450,9.1,
2024-05|RTF|C_101,2024-05,RTF,NORTHUMBRIA HEALTHCARE NHS FOUNDATION TRUST,C_101,Urology Service,3103,10.5,
2024-05|RTF|C_110,2024-05,RTF,NORTHUMBRIA HEALTHCARE NHS FOUNDATION TRUST,C_110,Trauma and Orthopaedic Service,8431,13.6,
2024-05|RTF|C_140,2024-05,RTF,NORTHUMBRIA HEALTHCARE NHS FOUNDATION TRUST,C_140,Oral Surgery Service,1419,13.8,
2024-05|RTF|C_160,2024-05,RTF,NORTHUMBRIA HEALTHCARE NHS FOUNDATION TRUST,C_160,Plastic Surgery Service,1585,13.9,
2024-05|RTF|C_300,2024-05,RTF,NORTHUMBRIA HEALTHCARE NHS FOUNDATION TRUST,C_300,General Internal Medicine Service,1361,7.1,
2024-05|RTF|C_301,2024-05,RTF,NORTHUMBRIA HEALTHCARE NHS FOUNDATION TRUST,C_301,Gastroenterology Service,1658,8.2,
2024-05|RTF|C_320,2024-05,RTF,NORTHUMBRIA HEALTHCARE NHS FOUNDATION TRUST,C_320,Cardiology Service,1818,7.3,
2024-05|RTF|C_340,2024-05,RTF,NORTHUMBRIA HEALTHCARE NHS FOUNDATION TRUST,C_340,Respiratory Medicine Service,2209,8.5,
2024-05|RTF|C_410,2024-05,RTF,NORTHUMBRIA HEALTHCARE NHS FOUNDATION TRUST,C_410,Rheumatology Service,1029,10.5,
2024-05|RTF|C_430,2024-05,RTF,NORTHUMBRIA HEALTHCARE NHS FOUNDATION TRUST,C_430,Elderly Medicine Service,792,5.3,
2024-05|RTF|C_502,2024-05,RTF,NORTHUMBRIA HEALTHCARE NHS FOUNDATION TRUST,C_502,Gynaecology Service,3360,10.2,
2024-05|RTF|C_999,2024-05,RTF,NORTHUMBRIA HEALTHCARE NHS FOUNDATION TRUST,C_999,Total,35195,10.1,
2024-05|RTF|X06,2024-05,RTF,NORTHUMBRIA HEALTHCARE NHS FOUNDATION TRUST,X06,Other - Other Services,1980,6.9,
2024-05|RTG|C_100,2024-05,RTG,UNIVERSITY HOSPITALS OF DERBY AND BURTON NHS FOUNDATION TRUST,C_100,General Surgery Service,5877,17.4,
2024-05|RTG|C_101,2024-05,RTG,UNIVERSITY HOSPITALS OF DERBY AND BURTON NHS FOUNDATION TRUST,C_101,Urology Service,4466,16.1,
2024-05|RTG|C_110,2024-05,RTG,UNIVERSITY HOSPITALS OF DERBY AND BURTON NHS FOUNDATION TRUST,C_110,Trauma and Orthopaedic Service,16139,19.1,
2024-05|RTG|C_120,2024-05,RTG,UNIVERSITY HOSPITALS OF DERBY AND BURTON NHS FOUNDATION TRUST,C_120,Ear Nose and Throat Service,9863,19.5,
2024-05|RTG|C_130,2024-05,RTG,UNIVERSITY HOSPITALS OF DERBY AND BURTON NHS FOUNDATION TRUST,C_130,Ophthalmology Service,10699,14.4,
2024-05|RTG|C_140,2024-05,RTG,UNIVERSITY HOSPITALS OF DERBY AND BURTON NHS FOUNDATION TRUST,C_140,Oral Surgery Service,2077,11.1,
2024-05|RTG|C_150,2024-05,RTG,UNIVERSITY HOSPITALS OF DERBY AND BURTON NHS FOUNDATION TRUST,C_150,Neurosurgical Service,190,25.5,
2024-05|RTG|C_160,2024-05,RTG,UNIVERSITY HOSPITALS OF DERBY AND BURTON NHS FOUNDATION TRUST,C_160,Plastic Surgery Service,499,12.9,
2024-05|RTG|C_170,2024-05,RTG,UNIVERSITY HOSPITALS OF DERBY AND BURTON NHS FOUNDATION TRUST,C_170,Cardiothoracic Surgery Service,26,26.3,
2024-05|RTG|C_300,2024-05,RTG,UNIVERSITY HOSPITALS OF DERBY AND BURTON NHS FOUNDATION TRUST,C_300,General Internal Medicine Service,3,4.5,
2024-05|RTG|C_301,2024-05,RTG,UNIVERSITY HOSPITALS OF DERBY AND BURTON NHS FOUNDATION TRUST,C_301,Gastroenterology Service,4255,14.5,
2024-05|RTG|C_320,2024-05,RTG,UNIVERSITY HOSPITALS OF DERBY AND BURTON NHS FOUNDATION TRUST,C_320,Cardiology Service,4400,15.3,
2024-05|RTG|C_330,2024-05,RTG,UNIVERSITY HOSPITALS OF DERBY AND BURTON NHS FOUNDATION TRUST,C_330,Dermatology Service,6612,14.7,
2024-05|RTG|C_340,2024-05,RTG,UNIVERSITY HOSPITALS OF DERBY AND BURTON NHS FOUNDATION TRUST,C_340,Respiratory Medicine Service,1591,10.9,
2024-05|RTG|C_400,2024-05,RTG,UNIVERSITY HOSPITALS OF DERBY AND BURTON NHS FOUNDATION TRUST,C_400,Neurology Service,3318,16.8,
2024-05|RTG|C_410,2024-05,RTG,UNIVERSITY HOSPITALS OF DERBY AND BURTON NHS FOUNDATION TRUST,C_410,Rheumatology Service,2877,17.4,
2024-05|RTG|C_430,2024-05,RTG,UNIVERSITY HOSPITALS OF DERBY AND BURTON NHS FOUNDATION TRUST,C_430,Elderly Medicine Service,333,6.7,
2024-05|RTG|C_502,2024-05,RTG,UNIVERSITY HOSPITALS OF DERBY AND BURTON NHS FOUNDATION TRUST,C_502,Gynaecology Service,9503,16.6,
2024-05|RTG|C_999,2024-05,RTG,UNIVERSITY HOSPITALS OF DERBY AND BURTON NHS FOUNDATION TRUST,C_999,Total,106758,16.1,
2024-05|RTG|X02,2024-05,RTG,UNIVERSITY HOSPITALS OF DERBY AND BURTON NHS FOUNDATION TRUST,X02,Other - Medical Services,11400,14.6,
2024-05|RTG|X04,2024-05,RTG,UNIVERSITY HOSPITALS OF DERBY AND BURTON NHS FOUNDATION TRUST,X04,Other - Paediatric Services,4100,19.0,
2024-05|RTG|X05,2024-05,RTG,UNIVERSITY HOSPITALS OF DERBY AND BURTON NHS FOUNDATION TRUST,X05,Other - Surgical Services,6988,15.4,
2024-05|RTG|X06,2024-05,RTG,UNIVERSITY HOSPITALS OF DERBY AND BURTON NHS FOUNDATION TRUST,X06,Other - Other Services,1542,9.4,
2024-05|RTH|C_100,2024-05,RTH,OXFORD UNIVERSITY HOSPITALS NHS FOUNDATION TRUST,C_100,General Surgery Service,1878,13.8,
2024-05|RTH|C_101,2024-05,RTH,OXFORD UNIVERSITY HOSPITALS NHS FOUNDATION TRUST,C_101,Urology Service,5082,17.8,
2024-05|RTH|C_110,2024-05,RTH,OXFORD UNIVERSITY HOSPITALS NHS FOUNDATION TRUST,C_110,Trauma and Orthopaedic Service,7951,24.7,
2024-05|RTH|C_120,2024-05,RTH,OXFORD UNIVERSITY HOSPITALS NHS FOUNDATION TRUST,C_120,Ear Nose and Throat Service,5423,17.0,
2024-05|RTH|C_130,2024-05,RTH,OXFORD UNIVERSITY HOSPITALS NHS FOUNDATION TRUST,C_130,Ophthalmology Service,6417,15.5,
2024-05|RTH|C_140,2024-05,RTH,OXFORD UNIVERSITY HOSPITALS NHS FOUNDATION TRUST,C_140,Oral Surgery Service,2433,24.4,
2024-05|RTH|C_150,2024-05,RTH,OXFORD UNIVERSITY HOSPITALS NHS FOUNDATION TRUST,C_150,Neurosurgical Service,1220,12.6,
2024-05|RTH|C_160,2024-05,RTH,OXFORD UNIVERSITY HOSPITALS NHS FOUNDATION TRUST,C_160,Plastic Surgery Service,2212,19.7,
2024-05|RTH|C_170,2024-05,RTH,OXFORD UNIVERSITY HOSPITALS NHS FOUNDATION TRUST,C_170,Cardiothoracic Surgery Service,318,8.5,
2024-05|RTH|C_300,2024-05,RTH,OXFORD UNIVERSITY HOSPITALS NHS FOUNDATION TRUST,C_300,General Internal Medicine Service,64,6.0,
2024-05|RTH|C_301,2024-05,RTH,OXFORD UNIVERSITY HOSPITALS NHS FOUNDATION TRUST,C_301,Gastroenterology Service,2559,10.6,
2024-05|RTH|C_320,2024-05,RTH,OXFORD UNIVERSITY HOSPITALS NHS FOUNDATION TRUST,C_320,Cardiology Service,3143,9.8,
2024-05|RTH|C_330,2024-05,RTH,OXFORD UNIVERSITY HOSPITALS NHS FOUNDATION TRUST,C_330,Dermatology Service,6152,15.2,
2024-05|RTH|C_340,2024-05,RTH,OXFORD UNIVERSITY HOSPITALS NHS FOUNDATION TRUST,C_340,Respiratory Medicine Service,1262,7.4,
2024-05|RTH|C_400,2024-05,RTH,OXFORD UNIVERSITY HOSPITALS NHS FOUNDATION TRUST,C_400,Neurology Service,3434,16.1,
2024-05|RTH|C_410,2024-05,RTH,OXFORD UNIVERSITY HOSPITALS NHS FOUNDATION TRUST,C_410,Rheumatology Service,2150,13.5,
2024-05|RTH|C_430,2024-05,RTH,OXFORD UNIVERSITY HOSPITALS NHS FOUNDATION TRUST,C_430,Elderly Medicine Service,269,5.5,
2024-05|RTH|C_502,2024-05,RTH,OXFORD UNIVERSITY HOSPITALS NHS FOUNDATION TRUST,C_502,Gynaecology Service,5298,14.2,
2024-05|RTH|C_999,2024-05,RTH,OXFORD UNIVERSITY HOSPITALS NHS FOUNDATION TRUST,C_999,Total,82986,14.6,
2024-05|RTH|X02,2024-05,RTH,OXFORD UNIVERSITY HOSPITALS NHS FOUNDATION TRUST,X02,Other - Medical Services,12297,11.1,
2024-05|RTH|X03,2024-05,RTH,OXFORD UNIVERSITY HOSPITALS NHS FOUNDATION TRUST,X03,Other - Mental Health Services,12,4.0,
2024-05|RTH|X04,2024-05,RTH,OXFORD UNIVERSITY HOSPITALS NHS FOUNDATION TRUST,X04,Other - Paediatric Services,7281,14.3,
2024-05|RTH|X05,2024-05,RTH,OXFORD UNIVERSITY HOSPITALS NHS FOUNDATION TRUST,X05,Other - Surgical Services,4532,12.8,
2024-05|RTH|X06,2024-05,RTH,OXFORD UNIVERSITY HOSPITALS NHS FOUNDATION TRUST,X06,Other - Other Services,1599,12.2,
2024-05|RTK|C_100,2024-05,RTK,ASHFORD AND ST PETER'S HOSPITALS NHS FOUNDATION TRUST,C_100,General Surgery Service,755,17.4,
2024-05|RTK|C_101,2024-05,RTK,ASHFORD AND ST PETER'S HOSPITALS NHS FOUNDATION TRUST,C_101,Urology Service,1616,18.1,
2024-05|RTK|C_110,2024-05,RTK,ASHFORD AND ST PETER'S HOSPITALS NHS FOUNDATION TRUST,C_110,Trauma and Orthopaedic Service,6233,9.6,
2024-05|RTK|C_120,2024-05,RTK,ASHFORD AND ST PETER'S HOSPITALS NHS FOUNDATION TRUST,C_120,Ear Nose and Throat Service,4223,16.7,
2024-05|RTK|C_130,2024-05,RTK,ASHFORD AND ST PETER'S HOSPITALS NHS FOUNDATION TRUST,C_130,Ophthalmology Service,5469,11.3,
2024-05|RTK|C_140,2024-05,RTK,ASHFORD AND ST PETER'S HOSPITALS NHS FOUNDATION TRUST,C_140,Oral Surgery Service,2764,16.1,
2024-05|RTK|C_150,2024-05,RTK,ASHFORD AND ST PETER'S HOSPITALS NHS FOUNDATION TRUST,C_150,Neurosurgical Service,1,41.5,
2024-05|RTK|C_160,2024-05,RTK,ASHFORD AND ST PETER'S HOSPITALS NHS FOUNDATION TRUST,C_160,Plastic Surgery Service,24,3.0,
2024-05|RTK|C_170,2024-05,RTK,ASHFORD AND ST PETER'S HOSPITALS NHS FOUNDATION TRUST,C_170,Cardiothoracic Surgery Service,19,11.8,
2024-05|RTK|C_300,2024-05,RTK,ASHFORD AND ST PETER'S HOSPITALS NHS FOUNDATION TRUST,C_300,General Internal Medicine Service,210,13.3,
2024-05|RTK|C_301,2024-05,RTK,ASHFORD AND ST PETER'S HOSPITALS NHS FOUNDATION TRUST,C_301,Gastroenterology Service,4458,16.9,
2024-05|RTK|C_320,2024-05,RTK,ASHFORD AND ST PETER'S HOSPITALS NHS FOUNDATION TRUST,C_320,Cardiology Service,2366,13.1,
2024-05|RTK|C_330,2024-05,RTK,ASHFORD AND ST PETER'S HOSPITALS NHS FOUNDATION TRUST,C_330,Dermatology Service,4865,16.5,
2024-05|RTK|C_340,2024-05,RTK,ASHFORD AND ST PETER'S HOSPITALS NHS FOUNDATION TRUST,C_340,Respiratory Medicine Service,1932,13.5,
2024-05|RTK|C_400,2024-05,RTK,ASHFORD AND ST PETER'S HOSPITALS NHS FOUNDATION TRUST,C_400,Neurology Service,372,31.3,
2024-05|RTK|C_410,2024-05,RTK,ASHFORD AND ST PETER'S HOSPITALS NHS FOUNDATION TRUST,C_410,Rheumatology Service,226,3.9,
2024-05|RTK|C_430,2024-05,RTK,ASHFORD AND ST PETER'S HOSPITALS NHS FOUNDATION TRUST,C_430,Elderly Medicine Service,224,12.8,
2024-05|RTK|C_502,2024-05,RTK,ASHFORD AND ST PETER'S HOSPITALS NHS FOUNDATION TRUST,C_502,Gynaecology Service,2857,17.5,
2024-05|RTK|C_999,2024-05,RTK,ASHFORD AND ST PETER'S HOSPITALS NHS FOUNDATION TRUST,C_999,Total,56551,14.2,
2024-05|RTK|X02,2024-05,RTK,ASHFORD AND ST PETER'S HOSPITALS NHS FOUNDATION TRUST,X02,Other - Medical Services,3396,18.6,
2024-05|RTK|X03,2024-05,RTK,ASHFORD AND ST PETER'S HOSPITALS NHS FOUNDATION TRUST,X03,Other - Mental Health Services,6,7.0,
2024-05|RTK|X04,2024-05,RTK,ASHFORD AND ST PETER'S HOSPITALS NHS FOUNDATION TRUST,X04,Other - Paediatric Services,2872,12.7,
2024-05|RTK|X05,2024-05,RTK,ASHFORD AND ST PETER'S HOSPITALS NHS FOUNDATION TRUST,X05,Other - Surgical Services,8233,19.8,
2024-05|RTK|X06,2024-05,RTK,ASHFORD AND ST PETER'S HOSPITALS NHS FOUNDATION TRUST,X06,Other - Other Services,3430,5.4,
2024-05|RTP|C_100,2024-05,RTP,SURREY AND SUSSEX HEALTHCARE NHS TRUST,C_100,General Surgery Service,1532,22.5,
2024-05|RTP|C_101,2024-05,RTP,SURREY AND SUSSEX HEALTHCARE NHS TRUST,C_101,Urology Service,2285,12.3,
2024-05|RTP|C_110,2024-05,RTP,SURREY AND SUSSEX HEALTHCARE NHS TRUST,C_110,Trauma and Orthopaedic Service,2053,18.1,
2024-05|RTP|C_120,2024-05,RTP,SURREY AND SUSSEX HEALTHCARE NHS TRUST,C_120,Ear Nose and Throat Service,6504,15.9,
2024-05|RTP|C_130,2024-05,RTP,SURREY AND SUSSEX HEALTHCARE NHS TRUST,C_130,Ophthalmology Service,3863,11.4,
2024-05|RTP|C_140,2024-05,RTP,SURREY AND SUSSEX HEALTHCARE NHS TRUST,C_140,Oral Surgery Service,1482,13.4,
2024-05|RTP|C_300,2024-05,RTP,SURREY AND SUSSEX HEALTHCARE NHS TRUST,C_300,General Internal Medicine Service,26,5.0,
2024-05|RTP|C_301,2024-05,RTP,SURREY AND SUSSEX HEALTHCARE NHS TRUST,C_301,Gastroenterology Service,2880,12.8,
2024-05|RTP|C_320,2024-05,RTP,SURREY AND SUSSEX HEALTHCARE NHS TRUST,C_320,Cardiology Service,3428,12.1,
2024-05|RTP|C_330,2024-05,RTP,SURREY AND SUSSEX HEALTHCARE NHS TRUST,C_330,Dermatology Service,3200,15.3,
2024-05|RTP|C_340,2024-05,RTP,SURREY AND SUSSEX HEALTHCARE NHS TRUST,C_340,Respiratory Medicine Service,1215,10.7,
2024-05|RTP|C_400,2024-05,RTP,SURREY AND SUSSEX HEALTHCARE NHS TRUST,C_400,Neurology Service,1529,15.6,
2024-05|RTP|C_410,2024-05,RTP,SURREY AND SUSSEX HEALTHCARE NHS TRUST,C_410,Rheumatology Service,503,10.2,
2024-05|RTP|C_430,2024-05,RTP,SURREY AND SUSSEX HEALTHCARE NHS TRUST,C_430,Elderly Medicine Service,218,9.1,
2024-05|RTP|C_502,2024-05,RTP,SURREY AND SUSSEX HEALTHCARE NHS TRUST,C_502,Gynaecology Service,3569,13.5,
2024-05|RTP|C_999,2024-05,RTP,SURREY AND SUSSEX HEALTHCARE NHS TRUST,C_999,Total,47808,14.3,
2024-05|RTP|X02,2024-05,RTP,SURREY AND SUSSEX HEALTHCARE NHS TRUST,X02,Other - Medical Services,3347,14.6,
2024-05|RTP|X04,2024-05,RTP,SURREY AND SUSSEX HEALTHCARE NHS TRUST,X04,Other - Paediatric Services,2642,14.9,
2024-05|RTP|X05,2024-05,RTP,SURREY AND SUSSEX HEALTHCARE NHS TRUST,X05,Other - Surgical Services,5666,13.3,
2024-05|RTP|X06,2024-05,RTP,SURREY AND SUSSEX HEALTHCARE NHS TRUST,X06,Other - Other Services,1866,20.5,
2024-05|RTR|C_100,2024-05,RTR,SOUTH TEES HOSPITALS NHS FOUNDATION TRUST,C_100,General Surgery Service,1598,11.5,
2024-05|RTR|C_101,2024-05,RTR,SOUTH TEES HOSPITALS NHS FOUNDATION TRUST,C_101,Urology Service,4233,14.2,
2024-05|RTR|C_110,2024-05,RTR,SOUTH TEES HOSPITALS NHS FOUNDATION TRUST,C_110,Trauma and Orthopaedic Service,5808,15.8,
2024-05|RTR|C_120,2024-05,RTR,SOUTH TEES HOSPITALS NHS FOUNDATION TRUST,C_120,Ear Nose and Throat Service,6537,16.4,
2024-05|RTR|C_130,2024-05,RTR,SOUTH TEES HOSPITALS NHS FOUNDATION TRUST,C_130,Ophthalmology Service,4062,11.8,
2024-05|RTR|C_140,2024-05,RTR,SOUTH TEES HOSPITALS NHS FOUNDATION TRUST,C_140,Oral Surgery Service,144,16.5,
2024-05|RTR|C_150,2024-05,RTR,SOUTH TEES HOSPITALS NHS FOUNDATION TRUST,C_150,Neurosurgical Service,1194,10.3,
2024-05|RTR|C_160,2024-05,RTR,SOUTH TEES HOSPITALS NHS FOUNDATION TRUST,C_160,Plastic Surgery Service,2223,12.9,
2024-05|RTR|C_170,2024-05,RTR,SOUTH TEES HOSPITALS NHS FOUNDATION TRUST,C_170,Cardiothoracic Surgery Service,174,7.1,
2024-05|RTR|C_300,2024-05,RTR,SOUTH TEES HOSPITALS NHS FOUNDATION TRUST,C_300,General Internal Medicine Service,118,3.9,
2024-05|RTR|C_301,2024-05,RTR,SOUTH TEES HOSPITALS NHS FOUNDATION TRUST,C_301,Gastroenterology Service,1612,7.9,
2024-05|RTR|C_320,2024-05,RTR,SOUTH TEES HOSPITALS NHS FOUNDATION TRUST,C_320,Cardiology Service,1650,8.7,
2024-05|RTR|C_330,2024-05,RTR,SOUTH TEES HOSPITALS NHS FOUNDATION TRUST,C_330,Dermatology Service,2619,13.8,
2024-05|RTR|C_340,2024-05,RTR,SOUTH TEES HOSPITALS NHS FOUNDATION TRUST,C_340,Respiratory Medicine Service,944,6.7,
2024-05|RTR|C_400,2024-05,RTR,SOUTH TEES HOSPITALS NHS FOUNDATION TRUST,C_400,Neurology Service,3935,22.9,
2024-05|RTR|C_410,2024-05,RTR,SOUTH TEES HOSPITALS NHS FOUNDATION TRUST,C_410,Rheumatology Service,1299,13.4,
2024-05|RTR|C_430,2024-05,RTR,SOUTH TEES HOSPITALS NHS FOUNDATION TRUST,C_430,Elderly Medicine Service,33,3.6,
2024-05|RTR|C_502,2024-05,RTR,SOUTH TEES HOSPITALS NHS FOUNDATION TRUST,C_502,Gynaecology Service,3302,12.9,
2024-05|RTR|C_999,2024-05,RTR,SOUTH TEES HOSPITALS NHS FOUNDATION TRUST,C_999,Total,56313,13.6,
2024-05|RTR|X02,2024-05,RTR,SOUTH TEES HOSPITALS NHS FOUNDATION TRUST,X02,Other - Medical Services,4684,11.0,
2024-05|RTR|X04,2024-05,RTR,SOUTH TEES HOSPITALS NHS FOUNDATION TRUST,X04,Other - Paediatric Services,2149,14.6,
2024-05|RTR|X05,2024-05,RTR,SOUTH TEES HOSPITALS NHS FOUNDATION TRUST,X05,Other - Surgical Services,7297,17.3,
2024-05|RTR|X06,2024-05,RTR,SOUTH TEES HOSPITALS NHS FOUNDATION TRUST,X06,Other - Other Services,698,5.5,
2024-05|RTX|C_100,2024-05,RTX,UNIVERSITY HOSPITALS OF MORECAMBE BAY NHS FOUNDATION TRUST,C_100,General Surgery Service,2323,13.9,
2024-05|RTX|C_101,2024-05,RTX,UNIVERSITY HOSPITALS OF MORECAMBE BAY NHS FOUNDATION TRUST,C_101,Urology Service,2176,12.5,
2024-05|RTX|C_110,2024-05,RTX,UNIVERSITY HOSPITALS OF MORECAMBE BAY NHS FOUNDATION TRUST,C_110,Trauma and Orthopaedic Service,5348,17.6,
2024-05|RTX|C_120,2024-05,RTX,UNIVERSITY HOSPITALS OF MORECAMBE BAY NHS FOUNDATION TRUST,C_120,Ear Nose and Throat Service,3330,10.7,
2024-05|RTX|C_130,2024-05,RTX,UNIVERSITY HOSPITALS OF MORECAMBE BAY NHS FOUNDATION TRUST,C_130,Ophthalmology Service,3278,10.1,
2024-05|RTX|C_140,2024-05,RTX,UNIVERSITY HOSPITALS OF MORECAMBE BAY NHS FOUNDATION TRUST,C_140,Oral Surgery Service,1551,10.7,
2024-05|RTX|C_160,2024-05,RTX,UNIVERSITY HOSPITALS OF MORECAMBE BAY NHS FOUNDATION TRUST,C_160,Plastic Surgery Service,70,3.6,
2024-05|RTX|C_170,2024-05,RTX,UNIVERSITY HOSPITALS OF MORECAMBE BAY NHS FOUNDATION TRUST,C_170,Cardiothoracic Surgery Service,32,6.2,
2024-05|RTX|C_300,2024-05,RTX,UNIVERSITY HOSPITALS OF MORECAMBE BAY NHS FOUNDATION TRUST,C_300,General Internal Medicine Service,120,8.3,
2024-05|RTX|C_301,2024-05,RTX,UNIVERSITY HOSPITALS OF MORECAMBE BAY NHS FOUNDATION TRUST,C_301,Gastroenterology Service,1107,6.5,
2024-05|RTX|C_320,2024-05,RTX,UNIVERSITY HOSPITALS OF MORECAMBE BAY NHS FOUNDATION TRUST,C_320,Cardiology Service,898,7.5,
2024-05|RTX|C_330,2024-05,RTX,UNIVERSITY HOSPITALS OF MORECAMBE BAY NHS FOUNDATION TRUST,C_330,Dermatology Service,1478,5.0,
2024-05|RTX|C_340,2024-05,RTX,UNIVERSITY HOSPITALS OF MORECAMBE BAY NHS FOUNDATION TRUST,C_340,Respiratory Medicine Service,547,7.4,
2024-05|RTX|C_410,2024-05,RTX,UNIVERSITY HOSPITALS OF MORECAMBE BAY NHS FOUNDATION TRUST,C_410,Rheumatology Service,679,6.0,
2024-05|RTX|C_430,2024-05,RTX,UNIVERSITY HOSPITALS OF MORECAMBE BAY NHS FOUNDATION TRUST,C_430,Elderly Medicine Service,135,4.3,
2024-05|RTX|C_502,2024-05,RTX,UNIVERSITY HOSPITALS OF MORECAMBE BAY NHS FOUNDATION TRUST,C_502,Gynaecology Service,2282,11.8,
2024-05|RTX|C_999,2024-05,RTX,UNIVERSITY HOSPITALS OF MORECAMBE BAY NHS FOUNDATION TRUST,C_999,Total,31797,10.6,
2024-05|RTX|X02,2024-05,RTX,UNIVERSITY HOSPITALS OF MORECAMBE BAY NHS FOUNDATION TRUST,X02,Other - Medical Services,2475,11.0,
2024-05|RTX|X04,2024-05,RTX,UNIVERSITY HOSPITALS OF MORECAMBE BAY NHS FOUNDATION TRUST,X04,Other - Paediatric Services,1900,10.1,
2024-05|RTX|X05,2024-05,RTX,UNIVERSITY HOSPITALS OF MORECAMBE BAY NHS FOUNDATION TRUST,X05,Other - Surgical Services,1531,7.6,
2024-05|RTX|X06,2024-05,RTX,UNIVERSITY HOSPITALS OF MORECAMBE BAY NHS FOUNDATION TRUST,X06,Other - Other Services,537,4.3,
2024-05|RV3|C_999,2024-05,RV3,CENTRAL AND NORTH WEST LONDON NHS FOUNDATION TRUST,C_999,Total,1756,13.4,
2024-05|RV3|X04,2024-05,RV3,CENTRAL AND NORTH WEST LONDON NHS FOUNDATION TRUST,X04,Other - Paediatric Services,1756,13.4,
2024-05|RVJ|C_100,2024-05,RVJ,NORTH BRISTOL NHS TRUST,C_100,General Surgery Service,1040,19.3,
2024-05|RVJ|C_101,2024-05,RVJ,NORTH BRISTOL NHS TRUST,C_101,Urology Service,7710,15.0,
2024-05|RVJ|C_110,2024-05,RVJ,NORTH BRISTOL NHS TRUST,C_110,Trauma and Orthopaedic Service,5914,15.8,
2024-05|RVJ|C_150,2024-05,RVJ,NORTH BRISTOL NHS TRUST,C_150,Neurosurgical Service,1300,10.5,
2024-05|RVJ|C_160,2024-05,RVJ,NORTH BRISTOL NHS TRUST,C_160,Plastic Surgery Service,2730,11.5,
2024-05|RVJ|C_170,2024-05,RVJ,NORTH BRISTOL NHS TRUST,C_170,Cardiothoracic Surgery Service,11,1.5,
2024-05|RVJ|C_301,2024-05,RVJ,NORTH BRISTOL NHS TRUST,C_301,Gastroenterology Service,1057,14.2,
2024-05|RVJ|C_320,2024-05,RVJ,NORTH BRISTOL NHS TRUST,C_320,Cardiology Service,1912,10.2,
2024-05|RVJ|C_330,2024-05,RVJ,NORTH BRISTOL NHS TRUST,C_330,Dermatology Service,2730,17.1,
2024-05|RVJ|C_340,2024-05,RVJ,NORTH BRISTOL NHS TRUST,C_340,Respiratory Medicine Service,667,5.4,
2024-05|RVJ|C_400,2024-05,RVJ,NORTH BRISTOL NHS TRUST,C_400,Neurology Service,4006,14.8,
2024-05|RVJ|C_410,2024-05,RVJ,NORTH BRISTOL NHS TRUST,C_410,Rheumatology Service,586,5.2,
2024-05|RVJ|C_430,2024-05,RVJ,NORTH BRISTOL NHS TRUST,C_430,Elderly Medicine Service,206,6.4,
2024-05|RVJ|C_502,2024-05,RVJ,NORTH BRISTOL NHS TRUST,C_502,Gynaecology Service,6059,17.2,
2024-05|RVJ|C_999,2024-05,RVJ,NORTH BRISTOL NHS TRUST,C_999,Total,47114,13.2,
2024-05|RVJ|X02,2024-05,RVJ,NORTH BRISTOL NHS TRUST,X02,Other - Medical Services,5785,11.9,
2024-05|RVJ|X04,2024-05,RVJ,NORTH BRISTOL NHS TRUST,X04,Other - Paediatric Services,18,0.8,
2024-05|RVJ|X05,2024-05,RVJ,NORTH BRISTOL NHS TRUST,X05,Other - Surgical Services,5171,9.7,
2024-05|RVJ|X06,2024-05,RVJ,NORTH BRISTOL NHS TRUST,X06,Other - Other Services,212,5.4,
2024-05|RVR|C_100,2024-05,RVR,EPSOM AND ST HELIER UNIVERSITY HOSPITALS NHS TRUST,C_100,General Surgery Service,4140,13.3,
2024-05|RVR|C_101,2024-05,RVR,EPSOM AND ST HELIER UNIVERSITY HOSPITALS NHS TRUST,C_101,Urology Service,2167,12.3,
2024-05|RVR|C_110,2024-05,RVR,EPSOM AND ST HELIER UNIVERSITY HOSPITALS NHS TRUST,C_110,Trauma and Orthopaedic Service,6441,12.1,
2024-05|RVR|C_120,2024-05,RVR,EPSOM AND ST HELIER UNIVERSITY HOSPITALS NHS TRUST,C_120,Ear Nose and Throat Service,2364,10.3,
2024-05|RVR|C_130,2024-05,RVR,EPSOM AND ST HELIER UNIVERSITY HOSPITALS NHS TRUST,C_130,Ophthalmology Service,2849,7.4,
2024-05|RVR|C_140,2024-05,RVR,EPSOM AND ST HELIER UNIVERSITY HOSPITALS NHS TRUST,C_140,Oral Surgery Service,1399,8.6,
2024-05|RVR|C_160,2024-05,RVR,EPSOM AND ST HELIER UNIVERSITY HOSPITALS NHS TRUST,C_160,Plastic Surgery Service,131,17.7,
2024-05|RVR|C_300,2024-05,RVR,EPSOM AND ST HELIER UNIVERSITY HOSPITALS NHS TRUST,C_300,General Internal Medicine Service,183,11.6,
2024-05|RVR|C_301,2024-05,RVR,EPSOM AND ST HELIER UNIVERSITY HOSPITALS NHS TRUST,C_301,Gastroenterology Service,2771,13.8,
2024-05|RVR|C_320,2024-05,RVR,EPSOM AND ST HELIER UNIVERSITY HOSPITALS NHS TRUST,C_320,Cardiology Service,2991,15.0,
2024-05|RVR|C_330,2024-05,RVR,EPSOM AND ST HELIER UNIVERSITY HOSPITALS NHS TRUST,C_330,Dermatology Service,3481,13.9,
2024-05|RVR|C_340,2024-05,RVR,EPSOM AND ST HELIER UNIVERSITY HOSPITALS NHS TRUST,C_340,Respiratory Medicine Service,1240,12.2,
2024-05|RVR|C_400,2024-05,RVR,EPSOM AND ST HELIER UNIVERSITY HOSPITALS NHS TRUST,C_400,Neurology Service,1334,11.4,
2024-05|RVR|C_410,2024-05,RVR,EPSOM AND ST HELIER UNIVERSITY HOSPITALS NHS TRUST,C_410,Rheumatology Service,490,10.0,
2024-05|RVR|C_430,2024-05,RVR,EPSOM AND ST HELIER UNIVERSITY HOSPITALS NHS TRUST,C_430,Elderly Medicine Service,143,14.5,
2024-05|RVR|C_502,2024-05,RVR,EPSOM AND ST HELIER UNIVERSITY HOSPITALS NHS TRUST,C_502,Gynaecology Service,5541,14.5,
2024-05|RVR|C_999,2024-05,RVR,EPSOM AND ST HELIER UNIVERSITY HOSPITALS NHS TRUST,C_999,Total,49728,11.8,
2024-05|RVR|X02,2024-05,RVR,EPSOM AND ST HELIER UNIVERSITY HOSPITALS NHS TRUST,X02,Other - Medical Services,5009,9.7,
2024-05|RVR|X04,2024-05,RVR,EPSOM AND ST HELIER UNIVERSITY HOSPITALS NHS TRUST,X04,Other - Paediatric Services,5297,12.5,
2024-05|RVR|X05,2024-05,RVR,EPSOM AND ST HELIER UNIVERSITY HOSPITALS NHS TRUST,X05,Other - Surgical Services,866,18.2,
2024-05|RVR|X06,2024-05,RVR,EPSOM AND ST HELIER UNIVERSITY HOSPITALS NHS TRUST,X06,Other - Other Services,891,6.6,
2024-05|RVV|C_100,2024-05,RVV,EAST KENT HOSPITALS UNIVERSITY NHS FOUNDATION TRUST,C_100,General Surgery Service,10279,16.3,
2024-05|RVV|C_101,2024-05,RVV,EAST KENT HOSPITALS UNIVERSITY NHS FOUNDATION TRUST,C_101,Urology Service,4651,11.9,
2024-05|RVV|C_110,2024-05,RVV,EAST KENT HOSPITALS UNIVERSITY NHS FOUNDATION TRUST,C_110,Trauma and Orthopaedic Service,5955,17.4,
2024-05|RVV|C_120,2024-05,RVV,EAST KENT HOSPITALS UNIVERSITY NHS FOUNDATION TRUST,C_120,Ear Nose and Throat Service,9943,19.9,
2024-05|RVV|C_130,2024-05,RVV,EAST KENT HOSPITALS UNIVERSITY NHS FOUNDATION TRUST,C_130,Ophthalmology Service,7551,17.3,
2024-05|RVV|C_140,2024-05,RVV,EAST KENT HOSPITALS UNIVERSITY NHS FOUNDATION TRUST,C_140,Oral Surgery Service,5734,21.0,
2024-05|RVV|C_170,2024-05,RVV,EAST KENT HOSPITALS UNIVERSITY NHS FOUNDATION TRUST,C_170,Cardiothoracic Surgery Service,21,7.2,
2024-05|RVV|C_300,2024-05,RVV,EAST KENT HOSPITALS UNIVERSITY NHS FOUNDATION TRUST,C_300,General Internal Medicine Service,22,16.0,
2024-05|RVV|C_301,2024-05,RVV,EAST KENT HOSPITALS UNIVERSITY NHS FOUNDATION TRUST,C_301,Gastroenterology Service,7737,25.2,
2024-05|RVV|C_320,2024-05,RVV,EAST KENT HOSPITALS UNIVERSITY NHS FOUNDATION TRUST,C_320,Cardiology Service,5256,18.0,
2024-05|RVV|C_330,2024-05,RVV,EAST KENT HOSPITALS UNIVERSITY NHS FOUNDATION TRUST,C_330,Dermatology Service,5580,11.5,
2024-05|RVV|C_340,2024-05,RVV,EAST KENT HOSPITALS UNIVERSITY NHS FOUNDATION TRUST,C_340,Respiratory Medicine Service,4173,16.4,
2024-05|RVV|C_400,2024-05,RVV,EAST KENT HOSPITALS UNIVERSITY NHS FOUNDATION TRUST,C_400,Neurology Service,2562,17.0,
2024-05|RVV|C_410,2024-05,RVV,EAST KENT HOSPITALS UNIVERSITY NHS FOUNDATION TRUST,C_410,Rheumatology Service,2898,20.5,
2024-05|RVV|C_430,2024-05,RVV,EAST KENT HOSPITALS UNIVERSITY NHS FOUNDATION TRUST,C_430,Elderly Medicine Service,227,4.7,
2024-05|RVV|C_502,2024-05,RVV,EAST KENT HOSPITALS UNIVERSITY NHS FOUNDATION TRUST,C_502,Gynaecology Service,6149,16.4,
2024-05|RVV|C_999,2024-05,RVV,EAST KENT HOSPITALS UNIVERSITY NHS FOUNDATION TRUST,C_999,Total,87501,17.1,
2024-05|RVV|X02,2024-05,RVV,EAST KENT HOSPITALS UNIVERSITY NHS FOUNDATION TRUST,X02,Other - Medical Services,2696,14.0,
2024-05|RVV|X04,2024-05,RVV,EAST KENT HOSPITALS UNIVERSITY NHS FOUNDATION TRUST,X04,Other - Paediatric Services,977,4.8,
2024-05|RVV|X05,2024-05,RVV,EAST KENT HOSPITALS UNIVERSITY NHS FOUNDATION TRUST,X05,Other - Surgical Services,4735,22.1,
2024-05|RVV|X06,2024-05,RVV,EAST KENT HOSPITALS UNIVERSITY NHS FOUNDATION TRUST,X06,Other - Other Services,355,4.9,
2024-05|RVW|C_100,2024-05,RVW,NORTH TEES AND HARTLEPOOL NHS FOUNDATION TRUST,C_100,General Surgery Service,2057,12.2,
2024-05|RVW|C_101,2024-05,RVW,NORTH TEES AND HARTLEPOOL NHS FOUNDATION TRUST,C_101,Urology Service,1929,12.0,
2024-05|RVW|C_110,2024-05,RVW,NORTH TEES AND HARTLEPOOL NHS FOUNDATION TRUST,C_110,Trauma and Orthopaedic Service,5635,8.3,
2024-05|RVW|C_300,2024-05,RVW,NORTH TEES AND HARTLEPOOL NHS FOUNDATION TRUST,C_300,General Internal Medicine Service,295,5.6,
2024-05|RVW|C_301,2024-05,RVW,NORTH TEES AND HARTLEPOOL NHS FOUNDATION TRUST,C_301,Gastroenterology Service,1008,8.9,
2024-05|RVW|C_320,2024-05,RVW,NORTH TEES AND HARTLEPOOL NHS FOUNDATION TRUST,C_320,Cardiology Service,576,5.2,
2024-05|RVW|C_340,2024-05,RVW,NORTH TEES AND HARTLEPOOL NHS FOUNDATION TRUST,C_340,Respiratory Medicine Service,814,11.1,
2024-05|RVW|C_410,2024-05,RVW,NORTH TEES AND HARTLEPOOL NHS FOUNDATION TRUST,C_410,Rheumatology Service,525,12.2,
2024-05|RVW|C_430,2024-05,RVW,NORTH TEES AND HARTLEPOOL NHS FOUNDATION TRUST,C_430,Elderly Medicine Service,147,4.3,
2024-05|RVW|C_502,2024-05,RVW,NORTH TEES AND HARTLEPOOL NHS FOUNDATION TRUST,C_502,Gynaecology Service,2329,12.9,
2024-05|RVW|C_999,2024-05,RVW,NORTH TEES AND HARTLEPOOL NHS FOUNDATION TRUST,C_999,Total,20746,10.3,
2024-05|RVW|X04,2024-05,RVW,NORTH TEES AND HARTLEPOOL NHS FOUNDATION TRUST,X04,Other - Paediatric Services,1654,13.2,
2024-05|RVW|X05,2024-05,RVW,NORTH TEES AND HARTLEPOOL NHS FOUNDATION TRUST,X05,Other - Surgical Services,1534,4.0,
2024-05|RVW|X06,2024-05,RVW,NORTH TEES AND HARTLEPOOL NHS FOUNDATION TRUST,X06,Other - Other Services,2243,14.9,
2024-05|RW1|C_110,2024-05,RW1,SOUTHERN HEALTH NHS FOUNDATION TRUST,C_110,Trauma and Orthopaedic Service,2269,6.1,
2024-05|RW1|C_120,2024-05,RW1,SOUTHERN HEALTH NHS FOUNDATION TRUST,C_120,Ear Nose and Throat Service,178,2.7,
2024-05|RW1|C_300,2024-05,RW1,SOUTHERN HEALTH NHS FOUNDATION TRUST,C_300,General Internal Medicine Service,554,9.0,
2024-05|RW1|C_301,2024-05,RW1,SOUTHERN HEALTH NHS FOUNDATION TRUST,C_301,Gastroenterology Service,127,1.7,
2024-05|RW1|C_320,2024-05,RW1,SOUTHERN HEALTH NHS FOUNDATION TRUST,C_320,Cardiology Service,169,7.8,
2024-05|RW1|C_340,2024-05,RW1,SOUTHERN HEALTH NHS FOUNDATION TRUST,C_340,Respiratory Medicine Service,40,4.7,
2024-05|RW1|C_410,2024-05,RW1,SOUTHERN HEALTH NHS FOUNDATION TRUST,C_410,Rheumatology Service,121,6.7,
2024-05|RW1|C_430,2024-05,RW1,SOUTHERN HEALTH NHS FOUNDATION TRUST,C_430,Elderly Medicine Service,21,4.9,
2024-05|RW1|C_999,2024-05,RW1,SOUTHERN HEALTH NHS FOUNDATION TRUST,C_999,Total,3921,6.1,
2024-05|RW1|X02,2024-05,RW1,SOUTHERN HEALTH NHS FOUNDATION TRUST,X02,Other - Medical Services,309,5.3,
2024-05|RW1|X04,2024-05,RW1,SOUTHERN HEALTH NHS FOUNDATION TRUST,X04,Other - Paediatric Services,6,5.0,
2024-05|RW1|X05,2024-05,RW1,SOUTHERN HEALTH NHS FOUNDATION TRUST,X05,Other - Surgical Services,127,11.3,
2024-05|RW4|C_999,2024-05,RW4,MERSEY CARE NHS FOUNDATION TRUST,C_999,Total,58,2.2,
2024-05|RW4|X03,2024-05,RW4,MERSEY CARE NHS FOUNDATION TRUST,X03,Other - Mental Health Services,58,2.2,
2024-05|RW5|C_110,2024-05,RW5,LANCASHIRE & SOUTH CUMBRIA NHS FOUNDATION TRUST,C_110,Trauma and Orthopaedic Service,1022,1.9,
2024-05|RW5|C_410,2024-05,RW5,LANCASHIRE & SOUTH CUMBRIA NHS FOUNDATION TRUST,C_410,Rheumatology Service,349,5.2,
2024-05|RW5|C_999,2024-05,RW5,LANCASHIRE & SOUTH CUMBRIA NHS FOUNDATION TRUST,C_999,Total,1371,2.5,
2024-05|RWA|C_100,2024-05,RWA,HULL UNIVERSITY TEACHING HOSPITALS NHS TRUST,C_100,General Surgery Service,6956,13.6,
2024-05|RWA|C_101,2024-05,RWA,HULL UNIVERSITY TEACHING HOSPITALS NHS TRUST,C_101,Urology Service,3154,12.6,
2024-05|RWA|C_110,2024-05,RWA,HULL UNIVERSITY TEACHING HOSPITALS NHS TRUST,C_110,Trauma and Orthopaedic Service,3919,12.9,
2024-05|RWA|C_120,2024-05,RWA,HULL UNIVERSITY TEACHING HOSPITALS NHS TRUST,C_120,Ear Nose and Throat Service,7952,21.7,
2024-05|RWA|C_130,2024-05,RWA,HULL UNIVERSITY TEACHING HOSPITALS NHS TRUST,C_130,Ophthalmology Service,8131,13.9,
2024-05|RWA|C_140,2024-05,RWA,HULL UNIVERSITY TEACHING HOSPITALS NHS TRUST,C_140,Oral Surgery Service,2979,14.1,
2024-05|RWA|C_150,2024-05,RWA,HULL UNIVERSITY TEACHING HOSPITALS NHS TRUST,C_150,Neurosurgical Service,2870,12.8,
2024-05|RWA|C_160,2024-05,RWA,HULL UNIVERSITY TEACHING HOSPITALS NHS TRUST,C_160,Plastic Surgery Service,3373,20.5,
2024-05|RWA|C_170,2024-05,RWA,HULL UNIVERSITY TEACHING HOSPITALS NHS TRUST,C_170,Cardiothoracic Surgery Service,336,9.5,
2024-05|RWA|C_300,2024-05,RWA,HULL UNIVERSITY TEACHING HOSPITALS NHS TRUST,C_300,General Internal Medicine Service,270,6.2,
2024-05|RWA|C_301,2024-05,RWA,HULL UNIVERSITY TEACHING HOSPITALS NHS TRUST,C_301,Gastroenterology Service,3153,13.8,
2024-05|RWA|C_320,2024-05,RWA,HULL UNIVERSITY TEACHING HOSPITALS NHS TRUST,C_320,Cardiology Service,5476,18.1,
2024-05|RWA|C_330,2024-05,RWA,HULL UNIVERSITY TEACHING HOSPITALS NHS TRUST,C_330,Dermatology Service,5209,13.3,
2024-05|RWA|C_340,2024-05,RWA,HULL UNIVERSITY TEACHING HOSPITALS NHS TRUST,C_340,Respiratory Medicine Service,2495,10.6,
2024-05|RWA|C_400,2024-05,RWA,HULL UNIVERSITY TEACHING HOSPITALS NHS TRUST,C_400,Neurology Service,4310,14.2,
2024-05|RWA|C_410,2024-05,RWA,HULL UNIVERSITY TEACHING HOSPITALS NHS TRUST,C_410,Rheumatology Service,2156,25.7,
2024-05|RWA|C_430,2024-05,RWA,HULL UNIVERSITY TEACHING HOSPITALS NHS TRUST,C_430,Elderly Medicine Service,70,7.5,
2024-05|RWA|C_502,2024-05,RWA,HULL UNIVERSITY TEACHING HOSPITALS NHS TRUST,C_502,Gynaecology Service,4278,12.6,
2024-05|RWA|C_999,2024-05,RWA,HULL UNIVERSITY TEACHING HOSPITALS NHS TRUST,C_999,Total,76421,14.0,
2024-05|RWA|X02,2024-05,RWA,HULL UNIVERSITY TEACHING HOSPITALS NHS TRUST,X02,Other - Medical Services,4713,9.6,
2024-05|RWA|X03,2024-05,RWA,HULL UNIVERSITY TEACHING HOSPITALS NHS TRUST,X03,Other - Mental Health Services,17,11.2,
2024-05|RWA|X04,2024-05,RWA,HULL UNIVERSITY TEACHING HOSPITALS NHS TRUST,X04,Other - Paediatric Services,1037,6.8,
2024-05|RWA|X05,2024-05,RWA,HULL UNIVERSITY TEACHING HOSPITALS NHS TRUST,X05,Other - Surgical Services,1163,4.9,
2024-05|RWA|X06,2024-05,RWA,HULL UNIVERSITY TEACHING HOSPITALS NHS TRUST,X06,Other - Other Services,2404,10.4,
2024-05|RWD|C_100,2024-05,RWD,UNITED LINCOLNSHIRE HOSPITALS NHS TRUST,C_100,General Surgery Service,3620,11.9,
2024-05|RWD|C_101,2024-05,RWD,UNITED LINCOLNSHIRE HOSPITALS NHS TRUST,C_101,Urology Service,4250,17.8,
2024-05|RWD|C_110,2024-05,RWD,UNITED LINCOLNSHIRE HOSPITALS NHS TRUST,C_110,Trauma and Orthopaedic Service,4244,11.1,
2024-05|RWD|C_120,2024-05,RWD,UNITED LINCOLNSHIRE HOSPITALS NHS TRUST,C_120,Ear Nose and Throat Service,10786,24.7,
2024-05|RWD|C_130,2024-05,RWD,UNITED LINCOLNSHIRE HOSPITALS NHS TRUST,C_130,Ophthalmology Service,6604,13.6,
2024-05|RWD|C_140,2024-05,RWD,UNITED LINCOLNSHIRE HOSPITALS NHS TRUST,C_140,Oral Surgery Service,3149,24.6,
2024-05|RWD|C_170,2024-05,RWD,UNITED LINCOLNSHIRE HOSPITALS NHS TRUST,C_170,Cardiothoracic Surgery Service,33,25.7,
2024-05|RWD|C_300,2024-05,RWD,UNITED LINCOLNSHIRE HOSPITALS NHS TRUST,C_300,General Internal Medicine Service,401,18.8,
2024-05|RWD|C_301,2024-05,RWD,UNITED LINCOLNSHIRE HOSPITALS NHS TRUST,C_301,Gastroenterology Service,5315,20.4,
2024-05|RWD|C_320,2024-05,RWD,UNITED LINCOLNSHIRE HOSPITALS NHS TRUST,C_320,Cardiology Service,3110,15.4,
2024-05|RWD|C_330,2024-05,RWD,UNITED LINCOLNSHIRE HOSPITALS NHS TRUST,C_330,Dermatology Service,4325,14.5,
2024-05|RWD|C_340,2024-05,RWD,UNITED LINCOLNSHIRE HOSPITALS NHS TRUST,C_340,Respiratory Medicine Service,2601,25.1,
2024-05|RWD|C_400,2024-05,RWD,UNITED LINCOLNSHIRE HOSPITALS NHS TRUST,C_400,Neurology Service,2824,18.7,
2024-05|RWD|C_410,2024-05,RWD,UNITED LINCOLNSHIRE HOSPITALS NHS TRUST,C_410,Rheumatology Service,1988,26.7,
2024-05|RWD|C_430,2024-05,RWD,UNITED LINCOLNSHIRE HOSPITALS NHS TRUST,C_430,Elderly Medicine Service,187,8.2,
2024-05|RWD|C_502,2024-05,RWD,UNITED LINCOLNSHIRE HOSPITALS NHS TRUST,C_502,Gynaecology Service,5320,17.8,
2024-05|RWD|C_999,2024-05,RWD,UNITED LINCOLNSHIRE HOSPITALS NHS TRUST,C_999,Total,71082,17.1,
2024-05|RWD|X02,2024-05,RWD,UNITED LINCOLNSHIRE HOSPITALS NHS TRUST,X02,Other - Medical Services,6609,14.5,
2024-05|RWD|X04,2024-05,RWD,UNITED LINCOLNSHIRE HOSPITALS NHS TRUST,X04,Other - Paediatric Services,1729,17.8,
2024-05|RWD|X05,2024-05,RWD,UNITED LINCOLNSHIRE HOSPITALS NHS TRUST,X05,Other - Surgical Services,3685,13.9,
2024-05|RWD|X06,2024-05,RWD,UNITED LINCOLNSHIRE HOSPITALS NHS TRUST,X06,Other - Other Services,302,6.9,
2024-05|RWE|C_100,2024-05,RWE,UNIVERSITY HOSPITALS OF LEICESTER NHS TRUST,C_100,General Surgery Service,5348,16.4,
2024-05|RWE|C_101,2024-05,RWE,UNIVERSITY HOSPITALS OF LEICESTER NHS TRUST,C_101,Urology Service,5098,13.7,
2024-05|RWE|C_110,2024-05,RWE,UNIVERSITY HOSPITALS OF LEICESTER NHS TRUST,C_110,Trauma and Orthopaedic Service,10067,19.9,
2024-05|RWE|C_120,2024-05,RWE,UNIVERSITY HOSPITALS OF LEICESTER NHS TRUST,C_120,Ear Nose and Throat Service,6903,17.1,
2024-05|RWE|C_130,2024-05,RWE,UNIVERSITY HOSPITALS OF LEICESTER NHS TRUST,C_130,Ophthalmology Service,13678,15.5,
2024-05|RWE|C_140,2024-05,RWE,UNIVERSITY HOSPITALS OF LEICESTER NHS TRUST,C_140,Oral Surgery Service,6187,17.2,
2024-05|RWE|C_150,2024-05,RWE,UNIVERSITY HOSPITALS OF LEICESTER NHS TRUST,C_150,Neurosurgical Service,35,13.8,
2024-05|RWE|C_160,2024-05,RWE,UNIVERSITY HOSPITALS OF LEICESTER NHS TRUST,C_160,Plastic Surgery Service,1105,11.3,
2024-05|RWE|C_170,2024-05,RWE,UNIVERSITY HOSPITALS OF LEICESTER NHS TRUST,C_170,Cardiothoracic Surgery Service,453,7.6,
2024-05|RWE|C_300,2024-05,RWE,UNIVERSITY HOSPITALS OF LEICESTER NHS TRUST,C_300,General Internal Medicine Service,137,3.0,
2024-05|RWE|C_301,2024-05,RWE,UNIVERSITY HOSPITALS OF LEICESTER NHS TRUST,C_301,Gastroenterology Service,8120,13.5,
2024-05|RWE|C_320,2024-05,RWE,UNIVERSITY HOSPITALS OF LEICESTER NHS TRUST,C_320,Cardiology Service,7767,18.4,
2024-05|RWE|C_330,2024-05,RWE,UNIVERSITY HOSPITALS OF LEICESTER NHS TRUST,C_330,Dermatology Service,3018,5.9,
2024-05|RWE|C_340,2024-05,RWE,UNIVERSITY HOSPITALS OF LEICESTER NHS TRUST,C_340,Respiratory Medicine Service,1813,9.9,
2024-05|RWE|C_400,2024-05,RWE,UNIVERSITY HOSPITALS OF LEICESTER NHS TRUST,C_400,Neurology Service,1866,8.4,
2024-05|RWE|C_410,2024-05,RWE,UNIVERSITY HOSPITALS OF LEICESTER NHS TRUST,C_410,Rheumatology Service,3139,10.7,
2024-05|RWE|C_430,2024-05,RWE,UNIVERSITY HOSPITALS OF LEICESTER NHS TRUST,C_430,Elderly Medicine Service,446,5.4,
2024-05|RWE|C_502,2024-05,RWE,UNIVERSITY HOSPITALS OF LEICESTER NHS TRUST,C_502,Gynaecology Service,8260,17.8,
2024-05|RWE|C_999,2024-05,RWE,UNIVERSITY HOSPITALS OF LEICESTER NHS TRUST,C_999,Total,111054,14.5,
2024-05|RWE|X02,2024-05,RWE,UNIVERSITY HOSPITALS OF LEICESTER NHS TRUST,X02,Other - Medical Services,11841,12.3,
2024-05|RWE|X04,2024-05,RWE,UNIVERSITY HOSPITALS OF LEICESTER NHS TRUST,X04,Other - Paediatric Services,8539,13.0,
2024-05|RWE|X05,2024-05,RWE,UNIVERSITY HOSPITALS OF LEICESTER NHS TRUST,X05,Other - Surgical Services,2813,9.5,
2024-05|RWE|X06,2024-05,RWE,UNIVERSITY HOSPITALS OF LEICESTER NHS TRUST,X06,Other - Other Services,4421,15.4,
2024-05|RWF|C_100,2024-05,RWF,MAIDSTONE AND TUNBRIDGE WELLS NHS TRUST,C_100,General Surgery Service,5855,10.4,
2024-05|RWF|C_101,2024-05,RWF,MAIDSTONE AND TUNBRIDGE WELLS NHS TRUST,C_101,Urology Service,2954,8.6,
2024-05|RWF|C_110,2024-05,RWF,MAIDSTONE AND TUNBRIDGE WELLS NHS TRUST,C_110,Trauma and Orthopaedic Service,4032,10.0,
2024-05|RWF|C_120,2024-05,RWF,MAIDSTONE AND TUNBRIDGE WELLS NHS TRUST,C_120,Ear Nose and Throat Service,4549,10.8,
2024-05|RWF|C_130,2024-05,RWF,MAIDSTONE AND TUNBRIDGE WELLS NHS TRUST,C_130,Ophthalmology Service,5963,9.2,
2024-05|RWF|C_170,2024-05,RWF,MAIDSTONE AND TUNBRIDGE WELLS NHS TRUST,C_170,Cardiothoracic Surgery Service,31,5.2,
2024-05|RWF|C_300,2024-05,RWF,MAIDSTONE AND TUNBRIDGE WELLS NHS TRUST,C_300,General Internal Medicine Service,20,2.3,
2024-05|RWF|C_301,2024-05,RWF,MAIDSTONE AND TUNBRIDGE WELLS NHS TRUST,C_301,Gastroenterology Service,2510,11.8,
2024-05|RWF|C_320,2024-05,RWF,MAIDSTONE AND TUNBRIDGE WELLS NHS TRUST,C_320,Cardiology Service,3002,13.8,
2024-05|RWF|C_340,2024-05,RWF,MAIDSTONE AND TUNBRIDGE WELLS NHS TRUST,C_340,Respiratory Medicine Service,768,5.8,
2024-05|RWF|C_400,2024-05,RWF,MAIDSTONE AND TUNBRIDGE WELLS NHS TRUST,C_400,Neurology Service,1201,10.7,
2024-05|RWF|C_410,2024-05,RWF,MAIDSTONE AND TUNBRIDGE WELLS NHS TRUST,C_410,Rheumatology Service,855,9.9,
2024-05|RWF|C_430,2024-05,RWF,MAIDSTONE AND TUNBRIDGE WELLS NHS TRUST,C_430,Elderly Medicine Service,138,6.7,
2024-05|RWF|C_502,2024-05,RWF,MAIDSTONE AND TUNBRIDGE WELLS NHS TRUST,C_502,Gynaecology Service,4428,12.1,
2024-05|RWF|C_999,2024-05,RWF,MAIDSTONE AND TUNBRIDGE WELLS NHS TRUST,C_999,Total,44174,10.0,
2024-05|RWF|X02,2024-05,RWF,MAIDSTONE AND TUNBRIDGE WELLS NHS TRUST,X02,Other - Medical Services,3894,7.2,
2024-05|RWF|X04,2024-05,RWF,MAIDSTONE AND TUNBRIDGE WELLS NHS TRUST,X04,Other - Paediatric Services,2989,11.4,
2024-05|RWF|X05,2024-05,RWF,MAIDSTONE AND TUNBRIDGE WELLS NHS TRUST,X05,Other - Surgical Services,985,4.2,
2024-05|RWG|C_100,2024-05,RWG,WEST HERTFORDSHIRE TEACHING HOSPITALS NHS TRUST,C_100,General Surgery Service,4727,17.6,
2024-05|RWG|C_101,2024-05,RWG,WEST HERTFORDSHIRE TEACHING HOSPITALS NHS TRUST,C_101,Urology Service,3557,14.8,
2024-05|RWG|C_110,2024-05,RWG,WEST HERTFORDSHIRE TEACHING HOSPITALS NHS TRUST,C_110,Trauma and Orthopaedic Service,4155,19.2,
2024-05|RWG|C_120,2024-05,RWG,WEST HERTFORDSHIRE TEACHING HOSPITALS NHS TRUST,C_120,Ear Nose and Throat Service,4835,17.6,
2024-05|RWG|C_130,2024-05,RWG,WEST HERTFORDSHIRE TEACHING HOSPITALS NHS TRUST,C_130,Ophthalmology Service,1956,12.7,
2024-05|RWG|C_140,2024-05,RWG,WEST HERTFORDSHIRE TEACHING HOSPITALS NHS TRUST,C_140,Oral Surgery Service,2478,13.1,
2024-05|RWG|C_160,2024-05,RWG,WEST HERTFORDSHIRE TEACHING HOSPITALS NHS TRUST,C_160,Plastic Surgery Service,2,18.0,
2024-05|RWG|C_300,2024-05,RWG,WEST HERTFORDSHIRE TEACHING HOSPITALS NHS TRUST,C_300,General Internal Medicine Service,758,13.2,
2024-05|RWG|C_301,2024-05,RWG,WEST HERTFORDSHIRE TEACHING HOSPITALS NHS TRUST,C_301,Gastroenterology Service,4319,18.0,
2024-05|RWG|C_320,2024-05,RWG,WEST HERTFORDSHIRE TEACHING HOSPITALS NHS TRUST,C_320,Cardiology Service,6176,19.0,
2024-05|RWG|C_330,2024-05,RWG,WEST HERTFORDSHIRE TEACHING HOSPITALS NHS TRUST,C_330,Dermatology Service,5301,18.9,
2024-05|RWG|C_340,2024-05,RWG,WEST HERTFORDSHIRE TEACHING HOSPITALS NHS TRUST,C_340,Respiratory Medicine Service,3385,15.6,
2024-05|RWG|C_400,2024-05,RWG,WEST HERTFORDSHIRE TEACHING HOSPITALS NHS TRUST,C_400,Neurology Service,2562,19.1,
2024-05|RWG|C_410,2024-05,RWG,WEST HERTFORDSHIRE TEACHING HOSPITALS NHS TRUST,C_410,Rheumatology Service,862,17.4,
2024-05|RWG|C_430,2024-05,RWG,WEST HERTFORDSHIRE TEACHING HOSPITALS NHS TRUST,C_430,Elderly Medicine Service,73,6.2,
2024-05|RWG|C_502,2024-05,RWG,WEST HERTFORDSHIRE TEACHING HOSPITALS NHS TRUST,C_502,Gynaecology Service,2563,14.8,
2024-05|RWG|C_999,2024-05,RWG,WEST HERTFORDSHIRE TEACHING HOSPITALS NHS TRUST,C_999,Total,55671,16.3,
2024-05|RWG|X02,2024-05,RWG,WEST HERTFORDSHIRE TEACHING HOSPITALS NHS TRUST,X02,Other - Medical Services,5227,12.0,
2024-05|RWG|X03,2024-05,RWG,WEST HERTFORDSHIRE TEACHING HOSPITALS NHS TRUST,X03,Other - Mental Health Services,24,19.0,
2024-05|RWG|X04,2024-05,RWG,WEST HERTFORDSHIRE TEACHING HOSPITALS NHS TRUST,X04,Other - Paediatric Services,953,13.8,
2024-05|RWG|X05,2024-05,RWG,WEST HERTFORDSHIRE TEACHING HOSPITALS NHS TRUST,X05,Other - Surgical Services,1370,10.8,
2024-05|RWG|X06,2024-05,RWG,WEST HERTFORDSHIRE TEACHING HOSPITALS NHS TRUST,X06,Other - Other Services,388,15.0,
2024-05|RWH|C_100,2024-05,RWH,EAST AND NORTH HERTFORDSHIRE NHS TRUST,C_100,General Surgery Service,2021,15.6,
2024-05|RWH|C_101,2024-05,RWH,EAST AND NORTH HERTFORDSHIRE NHS TRUST,C_101,Urology Service,3893,13.2,
2024-05|RWH|C_110,2024-05,RWH,EAST AND NORTH HERTFORDSHIRE NHS TRUST,C_110,Trauma and Orthopaedic Service,5230,24.7,
2024-05|RWH|C_120,2024-05,RWH,EAST AND NORTH HERTFORDSHIRE NHS TRUST,C_120,Ear Nose and Throat Service,5300,15.0,
2024-05|RWH|C_130,2024-05,RWH,EAST AND NORTH HERTFORDSHIRE NHS TRUST,C_130,Ophthalmology Service,5210,15.9,
2024-05|RWH|C_140,2024-05,RWH,EAST AND NORTH HERTFORDSHIRE NHS TRUST,C_140,Oral Surgery Service,3062,18.6,
2024-05|RWH|C_160,2024-05,RWH,EAST AND NORTH HERTFORDSHIRE NHS TRUST,C_160,Plastic Surgery Service,1736,7.4,
2024-05|RWH|C_170,2024-05,RWH,EAST AND NORTH HERTFORDSHIRE NHS TRUST,C_170,Cardiothoracic Surgery Service,132,13.0,
2024-05|RWH|C_300,2024-05,RWH,EAST AND NORTH HERTFORDSHIRE NHS TRUST,C_300,General Internal Medicine Service,160,7.7,
2024-05|RWH|C_301,2024-05,RWH,EAST AND NORTH HERTFORDSHIRE NHS TRUST,C_301,Gastroenterology Service,3240,23.9,
2024-05|RWH|C_320,2024-05,RWH,EAST AND NORTH HERTFORDSHIRE NHS TRUST,C_320,Cardiology Service,3817,8.8,
2024-05|RWH|C_330,2024-05,RWH,EAST AND NORTH HERTFORDSHIRE NHS TRUST,C_330,Dermatology Service,1461,13.3,
2024-05|RWH|C_340,2024-05,RWH,EAST AND NORTH HERTFORDSHIRE NHS TRUST,C_340,Respiratory Medicine Service,1268,11.9,
2024-05|RWH|C_400,2024-05,RWH,EAST AND NORTH HERTFORDSHIRE NHS TRUST,C_400,Neurology Service,514,5.1,
2024-05|RWH|C_410,2024-05,RWH,EAST AND NORTH HERTFORDSHIRE NHS TRUST,C_410,Rheumatology Service,1254,16.4,
2024-05|RWH|C_430,2024-05,RWH,EAST AND NORTH HERTFORDSHIRE NHS TRUST,C_430,Elderly Medicine Service,105,7.2,
2024-05|RWH|C_502,2024-05,RWH,EAST AND NORTH HERTFORDSHIRE NHS TRUST,C_502,Gynaecology Service,3777,12.3,
2024-05|RWH|C_999,2024-05,RWH,EAST AND NORTH HERTFORDSHIRE NHS TRUST,C_999,Total,58098,13.8,
2024-05|RWH|X06,2024-05,RWH,EAST AND NORTH HERTFORDSHIRE NHS TRUST,X06,Other - Other Services,15918,12.6,
2024-05|RWJ|C_100,2024-05,RWJ,STOCKPORT NHS FOUNDATION TRUST,C_100,General Surgery Service,3966,17.4,
2024-05|RWJ|C_101,2024-05,RWJ,STOCKPORT NHS FOUNDATION TRUST,C_101,Urology Service,2492,15.3,
2024-05|RWJ|C_110,2024-05,RWJ,STOCKPORT NHS FOUNDATION TRUST,C_110,Trauma and Orthopaedic Service,5456,13.9,
2024-05|RWJ|C_120,2024-05,RWJ,STOCKPORT NHS FOUNDATION TRUST,C_120,Ear Nose and Throat Service,4420,15.4,
2024-05|RWJ|C_130,2024-05,RWJ,STOCKPORT NHS FOUNDATION TRUST,C_130,Ophthalmology Service,2559,12.6,
2024-05|RWJ|C_140,2024-05,RWJ,STOCKPORT NHS FOUNDATION TRUST,C_140,Oral Surgery Service,1096,51.5,
2024-05|RWJ|C_170,2024-05,RWJ,STOCKPORT NHS FOUNDATION TRUST,C_170,Cardiothoracic Surgery Service,4,1.0,
2024-05|RWJ|C_300,2024-05,RWJ,STOCKPORT NHS FOUNDATION TRUST,C_300,General Internal Medicine Service,4,7.0,
2024-05|RWJ|C_301,2024-05,RWJ,STOCKPORT NHS FOUNDATION TRUST,C_301,Gastroenterology Service,3227,16.7,
2024-05|RWJ|C_320,2024-05,RWJ,STOCKPORT NHS FOUNDATION TRUST,C_320,Cardiology Service,4483,21.6,
2024-05|RWJ|C_340,2024-05,RWJ,STOCKPORT NHS FOUNDATION TRUST,C_340,Respiratory Medicine Service,1415,26.3,
2024-05|RWJ|C_410,2024-05,RWJ,STOCKPORT NHS FOUNDATION TRUST,C_410,Rheumatology Service,886,12.0,
2024-05|RWJ|C_430,2024-05,RWJ,STOCKPORT NHS FOUNDATION TRUST,C_430,Elderly Medicine Service,131,3.9,
2024-05|RWJ|C_502,2024-05,RWJ,STOCKPORT NHS FOUNDATION TRUST,C_502,Gynaecology Service,3965,18.9,
2024-05|RWJ|C_999,2024-05,RWJ,STOCKPORT NHS FOUNDATION TRUST,C_999,Total,38371,16.9,
2024-05|RWJ|X02,2024-05,RWJ,STOCKPORT NHS FOUNDATION TRUST,X02,Other - Medical Services,3282,11.4,
2024-05|RWJ|X04,2024-05,RWJ,STOCKPORT NHS FOUNDATION TRUST,X04,Other - Paediatric Services,256,6.2,
2024-05|RWJ|X05,2024-05,RWJ,STOCKPORT NHS FOUNDATION TRUST,X05,Other - Surgical Services,268,21.8,
2024-05|RWJ|X06,2024-05,RWJ,STOCKPORT NHS FOUNDATION TRUST,X06,Other - Other Services,461,30.1,
2024-05|RWP|C_100,2024-05,RWP,WORCESTERSHIRE ACUTE HOSPITALS NHS TRUST,C_100,General Surgery Service,5151,19.9,
2024-05|RWP|C_101,2024-05,RWP,WORCESTERSHIRE ACUTE HOSPITALS NHS TRUST,C_101,Urology Service,5770,16.5,
2024-05|RWP|C_110,2024-05,RWP,WORCESTERSHIRE ACUTE HOSPITALS NHS TRUST,C_110,Trauma and Orthopaedic Service,4821,16.5,
2024-05|RWP|C_120,2024-05,RWP,WORCESTERSHIRE ACUTE HOSPITALS NHS TRUST,C_120,Ear Nose and Throat Service,7819,18.8,
2024-05|RWP|C_130,2024-05,RWP,WORCESTERSHIRE ACUTE HOSPITALS NHS TRUST,C_130,Ophthalmology Service,5828,12.8,
2024-05|RWP|C_140,2024-05,RWP,WORCESTERSHIRE ACUTE HOSPITALS NHS TRUST,C_140,Oral Surgery Service,4378,28.8,
2024-05|RWP|C_160,2024-05,RWP,WORCESTERSHIRE ACUTE HOSPITALS NHS TRUST,C_160,Plastic Surgery Service,8,7.0,
2024-05|RWP|C_300,2024-05,RWP,WORCESTERSHIRE ACUTE HOSPITALS NHS TRUST,C_300,General Internal Medicine Service,50,8.3,
2024-05|RWP|C_301,2024-05,RWP,WORCESTERSHIRE ACUTE HOSPITALS NHS TRUST,C_301,Gastroenterology Service,4407,15.1,
2024-05|RWP|C_320,2024-05,RWP,WORCESTERSHIRE ACUTE HOSPITALS NHS TRUST,C_320,Cardiology Service,2644,10.9,
2024-05|RWP|C_330,2024-05,RWP,WORCESTERSHIRE ACUTE HOSPITALS NHS TRUST,C_330,Dermatology Service,2591,13.3,
2024-05|RWP|C_340,2024-05,RWP,WORCESTERSHIRE ACUTE HOSPITALS NHS TRUST,C_340,Respiratory Medicine Service,1852,15.6,
2024-05|RWP|C_400,2024-05,RWP,WORCESTERSHIRE ACUTE HOSPITALS NHS TRUST,C_400,Neurology Service,1723,15.4,
2024-05|RWP|C_410,2024-05,RWP,WORCESTERSHIRE ACUTE HOSPITALS NHS TRUST,C_410,Rheumatology Service,1040,12.7,
2024-05|RWP|C_502,2024-05,RWP,WORCESTERSHIRE ACUTE HOSPITALS NHS TRUST,C_502,Gynaecology Service,4445,14.4,
2024-05|RWP|C_999,2024-05,RWP,WORCESTERSHIRE ACUTE HOSPITALS NHS TRUST,C_999,Total,62118,15.6,
2024-05|RWP|X02,2024-05,RWP,WORCESTERSHIRE ACUTE HOSPITALS NHS TRUST,X02,Other - Medical Services,4629,13.3,
2024-05|RWP|X04,2024-05,RWP,WORCESTERSHIRE ACUTE HOSPITALS NHS TRUST,X04,Other - Paediatric Services,197,10.7,
2024-05|RWP|X05,2024-05,RWP,WORCESTERSHIRE ACUTE HOSPITALS NHS TRUST,X05,Other - Surgical Services,2701,7.9,
2024-05|RWP|X06,2024-05,RWP,WORCESTERSHIRE ACUTE HOSPITALS NHS TRUST,X06,Other - Other Services,2064,14.4,
2024-05|RWW|C_100,2024-05,RWW,WARRINGTON AND HALTON TEACHING HOSPITALS NHS FOUNDATION TRUST,C_100,General Surgery Service,648,11.6,
2024-05|RWW|C_101,2024-05,RWW,WARRINGTON AND HALTON TEACHING HOSPITALS NHS FOUNDATION TRUST,C_101,Urology Service,2314,13.0,
2024-05|RWW|C_110,2024-05,RWW,WARRINGTON AND HALTON TEACHING HOSPITALS NHS FOUNDATION TRUST,C_110,Trauma and Orthopaedic Service,3550,20.2,
2024-05|RWW|C_120,2024-05,RWW,WARRINGTON AND HALTON TEACHING HOSPITALS NHS FOUNDATION TRUST,C_120,Ear Nose and Throat Service,3372,15.3,
2024-05|RWW|C_130,2024-05,RWW,WARRINGTON AND HALTON TEACHING HOSPITALS NHS FOUNDATION TRUST,C_130,Ophthalmology Service,3328,10.4,
2024-05|RWW|C_300,2024-05,RWW,WARRINGTON AND HALTON TEACHING HOSPITALS NHS FOUNDATION TRUST,C_300,General Internal Medicine Service,46,10.2,
2024-05|RWW|C_301,2024-05,RWW,WARRINGTON AND HALTON TEACHING HOSPITALS NHS FOUNDATION TRUST,C_301,Gastroenterology Service,2827,10.7,
2024-05|RWW|C_320,2024-05,RWW,WARRINGTON AND HALTON TEACHING HOSPITALS NHS FOUNDATION TRUST,C_320,Cardiology Service,2101,15.9,
2024-05|RWW|C_340,2024-05,RWW,WARRINGTON AND HALTON TEACHING HOSPITALS NHS FOUNDATION TRUST,C_340,Respiratory Medicine Service,1617,15.8,
2024-05|RWW|C_410,2024-05,RWW,WARRINGTON AND HALTON TEACHING HOSPITALS NHS FOUNDATION TRUST,C_410,Rheumatology Service,589,7.5,
2024-05|RWW|C_430,2024-05,RWW,WARRINGTON AND HALTON TEACHING HOSPITALS NHS FOUNDATION TRUST,C_430,Elderly Medicine Service,135,10.7,
2024-05|RWW|C_502,2024-05,RWW,WARRINGTON AND HALTON TEACHING HOSPITALS NHS FOUNDATION TRUST,C_502,Gynaecology Service,4543,17.6,
2024-05|RWW|C_999,2024-05,RWW,WARRINGTON AND HALTON TEACHING HOSPITALS NHS FOUNDATION TRUST,C_999,Total,36475,14.2,
2024-05|RWW|X02,2024-05,RWW,WARRINGTON AND HALTON TEACHING HOSPITALS NHS FOUNDATION TRUST,X02,Other - Medical Services,3545,15.2,
2024-05|RWW|X04,2024-05,RWW,WARRINGTON AND HALTON TEACHING HOSPITALS NHS FOUNDATION TRUST,X04,Other - Paediatric Services,1569,6.7,
2024-05|RWW|X05,2024-05,RWW,WARRINGTON AND HALTON TEACHING HOSPITALS NHS FOUNDATION TRUST,X05,Other - Surgical Services,5871,16.0,
2024-05|RWW|X06,2024-05,RWW,WARRINGTON AND HALTON TEACHING HOSPITALS NHS FOUNDATION TRUST,X06,Other - Other Services,420,13.4,
2024-05|RWX|C_999,2024-05,RWX,BERKSHIRE HEALTHCARE NHS FOUNDATION TRUST,C_999,Total,299,5.3,
2024-05|RWX|X02,2024-05,RWX,BERKSHIRE HEALTHCARE NHS FOUNDATION TRUST,X02,Other - Medical Services,101,2.9,
2024-05|RWX|X04,2024-05,RWX,BERKSHIRE HEALTHCARE NHS FOUNDATION TRUST,X04,Other - Paediatric Services,198,6.7,
2024-05|RWY|C_100,2024-05,RWY,CALDERDALE AND HUDDERSFIELD NHS FOUNDATION TRUST,C_100,General Surgery Service,5074,9.3,
2024-05|RWY|C_101,2024-05,RWY,CALDERDALE AND HUDDERSFIELD NHS FOUNDATION TRUST,C_101,Urology Service,2113,10.6,
2024-05|RWY|C_110,2024-05,RWY,CALDERDALE AND HUDDERSFIELD NHS FOUNDATION TRUST,C_110,Trauma and Orthopaedic Service,3044,9.7,
2024-05|RWY|C_120,2024-05,RWY,CALDERDALE AND HUDDERSFIELD NHS FOUNDATION TRUST,C_120,Ear Nose and Throat Service,5815,17.6,
2024-05|RWY|C_130,2024-05,RWY,CALDERDALE AND HUDDERSFIELD NHS FOUNDATION TRUST,C_130,Ophthalmology Service,2400,5.6,
2024-05|RWY|C_140,2024-05,RWY,CALDERDALE AND HUDDERSFIELD NHS FOUNDATION TRUST,C_140,Oral Surgery Service,1657,14.2,
2024-05|RWY|C_160,2024-05,RWY,CALDERDALE AND HUDDERSFIELD NHS FOUNDATION TRUST,C_160,Plastic Surgery Service,743,13.9,
2024-05|RWY|C_300,2024-05,RWY,CALDERDALE AND HUDDERSFIELD NHS FOUNDATION TRUST,C_300,General Internal Medicine Service,69,10.5,
2024-05|RWY|C_301,2024-05,RWY,CALDERDALE AND HUDDERSFIELD NHS FOUNDATION TRUST,C_301,Gastroenterology Service,2145,7.9,
2024-05|RWY|C_320,2024-05,RWY,CALDERDALE AND HUDDERSFIELD NHS FOUNDATION TRUST,C_320,Cardiology Service,1961,10.0,
2024-05|RWY|C_330,2024-05,RWY,CALDERDALE AND HUDDERSFIELD NHS FOUNDATION TRUST,C_330,Dermatology Service,1217,5.3,
2024-05|RWY|C_340,2024-05,RWY,CALDERDALE AND HUDDERSFIELD NHS FOUNDATION TRUST,C_340,Respiratory Medicine Service,823,8.3,
2024-05|RWY|C_400,2024-05,RWY,CALDERDALE AND HUDDERSFIELD NHS FOUNDATION TRUST,C_400,Neurology Service,1236,11.4,
2024-05|RWY|C_410,2024-05,RWY,CALDERDALE AND HUDDERSFIELD NHS FOUNDATION TRUST,C_410,Rheumatology Service,964,9.5,
2024-05|RWY|C_430,2024-05,RWY,CALDERDALE AND HUDDERSFIELD NHS FOUNDATION TRUST,C_430,Elderly Medicine Service,134,12.7,
2024-05|RWY|C_502,2024-05,RWY,CALDERDALE AND HUDDERSFIELD NHS FOUNDATION TRUST,C_502,Gynaecology Service,3325,11.4,
2024-05|RWY|C_999,2024-05,RWY,CALDERDALE AND HUDDERSFIELD NHS FOUNDATION TRUST,C_999,Total,35676,10.2,
2024-05|RWY|X02,2024-05,RWY,CALDERDALE AND HUDDERSFIELD NHS FOUNDATION TRUST,X02,Other - Medical Services,1254,7.2,
2024-05|RWY|X04,2024-05,RWY,CALDERDALE AND HUDDERSFIELD NHS FOUNDATION TRUST,X04,Other - Paediatric Services,1225,7.0,
2024-05|RWY|X05,2024-05,RWY,CALDERDALE AND HUDDERSFIELD NHS FOUNDATION TRUST,X05,Other - Surgical Services,262,5.3,
2024-05|RWY|X06,2024-05,RWY,CALDERDALE AND HUDDERSFIELD NHS FOUNDATION TRUST,X06,Other - Other Services,215,7.5,
2024-05|RX1|C_100,2024-05,RX1,NOTTINGHAM UNIVERSITY HOSPITALS NHS TRUST,C_100,General Surgery Service,1957,21.7,
2024-05|RX1|C_101,2024-05,RX1,NOTTINGHAM UNIVERSITY HOSPITALS NHS TRUST,C_101,Urology Service,4506,16.4,
2024-05|RX1|C_110,2024-05,RX1,NOTTINGHAM UNIVERSITY HOSPITALS NHS TRUST,C_110,Trauma and Orthopaedic Service,7830,16.7,
2024-05|RX1|C_120,2024-05,RX1,NOTTINGHAM UNIVERSITY HOSPITALS NHS TRUST,C_120,Ear Nose and Throat Service,11651,24.5,
2024-05|RX1|C_130,2024-05,RX1,NOTTINGHAM UNIVERSITY HOSPITALS NHS TRUST,C_130,Ophthalmology Service,6149,13.5,
2024-05|RX1|C_140,2024-05,RX1,NOTTINGHAM UNIVERSITY HOSPITALS NHS TRUST,C_140,Oral Surgery Service,2817,26.1,
2024-05|RX1|C_150,2024-05,RX1,NOTTINGHAM UNIVERSITY HOSPITALS NHS TRUST,C_150,Neurosurgical Service,939,11.2,
2024-05|RX1|C_160,2024-05,RX1,NOTTINGHAM UNIVERSITY HOSPITALS NHS TRUST,C_160,Plastic Surgery Service,1194,15.6,
2024-05|RX1|C_170,2024-05,RX1,NOTTINGHAM UNIVERSITY HOSPITALS NHS TRUST,C_170,Cardiothoracic Surgery Service,260,10.2,
2024-05|RX1|C_300,2024-05,RX1,NOTTINGHAM UNIVERSITY HOSPITALS NHS TRUST,C_300,General Internal Medicine Service,3,18.5,
2024-05|RX1|C_301,2024-05,RX1,NOTTINGHAM UNIVERSITY HOSPITALS NHS TRUST,C_301,Gastroenterology Service,5386,16.5,
2024-05|RX1|C_320,2024-05,RX1,NOTTINGHAM UNIVERSITY HOSPITALS NHS TRUST,C_320,Cardiology Service,3647,17.9,
2024-05|RX1|C_330,2024-05,RX1,NOTTINGHAM UNIVERSITY HOSPITALS NHS TRUST,C_330,Dermatology Service,6345,13.0,
2024-05|RX1|C_340,2024-05,RX1,NOTTINGHAM UNIVERSITY HOSPITALS NHS TRUST,C_340,Respiratory Medicine Service,2056,13.1,
2024-05|RX1|C_400,2024-05,RX1,NOTTINGHAM UNIVERSITY HOSPITALS NHS TRUST,C_400,Neurology Service,1522,9.3,
2024-05|RX1|C_410,2024-05,RX1,NOTTINGHAM UNIVERSITY HOSPITALS NHS TRUST,C_410,Rheumatology Service,492,5.1,
2024-05|RX1|C_430,2024-05,RX1,NOTTINGHAM UNIVERSITY HOSPITALS NHS TRUST,C_430,Elderly Medicine Service,499,10.9,
2024-05|RX1|C_502,2024-05,RX1,NOTTINGHAM UNIVERSITY HOSPITALS NHS TRUST,C_502,Gynaecology Service,4359,13.1,
2024-05|RX1|C_999,2024-05,RX1,NOTTINGHAM UNIVERSITY HOSPITALS NHS TRUST,C_999,Total,87040,15.3,
2024-05|RX1|X02,2024-05,RX1,NOTTINGHAM UNIVERSITY HOSPITALS NHS TRUST,X02,Other - Medical Services,12788,13.4,
2024-05|RX1|X04,2024-05,RX1,NOTTINGHAM UNIVERSITY HOSPITALS NHS TRUST,X04,Other - Paediatric Services,2842,8.4,
2024-05|RX1|X05,2024-05,RX1,NOTTINGHAM UNIVERSITY HOSPITALS NHS TRUST,X05,Other - Surgical Services,8734,17.2,
2024-05|RX1|X06,2024-05,RX1,NOTTINGHAM UNIVERSITY HOSPITALS NHS TRUST,X06,Other - Other Services,1064,6.7,
2024-05|RX4|C_999,2024-05,RX4,"CUMBRIA, NORTHUMBERLAND, TYNE AND WEAR NHS FOUNDATION TRUST",C_999,Total,195,6.2,
2024-05|RX4|X06,2024-05,RX4,"CUMBRIA, NORTHUMBERLAND, TYNE AND WEAR NHS FOUNDATION TRUST",X06,Other - Other Services,195,6.2,
2024-05|RXC|C_100,2024-05,RXC,EAST SUSSEX HEALTHCARE NHS TRUST,C_100,General Surgery Service,4633,15.7,
2024-05|RXC|C_101,2024-05,RXC,EAST SUSSEX HEALTHCARE NHS TRUST,C_101,Urology Service,4385,17.3,
2024-05|RXC|C_110,2024-05,RXC,EAST SUSSEX HEALTHCARE NHS TRUST,C_110,Trauma and Orthopaedic Service,1808,14.7,
2024-05|RXC|C_120,2024-05,RXC,EAST SUSSEX HEALTHCARE NHS TRUST,C_120,Ear Nose and Throat Service,8293,19.5,
2024-05|RXC|C_130,2024-05,RXC,EAST SUSSEX HEALTHCARE NHS TRUST,C_130,Ophthalmology Service,4953,12.5,
2024-05|RXC|C_140,2024-05,RXC,EAST SUSSEX HEALTHCARE NHS TRUST,C_140,Oral Surgery Service,1749,14.2,
2024-05|RXC|C_300,2024-05,RXC,EAST SUSSEX HEALTHCARE NHS TRUST,C_300,General Internal Medicine Service,29,2.8,
2024-05|RXC|C_301,2024-05,RXC,EAST SUSSEX HEALTHCARE NHS TRUST,C_301,Gastroenterology Service,4157,16.9,
2024-05|RXC|C_320,2024-05,RXC,EAST SUSSEX HEALTHCARE NHS TRUST,C_320,Cardiology Service,3345,11.9,
2024-05|RXC|C_330,2024-05,RXC,EAST SUSSEX HEALTHCARE NHS TRUST,C_330,Dermatology Service,1147,4.7,
2024-05|RXC|C_340,2024-05,RXC,EAST SUSSEX HEALTHCARE NHS TRUST,C_340,Respiratory Medicine Service,1567,13.6,
2024-05|RXC|C_400,2024-05,RXC,EAST SUSSEX HEALTHCARE NHS TRUST,C_400,Neurology Service,2332,16.9,
2024-05|RXC|C_410,2024-05,RXC,EAST SUSSEX HEALTHCARE NHS TRUST,C_410,Rheumatology Service,424,10.1,
2024-05|RXC|C_430,2024-05,RXC,EAST SUSSEX HEALTHCARE NHS TRUST,C_430,Elderly Medicine Service,144,6.2,
2024-05|RXC|C_502,2024-05,RXC,EAST SUSSEX HEALTHCARE NHS TRUST,C_502,Gynaecology Service,4893,17.6,
2024-05|RXC|C_999,2024-05,RXC,EAST SUSSEX HEALTHCARE NHS TRUST,C_999,Total,54006,15.1,
2024-05|RXC|X02,2024-05,RXC,EAST SUSSEX HEALTHCARE NHS TRUST,X02,Other - Medical Services,4053,10.9,
2024-05|RXC|X04,2024-05,RXC,EAST SUSSEX HEALTHCARE NHS TRUST,X04,Other - Paediatric Services,320,9.4,
2024-05|RXC|X05,2024-05,RXC,EAST SUSSEX HEALTHCARE NHS TRUST,X05,Other - Surgical Services,4346,16.6,
2024-05|RXC|X06,2024-05,RXC,EAST SUSSEX HEALTHCARE NHS TRUST,X06,Other - Other Services,1428,21.3,
2024-05|RXF|C_100,2024-05,RXF,MID YORKSHIRE TEACHING NHS TRUST,C_100,General Surgery Service,2161,23.0,
2024-05|RXF|C_101,2024-05,RXF,MID YORKSHIRE TEACHING NHS TRUST,C_101,Urology Service,3328,12.3,
2024-05|RXF|C_110,2024-05,RXF,MID YORKSHIRE TEACHING NHS TRUST,C_110,Trauma and Orthopaedic Service,5482,22.9,
2024-05|RXF|C_120,2024-05,RXF,MID YORKSHIRE TEACHING NHS TRUST,C_120,Ear Nose and Throat Service,6340,13.5,
2024-05|RXF|C_130,2024-05,RXF,MID YORKSHIRE TEACHING NHS TRUST,C_130,Ophthalmology Service,4874,11.5,
2024-05|RXF|C_140,2024-05,RXF,MID YORKSHIRE TEACHING NHS TRUST,C_140,Oral Surgery Service,2583,9.6,
2024-05|RXF|C_160,2024-05,RXF,MID YORKSHIRE TEACHING NHS TRUST,C_160,Plastic Surgery Service,1923,14.2,
2024-05|RXF|C_300,2024-05,RXF,MID YORKSHIRE TEACHING NHS TRUST,C_300,General Internal Medicine Service,43,2.5,
2024-05|RXF|C_301,2024-05,RXF,MID YORKSHIRE TEACHING NHS TRUST,C_301,Gastroenterology Service,2659,7.7,
2024-05|RXF|C_320,2024-05,RXF,MID YORKSHIRE TEACHING NHS TRUST,C_320,Cardiology Service,1090,9.5,
2024-05|RXF|C_330,2024-05,RXF,MID YORKSHIRE TEACHING NHS TRUST,C_330,Dermatology Service,1041,6.2,
2024-05|RXF|C_340,2024-05,RXF,MID YORKSHIRE TEACHING NHS TRUST,C_340,Respiratory Medicine Service,1685,16.4,
2024-05|RXF|C_400,2024-05,RXF,MID YORKSHIRE TEACHING NHS TRUST,C_400,Neurology Service,1887,21.1,
2024-05|RXF|C_410,2024-05,RXF,MID YORKSHIRE TEACHING NHS TRUST,C_410,Rheumatology Service,912,14.6,
2024-05|RXF|C_430,2024-05,RXF,MID YORKSHIRE TEACHING NHS TRUST,C_430,Elderly Medicine Service,192,14.2,
2024-05|RXF|C_502,2024-05,RXF,MID YORKSHIRE TEACHING NHS TRUST,C_502,Gynaecology Service,5678,14.0,
2024-05|RXF|C_999,2024-05,RXF,MID YORKSHIRE TEACHING NHS TRUST,C_999,Total,55828,13.9,
2024-05|RXF|X02,2024-05,RXF,MID YORKSHIRE TEACHING NHS TRUST,X02,Other - Medical Services,7546,16.2,
2024-05|RXF|X04,2024-05,RXF,MID YORKSHIRE TEACHING NHS TRUST,X04,Other - Paediatric Services,445,7.9,
2024-05|RXF|X05,2024-05,RXF,MID YORKSHIRE TEACHING NHS TRUST,X05,Other - Surgical Services,5730,12.6,
2024-05|RXF|X06,2024-05,RXF,MID YORKSHIRE TEACHING NHS TRUST,X06,Other - Other Services,229,4.9,
2024-05|RXG|C_999,2024-05,RXG,SOUTH WEST YORKSHIRE PARTNERSHIP NHS FOUNDATION TRUST,C_999,Total,3130,3.6,
2024-05|RXG|X06,2024-05,RXG,SOUTH WEST YORKSHIRE PARTNERSHIP NHS FOUNDATION TRUST,X06,Other - Other Services,3130,3.6,
2024-05|RXK|C_100,2024-05,RXK,SANDWELL AND WEST BIRMINGHAM HOSPITALS NHS TRUST,C_100,General Surgery Service,6407,19.9,
2024-05|RXK|C_101,2024-05,RXK,SANDWELL AND WEST BIRMINGHAM HOSPITALS NHS TRUST,C_101,Urology Service,4835,19.6,
2024-05|RXK|C_110,2024-05,RXK,SANDWELL AND WEST BIRMINGHAM HOSPITALS NHS TRUST,C_110,Trauma and Orthopaedic Service,7523,18.5,
2024-05|RXK|C_120,2024-05,RXK,SANDWELL AND WEST BIRMINGHAM HOSPITALS NHS TRUST,C_120,Ear Nose and Throat Service,6528,25.6,
2024-05|RXK|C_130,2024-05,RXK,SANDWELL AND WEST BIRMINGHAM HOSPITALS NHS TRUST,C_130,Ophthalmology Service,11717,12.6,
2024-05|RXK|C_140,2024-05,RXK,SANDWELL AND WEST BIRMINGHAM HOSPITALS NHS TRUST,C_140,Oral Surgery Service,4467,30.8,
2024-05|RXK|C_160,2024-05,RXK,SANDWELL AND WEST BIRMINGHAM HOSPITALS NHS TRUST,C_160,Plastic Surgery Service,435,18.9,
2024-05|RXK|C_170,2024-05,RXK,SANDWELL AND WEST BIRMINGHAM HOSPITALS NHS TRUST,C_170,Cardiothoracic Surgery Service,28,5.0,
2024-05|RXK|C_301,2024-05,RXK,SANDWELL AND WEST BIRMINGHAM HOSPITALS NHS TRUST,C_301,Gastroenterology Service,2291,14.9,
2024-05|RXK|C_320,2024-05,RXK,SANDWELL AND WEST BIRMINGHAM HOSPITALS NHS TRUST,C_320,Cardiology Service,5284,18.2,
2024-05|RXK|C_330,2024-05,RXK,SANDWELL AND WEST BIRMINGHAM HOSPITALS NHS TRUST,C_330,Dermatology Service,3122,19.7,
2024-05|RXK|C_340,2024-05,RXK,SANDWELL AND WEST BIRMINGHAM HOSPITALS NHS TRUST,C_340,Respiratory Medicine Service,1221,7.5,
2024-05|RXK|C_400,2024-05,RXK,SANDWELL AND WEST BIRMINGHAM HOSPITALS NHS TRUST,C_400,Neurology Service,1429,25.3,
2024-05|RXK|C_410,2024-05,RXK,SANDWELL AND WEST BIRMINGHAM HOSPITALS NHS TRUST,C_410,Rheumatology Service,873,8.1,
2024-05|RXK|C_430,2024-05,RXK,SANDWELL AND WEST BIRMINGHAM HOSPITALS NHS TRUST,C_430,Elderly Medicine Service,63,4.8,
2024-05|RXK|C_502,2024-05,RXK,SANDWELL AND WEST BIRMINGHAM HOSPITALS NHS TRUST,C_502,Gynaecology Service,4228,16.8,
2024-05|RXK|C_999,2024-05,RXK,SANDWELL AND WEST BIRMINGHAM HOSPITALS NHS TRUST,C_999,Total,76242,16.8,
2024-05|RXK|X02,2024-05,RXK,SANDWELL AND WEST BIRMINGHAM HOSPITALS NHS TRUST,X02,Other - Medical Services,3626,10.9,
2024-05|RXK|X04,2024-05,RXK,SANDWELL AND WEST BIRMINGHAM HOSPITALS NHS TRUST,X04,Other - Paediatric Services,7744,18.7,
2024-05|RXK|X05,2024-05,RXK,SANDWELL AND WEST BIRMINGHAM HOSPITALS NHS TRUST,X05,Other - Surgical Services,4046,11.1,
2024-05|RXK|X06,2024-05,RXK,SANDWELL AND WEST BIRMINGHAM HOSPITALS NHS TRUST,X06,Other - Other Services,375,9.9,
2024-05|RXL|C_100,2024-05,RXL,BLACKPOOL TEACHING HOSPITALS NHS FOUNDATION TRUST,C_100,General Surgery Service,1105,16.6,
2024-05|RXL|C_101,2024-05,RXL,BLACKPOOL TEACHING HOSPITALS NHS FOUNDATION TRUST,C_101,Urology Service,1955,11.9,
2024-05|RXL|C_110,2024-05,RXL,BLACKPOOL TEACHING HOSPITALS NHS FOUNDATION TRUST,C_110,Trauma and Orthopaedic Service,2610,16.9,
2024-05|RXL|C_120,2024-05,RXL,BLACKPOOL TEACHING HOSPITALS NHS FOUNDATION TRUST,C_120,Ear Nose and Throat Service,2637,11.7,
2024-05|RXL|C_130,2024-05,RXL,BLACKPOOL TEACHING HOSPITALS NHS FOUNDATION TRUST,C_130,Ophthalmology Service,3401,16.3,
2024-05|RXL|C_140,2024-05,RXL,BLACKPOOL TEACHING HOSPITALS NHS FOUNDATION TRUST,C_140,Oral Surgery Service,2535,24.6,
2024-05|RXL|C_160,2024-05,RXL,BLACKPOOL TEACHING HOSPITALS NHS FOUNDATION TRUST,C_160,Plastic Surgery Service,56,5.0,
2024-05|RXL|C_170,2024-05,RXL,BLACKPOOL TEACHING HOSPITALS NHS FOUNDATION TRUST,C_170,Cardiothoracic Surgery Service,695,14.7,
2024-05|RXL|C_300,2024-05,RXL,BLACKPOOL TEACHING HOSPITALS NHS FOUNDATION TRUST,C_300,General Internal Medicine Service,2,1.0,
2024-05|RXL|C_301,2024-05,RXL,BLACKPOOL TEACHING HOSPITALS NHS FOUNDATION TRUST,C_301,Gastroenterology Service,2866,16.6,
2024-05|RXL|C_320,2024-05,RXL,BLACKPOOL TEACHING HOSPITALS NHS FOUNDATION TRUST,C_320,Cardiology Service,4238,18.0,
2024-05|RXL|C_330,2024-05,RXL,BLACKPOOL TEACHING HOSPITALS NHS FOUNDATION TRUST,C_330,Dermatology Service,1418,4.6,
2024-05|RXL|C_340,2024-05,RXL,BLACKPOOL TEACHING HOSPITALS NHS FOUNDATION TRUST,C_340,Respiratory Medicine Service,487,7.6,
2024-05|RXL|C_410,2024-05,RXL,BLACKPOOL TEACHING HOSPITALS NHS FOUNDATION TRUST,C_410,Rheumatology Service,833,14.9,
2024-05|RXL|C_430,2024-05,RXL,BLACKPOOL TEACHING HOSPITALS NHS FOUNDATION TRUST,C_430,Elderly Medicine Service,36,8.2,
2024-05|RXL|C_502,2024-05,RXL,BLACKPOOL TEACHING HOSPITALS NHS FOUNDATION TRUST,C_502,Gynaecology Service,3617,26.6,
2024-05|RXL|C_999,2024-05,RXL,BLACKPOOL TEACHING HOSPITALS NHS FOUNDATION TRUST,C_999,Total,34241,15.0,
2024-05|RXL|X02,2024-05,RXL,BLACKPOOL TEACHING HOSPITALS NHS FOUNDATION TRUST,X02,Other - Medical Services,2906,13.9,
2024-05|RXL|X04,2024-05,RXL,BLACKPOOL TEACHING HOSPITALS NHS FOUNDATION TRUST,X04,Other - Paediatric Services,1235,15.0,
2024-05|RXL|X05,2024-05,RXL,BLACKPOOL TEACHING HOSPITALS NHS FOUNDATION TRUST,X05,Other - Surgical Services,1609,8.4,
2024-05|RXN|C_100,2024-05,RXN,LANCASHIRE TEACHING HOSPITALS NHS FOUNDATION TRUST,C_100,General Surgery Service,155,18.5,
2024-05|RXN|C_101,2024-05,RXN,LANCASHIRE TEACHING HOSPITALS NHS FOUNDATION TRUST,C_101,Urology Service,2005,17.5,
2024-05|RXN|C_110,2024-05,RXN,LANCASHIRE TEACHING HOSPITALS NHS FOUNDATION TRUST,C_110,Trauma and Orthopaedic Service,3535,12.7,
2024-05|RXN|C_120,2024-05,RXN,LANCASHIRE TEACHING HOSPITALS NHS FOUNDATION TRUST,C_120,Ear Nose and Throat Service,2295,10.9,
2024-05|RXN|C_130,2024-05,RXN,LANCASHIRE TEACHING HOSPITALS NHS FOUNDATION TRUST,C_130,Ophthalmology Service,4248,14.1,
2024-05|RXN|C_140,2024-05,RXN,LANCASHIRE TEACHING HOSPITALS NHS FOUNDATION TRUST,C_140,Oral Surgery Service,4687,20.7,
2024-05|RXN|C_150,2024-05,RXN,LANCASHIRE TEACHING HOSPITALS NHS FOUNDATION TRUST,C_150,Neurosurgical Service,3714,16.7,
2024-05|RXN|C_160,2024-05,RXN,LANCASHIRE TEACHING HOSPITALS NHS FOUNDATION TRUST,C_160,Plastic Surgery Service,3043,17.1,
2024-05|RXN|C_300,2024-05,RXN,LANCASHIRE TEACHING HOSPITALS NHS FOUNDATION TRUST,C_300,General Internal Medicine Service,2336,16.0,
2024-05|RXN|C_301,2024-05,RXN,LANCASHIRE TEACHING HOSPITALS NHS FOUNDATION TRUST,C_301,Gastroenterology Service,1887,22.5,
2024-05|RXN|C_320,2024-05,RXN,LANCASHIRE TEACHING HOSPITALS NHS FOUNDATION TRUST,C_320,Cardiology Service,3245,14.8,
2024-05|RXN|C_330,2024-05,RXN,LANCASHIRE TEACHING HOSPITALS NHS FOUNDATION TRUST,C_330,Dermatology Service,2127,8.3,
2024-05|RXN|C_400,2024-05,RXN,LANCASHIRE TEACHING HOSPITALS NHS FOUNDATION TRUST,C_400,Neurology Service,6611,17.6,
2024-05|RXN|C_430,2024-05,RXN,LANCASHIRE TEACHING HOSPITALS NHS FOUNDATION TRUST,C_430,Elderly Medicine Service,158,7.9,
2024-05|RXN|C_502,2024-05,RXN,LANCASHIRE TEACHING HOSPITALS NHS FOUNDATION TRUST,C_502,Gynaecology Service,2032,15.7,
2024-05|RXN|C_999,2024-05,RXN,LANCASHIRE TEACHING HOSPITALS NHS FOUNDATION TRUST,C_999,Total,58800,15.6,
2024-05|RXN|X02,2024-05,RXN,LANCASHIRE TEACHING HOSPITALS NHS FOUNDATION TRUST,X02,Other - Medical Services,5621,16.1,
2024-05|RXN|X04,2024-05,RXN,LANCASHIRE TEACHING HOSPITALS NHS FOUNDATION TRUST,X04,Other - Paediatric Services,2561,18.5,
2024-05|RXN|X05,2024-05,RXN,LANCASHIRE TEACHING HOSPITALS NHS FOUNDATION TRUST,X05,Other - Surgical Services,7903,15.3,
2024-05|RXN|X06,2024-05,RXN,LANCASHIRE TEACHING HOSPITALS NHS FOUNDATION TRUST,X06,Other - Other Services,637,5.9,
2024-05|RXP|C_100,2024-05,RXP,COUNTY DURHAM AND DARLINGTON NHS FOUNDATION TRUST,C_100,General Surgery Service,4543,11.6,
2024-05|RXP|C_110,2024-05,RXP,COUNTY DURHAM AND DARLINGTON NHS FOUNDATION TRUST,C_110,Trauma and Orthopaedic Service,6664,5.9,
2024-05|RXP|C_120,2024-05,RXP,COUNTY DURHAM AND DARLINGTON NHS FOUNDATION TRUST,C_120,Ear Nose and Throat Service,3018,18.2,
2024-05|RXP|C_130,2024-05,RXP,COUNTY DURHAM AND DARLINGTON NHS FOUNDATION TRUST,C_130,Ophthalmology Service,2922,12.4,
2024-05|RXP|C_140,2024-05,RXP,COUNTY DURHAM AND DARLINGTON NHS FOUNDATION TRUST,C_140,Oral Surgery Service,876,15.2,
2024-05|RXP|C_160,2024-05,RXP,COUNTY DURHAM AND DARLINGTON NHS FOUNDATION TRUST,C_160,Plastic Surgery Service,1865,15.3,
2024-05|RXP|C_170,2024-05,RXP,COUNTY DURHAM AND DARLINGTON NHS FOUNDATION TRUST,C_170,Cardiothoracic Surgery Service,2,12.0,
2024-05|RXP|C_300,2024-05,RXP,COUNTY DURHAM AND DARLINGTON NHS FOUNDATION TRUST,C_300,General Internal Medicine Service,1373,16.8,
2024-05|RXP|C_301,2024-05,RXP,COUNTY DURHAM AND DARLINGTON NHS FOUNDATION TRUST,C_301,Gastroenterology Service,2816,15.4,
2024-05|RXP|C_320,2024-05,RXP,COUNTY DURHAM AND DARLINGTON NHS FOUNDATION TRUST,C_320,Cardiology Service,1912,10.4,
2024-05|RXP|C_330,2024-05,RXP,COUNTY DURHAM AND DARLINGTON NHS FOUNDATION TRUST,C_330,Dermatology Service,4174,10.3,
2024-05|RXP|C_340,2024-05,RXP,COUNTY DURHAM AND DARLINGTON NHS FOUNDATION TRUST,C_340,Respiratory Medicine Service,1513,15.1,
2024-05|RXP|C_410,2024-05,RXP,COUNTY DURHAM AND DARLINGTON NHS FOUNDATION TRUST,C_410,Rheumatology Service,798,21.6,
2024-05|RXP|C_430,2024-05,RXP,COUNTY DURHAM AND DARLINGTON NHS FOUNDATION TRUST,C_430,Elderly Medicine Service,304,5.6,
2024-05|RXP|C_502,2024-05,RXP,COUNTY DURHAM AND DARLINGTON NHS FOUNDATION TRUST,C_502,Gynaecology Service,4582,13.0,
2024-05|RXP|C_999,2024-05,RXP,COUNTY DURHAM AND DARLINGTON NHS FOUNDATION TRUST,C_999,Total,42211,12.0,
2024-05|RXP|X02,2024-05,RXP,COUNTY DURHAM AND DARLINGTON NHS FOUNDATION TRUST,X02,Other - Medical Services,104,6.1,
2024-05|RXP|X03,2024-05,RXP,COUNTY DURHAM AND DARLINGTON NHS FOUNDATION TRUST,X03,Other - Mental Health Services,765,12.5,
2024-05|RXP|X04,2024-05,RXP,COUNTY DURHAM AND DARLINGTON NHS FOUNDATION TRUST,X04,Other - Paediatric Services,3980,13.9,
2024-05|RXQ|C_100,2024-05,RXQ,BUCKINGHAMSHIRE HEALTHCARE NHS TRUST,C_100,General Surgery Service,2464,13.3,
2024-05|RXQ|C_101,2024-05,RXQ,BUCKINGHAMSHIRE HEALTHCARE NHS TRUST,C_101,Urology Service,3033,14.9,
2024-05|RXQ|C_110,2024-05,RXQ,BUCKINGHAMSHIRE HEALTHCARE NHS TRUST,C_110,Trauma and Orthopaedic Service,4735,22.3,
2024-05|RXQ|C_120,2024-05,RXQ,BUCKINGHAMSHIRE HEALTHCARE NHS TRUST,C_120,Ear Nose and Throat Service,5507,19.0,
2024-05|RXQ|C_130,2024-05,RXQ,BUCKINGHAMSHIRE HEALTHCARE NHS TRUST,C_130,Ophthalmology Service,7120,16.7,
2024-05|RXQ|C_140,2024-05,RXQ,BUCKINGHAMSHIRE HEALTHCARE NHS TRUST,C_140,Oral Surgery Service,990,8.2,
2024-05|RXQ|C_160,2024-05,RXQ,BUCKINGHAMSHIRE HEALTHCARE NHS TRUST,C_160,Plastic Surgery Service,1276,16.6,
2024-05|RXQ|C_301,2024-05,RXQ,BUCKINGHAMSHIRE HEALTHCARE NHS TRUST,C_301,Gastroenterology Service,3145,13.5,
2024-05|RXQ|C_320,2024-05,RXQ,BUCKINGHAMSHIRE HEALTHCARE NHS TRUST,C_320,Cardiology Service,1659,25.4,
2024-05|RXQ|C_330,2024-05,RXQ,BUCKINGHAMSHIRE HEALTHCARE NHS TRUST,C_330,Dermatology Service,3680,17.3,
2024-05|RXQ|C_340,2024-05,RXQ,BUCKINGHAMSHIRE HEALTHCARE NHS TRUST,C_340,Respiratory Medicine Service,1210,12.7,
2024-05|RXQ|C_400,2024-05,RXQ,BUCKINGHAMSHIRE HEALTHCARE NHS TRUST,C_400,Neurology Service,2643,23.1,
2024-05|RXQ|C_410,2024-05,RXQ,BUCKINGHAMSHIRE HEALTHCARE NHS TRUST,C_410,Rheumatology Service,1045,16.5,
2024-05|RXQ|C_430,2024-05,RXQ,BUCKINGHAMSHIRE HEALTHCARE NHS TRUST,C_430,Elderly Medicine Service,226,3.1,
2024-05|RXQ|C_502,2024-05,RXQ,BUCKINGHAMSHIRE HEALTHCARE NHS TRUST,C_502,Gynaecology Service,2997,14.5,
2024-05|RXQ|C_999,2024-05,RXQ,BUCKINGHAMSHIRE HEALTHCARE NHS TRUST,C_999,Total,51635,16.3,
2024-05|RXQ|X02,2024-05,RXQ,BUCKINGHAMSHIRE HEALTHCARE NHS TRUST,X02,Other - Medical Services,5804,18.2,
2024-05|RXQ|X04,2024-05,RXQ,BUCKINGHAMSHIRE HEALTHCARE NHS TRUST,X04,Other - Paediatric Services,953,13.4,
2024-05|RXQ|X05,2024-05,RXQ,BUCKINGHAMSHIRE HEALTHCARE NHS TRUST,X05,Other - Surgical Services,1746,11.8,
2024-05|RXQ|X06,2024-05,RXQ,BUCKINGHAMSHIRE HEALTHCARE NHS TRUST,X06,Other - Other Services,1402,8.0,
2024-05|RXR|C_100,2024-05,RXR,EAST LANCASHIRE HOSPITALS NHS TRUST,C_100,General Surgery Service,5307,20.7,
2024-05|RXR|C_101,2024-05,RXR,EAST LANCASHIRE HOSPITALS NHS TRUST,C_101,Urology Service,3398,15.3,
2024-05|RXR|C_110,2024-05,RXR,EAST LANCASHIRE HOSPITALS NHS TRUST,C_110,Trauma and Orthopaedic Service,8962,12.6,
2024-05|RXR|C_120,2024-05,RXR,EAST LANCASHIRE HOSPITALS NHS TRUST,C_120,Ear Nose and Throat Service,7283,15.3,
2024-05|RXR|C_130,2024-05,RXR,EAST LANCASHIRE HOSPITALS NHS TRUST,C_130,Ophthalmology Service,5597,10.8,
2024-05|RXR|C_140,2024-05,RXR,EAST LANCASHIRE HOSPITALS NHS TRUST,C_140,Oral Surgery Service,5770,22.0,
2024-05|RXR|C_300,2024-05,RXR,EAST LANCASHIRE HOSPITALS NHS TRUST,C_300,General Internal Medicine Service,2,7.0,
2024-05|RXR|C_301,2024-05,RXR,EAST LANCASHIRE HOSPITALS NHS TRUST,C_301,Gastroenterology Service,6085,25.9,
2024-05|RXR|C_320,2024-05,RXR,EAST LANCASHIRE HOSPITALS NHS TRUST,C_320,Cardiology Service,5509,23.8,
2024-05|RXR|C_330,2024-05,RXR,EAST LANCASHIRE HOSPITALS NHS TRUST,C_330,Dermatology Service,3111,24.5,
2024-05|RXR|C_340,2024-05,RXR,EAST LANCASHIRE HOSPITALS NHS TRUST,C_340,Respiratory Medicine Service,1098,8.0,
2024-05|RXR|C_410,2024-05,RXR,EAST LANCASHIRE HOSPITALS NHS TRUST,C_410,Rheumatology Service,1337,17.8,
2024-05|RXR|C_430,2024-05,RXR,EAST LANCASHIRE HOSPITALS NHS TRUST,C_430,Elderly Medicine Service,47,5.9,
2024-05|RXR|C_502,2024-05,RXR,EAST LANCASHIRE HOSPITALS NHS TRUST,C_502,Gynaecology Service,8084,19.9,
2024-05|RXR|C_999,2024-05,RXR,EAST LANCASHIRE HOSPITALS NHS TRUST,C_999,Total,72283,16.8,
2024-05|RXR|X02,2024-05,RXR,EAST LANCASHIRE HOSPITALS NHS TRUST,X02,Other - Medical Services,3295,11.8,
2024-05|RXR|X04,2024-05,RXR,EAST LANCASHIRE HOSPITALS NHS TRUST,X04,Other - Paediatric Services,3655,14.8,
2024-05|RXR|X05,2024-05,RXR,EAST LANCASHIRE HOSPITALS NHS TRUST,X05,Other - Surgical Services,3702,13.1,
2024-05|RXR|X06,2024-05,RXR,EAST LANCASHIRE HOSPITALS NHS TRUST,X06,Other - Other Services,41,8.5,
2024-05|RXW|C_100,2024-05,RXW,THE SHREWSBURY AND TELFORD HOSPITAL NHS TRUST,C_100,General Surgery Service,5868,18.1,
2024-05|RXW|C_101,2024-05,RXW,THE SHREWSBURY AND TELFORD HOSPITAL NHS TRUST,C_101,Urology Service,2753,13.0,
2024-05|RXW|C_110,2024-05,RXW,THE SHREWSBURY AND TELFORD HOSPITAL NHS TRUST,C_110,Trauma and Orthopaedic Service,1355,29.8,
2024-05|RXW|C_120,2024-05,RXW,THE SHREWSBURY AND TELFORD HOSPITAL NHS TRUST,C_120,Ear Nose and Throat Service,4953,25.8,
2024-05|RXW|C_130,2024-05,RXW,THE SHREWSBURY AND TELFORD HOSPITAL NHS TRUST,C_130,Ophthalmology Service,4281,14.9,
2024-05|RXW|C_140,2024-05,RXW,THE SHREWSBURY AND TELFORD HOSPITAL NHS TRUST,C_140,Oral Surgery Service,3259,25.6,
2024-05|RXW|C_170,2024-05,RXW,THE SHREWSBURY AND TELFORD HOSPITAL NHS TRUST,C_170,Cardiothoracic Surgery Service,61,8.5,
2024-05|RXW|C_300,2024-05,RXW,THE SHREWSBURY AND TELFORD HOSPITAL NHS TRUST,C_300,General Internal Medicine Service,1559,18.1,
2024-05|RXW|C_301,2024-05,RXW,THE SHREWSBURY AND TELFORD HOSPITAL NHS TRUST,C_301,Gastroenterology Service,4408,11.8,
2024-05|RXW|C_320,2024-05,RXW,THE SHREWSBURY AND TELFORD HOSPITAL NHS TRUST,C_320,Cardiology Service,2814,18.0,
2024-05|RXW|C_330,2024-05,RXW,THE SHREWSBURY AND TELFORD HOSPITAL NHS TRUST,C_330,Dermatology Service,3465,9.8,
2024-05|RXW|C_340,2024-05,RXW,THE SHREWSBURY AND TELFORD HOSPITAL NHS TRUST,C_340,Respiratory Medicine Service,1912,25.0,
2024-05|RXW|C_430,2024-05,RXW,THE SHREWSBURY AND TELFORD HOSPITAL NHS TRUST,C_430,Elderly Medicine Service,137,6.5,
2024-05|RXW|C_502,2024-05,RXW,THE SHREWSBURY AND TELFORD HOSPITAL NHS TRUST,C_502,Gynaecology Service,3959,19.6,
2024-05|RXW|C_999,2024-05,RXW,THE SHREWSBURY AND TELFORD HOSPITAL NHS TRUST,C_999,Total,44042,17.2,
2024-05|RXW|X02,2024-05,RXW,THE SHREWSBURY AND TELFORD HOSPITAL NHS TRUST,X02,Other - Medical Services,524,28.6,
2024-05|RXW|X03,2024-05,RXW,THE SHREWSBURY AND TELFORD HOSPITAL NHS TRUST,X03,Other - Mental Health Services,7,4.2,
2024-05|RXW|X04,2024-05,RXW,THE SHREWSBURY AND TELFORD HOSPITAL NHS TRUST,X04,Other - Paediatric Services,1154,13.7,
2024-05|RXW|X05,2024-05,RXW,THE SHREWSBURY AND TELFORD HOSPITAL NHS TRUST,X05,Other - Surgical Services,732,25.5,
2024-05|RXW|X06,2024-05,RXW,THE SHREWSBURY AND TELFORD HOSPITAL NHS TRUST,X06,Other - Other Services,841,5.1,
2024-05|RY6|C_502,2024-05,RY6,LEEDS COMMUNITY HEALTHCARE NHS TRUST,C_502,Gynaecology Service,229,38.0,
2024-05|RY6|C_999,2024-05,RY6,LEEDS COMMUNITY HEALTHCARE NHS TRUST,C_999,Total,229,38.0,
2024-05|RYJ|C_100,2024-05,RYJ,IMPERIAL COLLEGE HEALTHCARE NHS TRUST,C_100,General Surgery Service,3156,25.1,
2024-05|RYJ|C_101,2024-05,RYJ,IMPERIAL COLLEGE HEALTHCARE NHS TRUST,C_101,Urology Service,2926,14.7,
2024-05|RYJ|C_110,2024-05,RYJ,IMPERIAL COLLEGE HEALTHCARE NHS TRUST,C_110,Trauma and Orthopaedic Service,3520,17.3,
2024-05|RYJ|C_120,2024-05,RYJ,IMPERIAL COLLEGE HEALTHCARE NHS TRUST,C_120,Ear Nose and Throat Service,6985,15.1,
2024-05|RYJ|C_130,2024-05,RYJ,IMPERIAL COLLEGE HEALTHCARE NHS TRUST,C_130,Ophthalmology Service,6557,14.4,
2024-05|RYJ|C_140,2024-05,RYJ,IMPERIAL COLLEGE HEALTHCARE NHS TRUST,C_140,Oral Surgery Service,223,5.9,
2024-05|RYJ|C_150,2024-05,RYJ,IMPERIAL COLLEGE HEALTHCARE NHS TRUST,C_150,Neurosurgical Service,5870,24.9,
2024-05|RYJ|C_160,2024-05,RYJ,IMPERIAL COLLEGE HEALTHCARE NHS TRUST,C_160,Plastic Surgery Service,1852,18.8,
2024-05|RYJ|C_170,2024-05,RYJ,IMPERIAL COLLEGE HEALTHCARE NHS TRUST,C_170,Cardiothoracic Surgery Service,364,10.8,
2024-05|RYJ|C_300,2024-05,RYJ,IMPERIAL COLLEGE HEALTHCARE NHS TRUST,C_300,General Internal Medicine Service,140,5.8,
2024-05|RYJ|C_301,2024-05,RYJ,IMPERIAL COLLEGE HEALTHCARE NHS TRUST,C_301,Gastroenterology Service,3377,10.9,
2024-05|RYJ|C_320,2024-05,RYJ,IMPERIAL COLLEGE HEALTHCARE NHS TRUST,C_320,Cardiology Service,6683,12.7,
2024-05|RYJ|C_330,2024-05,RYJ,IMPERIAL COLLEGE HEALTHCARE NHS TRUST,C_330,Dermatology Service,3169,10.5,
2024-05|RYJ|C_340,2024-05,RYJ,IMPERIAL COLLEGE HEALTHCARE NHS TRUST,C_340,Respiratory Medicine Service,2664,10.5,
2024-05|RYJ|C_400,2024-05,RYJ,IMPERIAL COLLEGE HEALTHCARE NHS TRUST,C_400,Neurology Service,5861,20.7,
2024-05|RYJ|C_410,2024-05,RYJ,IMPERIAL COLLEGE HEALTHCARE NHS TRUST,C_410,Rheumatology Service,1224,12.5,
2024-05|RYJ|C_430,2024-05,RYJ,IMPERIAL COLLEGE HEALTHCARE NHS TRUST,C_430,Elderly Medicine Service,312,8.7,
2024-05|RYJ|C_502,2024-05,RYJ,IMPERIAL COLLEGE HEALTHCARE NHS TRUST,C_502,Gynaecology Service,9330,15.7,
2024-05|RYJ|C_999,2024-05,RYJ,IMPERIAL COLLEGE HEALTHCARE NHS TRUST,C_999,Total,98453,14.8,
2024-05|RYJ|X02,2024-05,RYJ,IMPERIAL COLLEGE HEALTHCARE NHS TRUST,X02,Other - Medical Services,19018,14.0,
2024-05|RYJ|X04,2024-05,RYJ,IMPERIAL COLLEGE HEALTHCARE NHS TRUST,X04,Other - Paediatric Services,5231,10.5,
2024-05|RYJ|X05,2024-05,RYJ,IMPERIAL COLLEGE HEALTHCARE NHS TRUST,X05,Other - Surgical Services,9676,17.7,
2024-05|RYJ|X06,2024-05,RYJ,IMPERIAL COLLEGE HEALTHCARE NHS TRUST,X06,Other - Other Services,315,9.2,
2024-05|RYR|C_100,2024-05,RYR,UNIVERSITY HOSPITALS SUSSEX NHS FOUNDATION TRUST,C_100,General Surgery Service,3149,25.4,
2024-05|RYR|C_101,2024-05,RYR,UNIVERSITY HOSPITALS SUSSEX NHS FOUNDATION TRUST,C_101,Urology Service,7575,19.9,
2024-05|RYR|C_110,2024-05,RYR,UNIVERSITY HOSPITALS SUSSEX NHS FOUNDATION TRUST,C_110,Trauma and Orthopaedic Service,6529,24.9,
2024-05|RYR|C_120,2024-05,RYR,UNIVERSITY HOSPITALS SUSSEX NHS FOUNDATION TRUST,C_120,Ear Nose and Throat Service,16079,30.8,
2024-05|RYR|C_130,2024-05,RYR,UNIVERSITY HOSPITALS SUSSEX NHS FOUNDATION TRUST,C_130,Ophthalmology Service,15568,18.5,
2024-05|RYR|C_140,2024-05,RYR,UNIVERSITY HOSPITALS SUSSEX NHS FOUNDATION TRUST,C_140,Oral Surgery Service,7235,25.2,
2024-05|RYR|C_150,2024-05,RYR,UNIVERSITY HOSPITALS SUSSEX NHS FOUNDATION TRUST,C_150,Neurosurgical Service,624,21.9,
2024-05|RYR|C_160,2024-05,RYR,UNIVERSITY HOSPITALS SUSSEX NHS FOUNDATION TRUST,C_160,Plastic Surgery Service,14,47.5,
2024-05|RYR|C_170,2024-05,RYR,UNIVERSITY HOSPITALS SUSSEX NHS FOUNDATION TRUST,C_170,Cardiothoracic Surgery Service,136,5.6,
2024-05|RYR|C_300,2024-05,RYR,UNIVERSITY HOSPITALS SUSSEX NHS FOUNDATION TRUST,C_300,General Internal Medicine Service,16,4.0,
2024-05|RYR|C_301,2024-05,RYR,UNIVERSITY HOSPITALS SUSSEX NHS FOUNDATION TRUST,C_301,Gastroenterology Service,6809,19.2,
2024-05|RYR|C_320,2024-05,RYR,UNIVERSITY HOSPITALS SUSSEX NHS FOUNDATION TRUST,C_320,Cardiology Service,10679,17.9,
2024-05|RYR|C_330,2024-05,RYR,UNIVERSITY HOSPITALS SUSSEX NHS FOUNDATION TRUST,C_330,Dermatology Service,9641,21.0,
2024-05|RYR|C_340,2024-05,RYR,UNIVERSITY HOSPITALS SUSSEX NHS FOUNDATION TRUST,C_340,Respiratory Medicine Service,2972,17.0,
2024-05|RYR|C_400,2024-05,RYR,UNIVERSITY HOSPITALS SUSSEX NHS FOUNDATION TRUST,C_400,Neurology Service,4956,26.9,
2024-05|RYR|C_410,2024-05,RYR,UNIVERSITY HOSPITALS SUSSEX NHS FOUNDATION TRUST,C_410,Rheumatology Service,2231,19.4,
2024-05|RYR|C_430,2024-05,RYR,UNIVERSITY HOSPITALS SUSSEX NHS FOUNDATION TRUST,C_430,Elderly Medicine Service,166,7.0,
2024-05|RYR|C_502,2024-05,RYR,UNIVERSITY HOSPITALS SUSSEX NHS FOUNDATION TRUST,C_502,Gynaecology Service,10471,19.6,
2024-05|RYR|C_999,2024-05,RYR,UNIVERSITY HOSPITALS SUSSEX NHS FOUNDATION TRUST,C_999,Total,141517,20.8,
2024-05|RYR|X02,2024-05,RYR,UNIVERSITY HOSPITALS SUSSEX NHS FOUNDATION TRUST,X02,Other - Medical Services,6854,16.2,
2024-05|RYR|X04,2024-05,RYR,UNIVERSITY HOSPITALS SUSSEX NHS FOUNDATION TRUST,X04,Other - Paediatric Services,9632,17.3,
2024-05|RYR|X05,2024-05,RYR,UNIVERSITY HOSPITALS SUSSEX NHS FOUNDATION TRUST,X05,Other - Surgical Services,18655,20.9,
2024-05|RYR|X06,2024-05,RYR,UNIVERSITY HOSPITALS SUSSEX NHS FOUNDATION TRUST,X06,Other - Other Services,1526,17.7,
2024-05|RYW|C_110,2024-05,RYW,BIRMINGHAM COMMUNITY HEALTHCARE NHS FOUNDATION TRUST,C_110,Trauma and Orthopaedic Service,365,13.8,
2024-05|RYW|C_140,2024-05,RYW,BIRMINGHAM COMMUNITY HEALTHCARE NHS FOUNDATION TRUST,C_140,Oral Surgery Service,4454,13.8,
2024-05|RYW|C_999,2024-05,RYW,BIRMINGHAM COMMUNITY HEALTHCARE NHS FOUNDATION TRUST,C_999,Total,16200,12.8,
2024-05|RYW|X02,2024-05,RYW,BIRMINGHAM COMMUNITY HEALTHCARE NHS FOUNDATION TRUST,X02,Other - Medical Services,3777,8.1,
2024-05|RYW|X03,2024-05,RYW,BIRMINGHAM COMMUNITY HEALTHCARE NHS FOUNDATION TRUST,X03,Other - Mental Health Services,7,8.2,
2024-05|RYW|X04,2024-05,RYW,BIRMINGHAM COMMUNITY HEALTHCARE NHS FOUNDATION TRUST,X04,Other - Paediatric Services,998,14.6,
2024-05|RYW|X05,2024-05,RYW,BIRMINGHAM COMMUNITY HEALTHCARE NHS FOUNDATION TRUST,X05,Other - Surgical Services,6599,15.0,
2024-05|RYY|C_110,2024-05,RYY,KENT COMMUNITY HEALTH NHS FOUNDATION TRUST,C_110,Trauma and Orthopaedic Service,2651,5.5,
2024-05|RYY|C_999,2024-05,RYY,KENT COMMUNITY HEALTH NHS FOUNDATION TRUST,C_999,Total,3232,5.0,
2024-05|RYY|X02,2024-05,RYY,KENT COMMUNITY HEALTH NHS FOUNDATION TRUST,X02,Other - Medical Services,581,3.3,
2024-05|S1Z4X|C_130,2024-05,S1Z4X,NEWMEDICA - BIRMINGHAM,C_130,Ophthalmology Service,355,2.6,
2024-05|S1Z4X|C_999,2024-05,S1Z4X,NEWMEDICA - BIRMINGHAM,C_999,Total,355,2.6,
2024-05|T8R5I|C_130,2024-05,T8R5I,SPAMEDICA WOKINGHAM,C_130,Ophthalmology Service,191,3.1,
2024-05|T8R5I|C_999,2024-05,T8R5I,SPAMEDICA WOKINGHAM,C_999,Total,191,3.1,
2024-05|T8V3L|C_130,2024-05,T8V3L,SPAMEDICA DONCASTER,C_130,Ophthalmology Service,162,1.4,
2024-05|T8V3L|C_999,2024-05,T8V3L,SPAMEDICA DONCASTER,C_999,Total,162,1.4,
2024-05|TAD|C_999,2024-05,TAD,BRADFORD DISTRICT CARE NHS FOUNDATION TRUST,C_999,Total,452,15.2,
2024-05|TAD|X02,2024-05,TAD,BRADFORD DISTRICT CARE NHS FOUNDATION TRUST,X02,Other - Medical Services,452,15.2,
2024-05|V4U1Y|C_130,2024-05,V4U1Y,SPAMEDICA CHESTER,C_130,Ophthalmology Service,87,2.2,
2024-05|V4U1Y|C_999,2024-05,V4U1Y,SPAMEDICA CHESTER,C_999,Total,87,2.2,
2024-05|V5F1D|C_130,2024-05,V5F1D,SPAMEDICA TELFORD,C_130,Ophthalmology Service,141,2.4,
2024-05|V5F1D|C_999,2024-05,V5F1D,SPAMEDICA TELFORD,C_999,Total,141,2.4,
2024-05|V8N5R|C_130,2024-05,V8N5R,SPAMEDICA DALSTON,C_130,Ophthalmology Service,131,2.4,
2024-05|V8N5R|C_999,2024-05,V8N5R,SPAMEDICA DALSTON,C_999,Total,131,2.4,
2024-05|Y8L9S|C_130,2024-05,Y8L9S,SPAMEDICA BROMLEY,C_130,Ophthalmology Service,264,2.9,
2024-05|Y8L9S|C_999,2024-05,Y8L9S,SPAMEDICA BROMLEY,C_999,Total,264,2.9,
2024-05|Z5J5V|C_130,2024-05,Z5J5V,SPAMEDICA HAYDOCK,C_130,Ophthalmology Service,93,2.2,
2024-05|Z5J5V|C_999,2024-05,Z5J5V,SPAMEDICA HAYDOCK,C_999,Total,93,2.2,
2024-05|Z9Z1G|C_130,2024-05,Z9Z1G,SPAMEDICA GATESHEAD,C_130,Ophthalmology Service,251,1.9,
2024-05|Z9Z1G|C_999,2024-05,Z9Z1G,SPAMEDICA GATESHEAD,C_999,Total,251,1.9,
2026-05|A0C5S|C_130,2026-05,A0C5S,SPAMEDICA GLOUCESTER,C_130,Ophthalmology Service,102,4.5,
2026-05|A0C5S|C_999,2026-05,A0C5S,SPAMEDICA GLOUCESTER,C_999,Total,102,4.5,
2026-05|A1D1B|C_130,2026-05,A1D1B,SPAMEDICA WEMBLEY,C_130,Ophthalmology Service,433,5.1,
2026-05|A1D1B|C_999,2026-05,A1D1B,SPAMEDICA WEMBLEY,C_999,Total,433,5.1,
2026-05|A1S9E|C_130,2026-05,A1S9E,OPTEGRA EYE HOSPITAL YORK,C_130,Ophthalmology Service,665,7.1,
2026-05|A1S9E|C_999,2026-05,A1S9E,OPTEGRA EYE HOSPITAL YORK,C_999,Total,665,7.1,
2026-05|A1U4J|C_130,2026-05,A1U4J,SPAMEDICA PORTSMOUTH,C_130,Ophthalmology Service,226,6.8,
2026-05|A1U4J|C_999,2026-05,A1U4J,SPAMEDICA PORTSMOUTH,C_999,Total,226,6.8,
2026-05|A4M8P|C_100,2026-05,A4M8P,BUCKSHAW HOSPITAL,C_100,General Surgery Service,909,8.3,
2026-05|A4M8P|C_101,2026-05,A4M8P,BUCKSHAW HOSPITAL,C_101,Urology Service,554,9.9,
2026-05|A4M8P|C_110,2026-05,A4M8P,BUCKSHAW HOSPITAL,C_110,Trauma and Orthopaedic Service,220,10.5,
2026-05|A4M8P|C_120,2026-05,A4M8P,BUCKSHAW HOSPITAL,C_120,Ear Nose and Throat Service,740,7.1,
2026-05|A4M8P|C_301,2026-05,A4M8P,BUCKSHAW HOSPITAL,C_301,Gastroenterology Service,8,7.0,
2026-05|A4M8P|C_502,2026-05,A4M8P,BUCKSHAW HOSPITAL,C_502,Gynaecology Service,611,17.2,
2026-05|A4M8P|C_999,2026-05,A4M8P,BUCKSHAW HOSPITAL,C_999,Total,3084,9.2,
2026-05|A4M8P|X02,2026-05,A4M8P,BUCKSHAW HOSPITAL,X02,Other - Medical Services,40,21.0,
2026-05|A4M8P|X06,2026-05,A4M8P,BUCKSHAW HOSPITAL,X06,Other - Other Services,2,24.0,
2026-05|A4Q9X|C_130,2026-05,A4Q9X,NEWMEDICA LEICESTER,C_130,Ophthalmology Service,906,8.3,
2026-05|A4Q9X|C_999,2026-05,A4Q9X,NEWMEDICA LEICESTER,C_999,Total,906,8.3,
2026-05|A4Y8X|C_130,2026-05,A4Y8X,ACES NOTTINGHAM,C_130,Ophthalmology Service,49,3.9,
2026-05|A4Y8X|C_999,2026-05,A4Y8X,ACES NOTTINGHAM,C_999,Total,49,3.9,
2026-05|A5E1F|C_130,2026-05,A5E1F,OPTEGRA EYE HOSPITAL PRESTON,C_130,Ophthalmology Service,239,6.8,
2026-05|A5E1F|C_999,2026-05,A5E1F,OPTEGRA EYE HOSPITAL PRESTON,C_999,Total,239,6.8,
2026-05|A6U7U|C_130,2026-05,A6U7U,OPTEGRA EYE HOSPITAL NOTTINGHAM,C_130,Ophthalmology Service,170,6.1,
2026-05|A6U7U|C_999,2026-05,A6U7U,OPTEGRA EYE HOSPITAL NOTTINGHAM,C_999,Total,170,6.1,
2026-05|A8L1O|C_130,2026-05,A8L1O,OPTEGRA EYE HOSPITAL LEICESTER,C_130,Ophthalmology Service,199,8.6,
2026-05|A8L1O|C_999,2026-05,A8L1O,OPTEGRA EYE HOSPITAL LEICESTER,C_999,Total,199,8.6,
2026-05|A9P5F|C_130,2026-05,A9P5F,ACES WHITE CITY,C_130,Ophthalmology Service,146,7.2,
2026-05|A9P5F|C_999,2026-05,A9P5F,ACES WHITE CITY,C_999,Total,146,7.2,
2026-05|A9T5Y|C_120,2026-05,A9T5Y,RSA (ATHENA SURGICAL CENTRE),C_120,Ear Nose and Throat Service,5,0.8,
2026-05|A9T5Y|C_999,2026-05,A9T5Y,RSA (ATHENA SURGICAL CENTRE),C_999,Total,5,0.8,
2026-05|AAH|C_100,2026-05,AAH,TETBURY HOSPITAL TRUST LTD,C_100,General Surgery Service,37,10.9,
2026-05|AAH|C_101,2026-05,AAH,TETBURY HOSPITAL TRUST LTD,C_101,Urology Service,29,2.2,
2026-05|AAH|C_110,2026-05,AAH,TETBURY HOSPITAL TRUST LTD,C_110,Trauma and Orthopaedic Service,19,7.5,
2026-05|AAH|C_130,2026-05,AAH,TETBURY HOSPITAL TRUST LTD,C_130,Ophthalmology Service,142,6.4,
2026-05|AAH|C_140,2026-05,AAH,TETBURY HOSPITAL TRUST LTD,C_140,Oral Surgery Service,28,16.5,
2026-05|AAH|C_320,2026-05,AAH,TETBURY HOSPITAL TRUST LTD,C_320,Cardiology Service,1,7.5,
2026-05|AAH|C_502,2026-05,AAH,TETBURY HOSPITAL TRUST LTD,C_502,Gynaecology Service,21,3.4,
2026-05|AAH|C_999,2026-05,AAH,TETBURY HOSPITAL TRUST LTD,C_999,Total,291,6.5,
2026-05|AAH|X06,2026-05,AAH,TETBURY HOSPITAL TRUST LTD,X06,Other - Other Services,14,9.0,
2026-05|AAV|C_130,2026-05,AAV,COMMUNITY HEALTH AND EYECARE LIMITED,C_130,Ophthalmology Service,4474,8.6,
2026-05|AAV|C_301,2026-05,AAV,COMMUNITY HEALTH AND EYECARE LIMITED,C_301,Gastroenterology Service,950,4.6,
2026-05|AAV|C_999,2026-05,AAV,COMMUNITY HEALTH AND EYECARE LIMITED,C_999,Total,5424,8.0,
2026-05|ACG08|C_130,2026-05,ACG08,NEWMEDICA OPHTHALMOLOGY - NUNEATON - CAMP HILL - GP LED HEALTH CENTRE,C_130,Ophthalmology Service,9,1.4,
2026-05|ACG08|C_999,2026-05,ACG08,NEWMEDICA OPHTHALMOLOGY - NUNEATON - CAMP HILL - GP LED HEALTH CENTRE,C_999,Total,9,1.4,
2026-05|ACG12|C_130,2026-05,ACG12,NEWMEDICA COMMUNITY OPHTHALMOLOGY - NORTH EAST LINCOLNSHIRE - GRIMSBY,C_130,Ophthalmology Service,994,9.9,
2026-05|ACG12|C_999,2026-05,ACG12,NEWMEDICA COMMUNITY OPHTHALMOLOGY - NORTH EAST LINCOLNSHIRE - GRIMSBY,C_999,Total,994,9.9,
2026-05|ACG13|C_130,2026-05,ACG13,NEWMEDICA - GLOUCESTER (ASPEN MEDICAL CENTRE),C_130,Ophthalmology Service,461,10.2,
2026-05|ACG13|C_999,2026-05,ACG13,NEWMEDICA - GLOUCESTER (ASPEN MEDICAL CENTRE),C_999,Total,461,10.2,
2026-05|ACG19|C_130,2026-05,ACG19,NEWMEDICA COMMUNITY OPHTHALMOLOGY - LEEDS,C_130,Ophthalmology Service,687,8.0,
2026-05|ACG19|C_999,2026-05,ACG19,NEWMEDICA COMMUNITY OPHTHALMOLOGY - LEEDS,C_999,Total,687,8.0,
2026-05|ACG20|C_130,2026-05,ACG20,NEWMEDICA - BRISTOL - LITFIELD HOUSE,C_130,Ophthalmology Service,357,5.1,
2026-05|ACG20|C_999,2026-05,ACG20,NEWMEDICA - BRISTOL - LITFIELD HOUSE,C_999,Total,357,5.1,
2026-05|ACG22|C_130,2026-05,ACG22,NEWMEDICA - BRIGG - RIVERSIDE SURGERY,C_130,Ophthalmology Service,721,9.4,
2026-05|ACG22|C_999,2026-05,ACG22,NEWMEDICA - BRIGG - RIVERSIDE SURGERY,C_999,Total,721,9.4,
2026-05|ACG24|C_130,2026-05,ACG24,NEWMEDICA - TEESSIDE - NORTH ORMESBY,C_130,Ophthalmology Service,1631,6.9,
2026-05|ACG24|C_999,2026-05,ACG24,NEWMEDICA - TEESSIDE - NORTH ORMESBY,C_999,Total,1631,6.9,
2026-05|ACG26|C_130,2026-05,ACG26,NEWMEDICA - NORTH DERBYSHIRE - MIDLAND COURT,C_130,Ophthalmology Service,1237,5.5,
2026-05|ACG26|C_999,2026-05,ACG26,NEWMEDICA - NORTH DERBYSHIRE - MIDLAND COURT,C_999,Total,1237,5.5,
2026-05|ACG30|C_130,2026-05,ACG30,NEWMEDICA - WORKSOP - DUKERIES,C_130,Ophthalmology Service,160,5.5,
2026-05|ACG30|C_999,2026-05,ACG30,NEWMEDICA - WORKSOP - DUKERIES,C_999,Total,160,5.5,
2026-05|ACG31|C_130,2026-05,ACG31,NEWMEDICA - WORCESTER,C_130,Ophthalmology Service,917,7.1,
2026-05|ACG31|C_999,2026-05,ACG31,NEWMEDICA - WORCESTER,C_999,Total,917,7.1,
2026-05|ACG36|C_130,2026-05,ACG36,NEWMEDICA - EXETER - GLEN HOUSE,C_130,Ophthalmology Service,490,7.7,
2026-05|ACG36|C_999,2026-05,ACG36,NEWMEDICA - EXETER - GLEN HOUSE,C_999,Total,490,7.7,
2026-05|ACG37|C_130,2026-05,ACG37,NEWMEDICA - IPSWICH,C_130,Ophthalmology Service,1212,6.8,
2026-05|ACG37|C_999,2026-05,ACG37,NEWMEDICA - IPSWICH,C_999,Total,1212,6.8,
2026-05|ACG38|C_130,2026-05,ACG38,NEWMEDICA - LANGFORD,C_130,Ophthalmology Service,432,6.7,
2026-05|ACG38|C_999,2026-05,ACG38,NEWMEDICA - LANGFORD,C_999,Total,432,6.7,
2026-05|ACG40|C_130,2026-05,ACG40,NEWMEDICA - WAKEFIELD,C_130,Ophthalmology Service,593,9.4,
2026-05|ACG40|C_999,2026-05,ACG40,NEWMEDICA - WAKEFIELD,C_999,Total,593,9.4,
2026-05|ACM|C_130,2026-05,ACM,EYE CARE MEDICAL LTD,C_130,Ophthalmology Service,3,0.5,
2026-05|ACM|C_999,2026-05,ACM,EYE CARE MEDICAL LTD,C_999,Total,3,0.5,
2026-05|ADP02|C_100,2026-05,ADP02,KIMS HOSPITAL (NEWNHAM COURT),C_100,General Surgery Service,30,4.0,
2026-05|ADP02|C_101,2026-05,ADP02,KIMS HOSPITAL (NEWNHAM COURT),C_101,Urology Service,27,5.8,
2026-05|ADP02|C_110,2026-05,ADP02,KIMS HOSPITAL (NEWNHAM COURT),C_110,Trauma and Orthopaedic Service,800,7.7,
2026-05|ADP02|C_120,2026-05,ADP02,KIMS HOSPITAL (NEWNHAM COURT),C_120,Ear Nose and Throat Service,15,4.2,
2026-05|ADP02|C_301,2026-05,ADP02,KIMS HOSPITAL (NEWNHAM COURT),C_301,Gastroenterology Service,6,3.0,
2026-05|ADP02|C_502,2026-05,ADP02,KIMS HOSPITAL (NEWNHAM COURT),C_502,Gynaecology Service,137,4.7,
2026-05|ADP02|C_999,2026-05,ADP02,KIMS HOSPITAL (NEWNHAM COURT),C_999,Total,1287,6.8,
2026-05|ADP02|X02,2026-05,ADP02,KIMS HOSPITAL (NEWNHAM COURT),X02,Other - Medical Services,272,6.7,
2026-05|AHP|C_330,2026-05,AHP,ST MICHAEL'S CLINIC LIMITED,C_330,Dermatology Service,1818,13.3,
2026-05|AHP|C_999,2026-05,AHP,ST MICHAEL'S CLINIC LIMITED,C_999,Total,1818,13.3,
2026-05|AJ8|C_301,2026-05,AJ8,THE GRANGE MEDICAL CENTRE HQ,C_301,Gastroenterology Service,154,4.3,
2026-05|AJ8|C_999,2026-05,AJ8,THE GRANGE MEDICAL CENTRE HQ,C_999,Total,154,4.3,
2026-05|AQK|C_999,2026-05,AQK,VERNOVA HEALTHCARE COMMUNITY INTEREST COMPANY,C_999,Total,296,9.8,
2026-05|AQK|X02,2026-05,AQK,VERNOVA HEALTHCARE COMMUNITY INTEREST COMPANY,X02,Other - Medical Services,180,10.0,
2026-05|AQK|X05,2026-05,AQK,VERNOVA HEALTHCARE COMMUNITY INTEREST COMPANY,X05,Other - Surgical Services,116,9.3,
2026-05|AVQ01|C_100,2026-05,AVQ01,ONE ASHFORD HOSPITAL,C_100,General Surgery Service,146,8.5,
2026-05|AVQ01|C_101,2026-05,AVQ01,ONE ASHFORD HOSPITAL,C_101,Urology Service,60,8.3,
2026-05|AVQ01|C_110,2026-05,AVQ01,ONE ASHFORD HOSPITAL,C_110,Trauma and Orthopaedic Service,758,8.7,
2026-05|AVQ01|C_999,2026-05,AVQ01,ONE ASHFORD HOSPITAL,C_999,Total,964,8.7,
2026-05|AVQ03|C_100,2026-05,AVQ03,ONE HATFIELD HOSPITAL,C_100,General Surgery Service,47,12.4,
2026-05|AVQ03|C_110,2026-05,AVQ03,ONE HATFIELD HOSPITAL,C_110,Trauma and Orthopaedic Service,433,17.1,
2026-05|AVQ03|C_320,2026-05,AVQ03,ONE HATFIELD HOSPITAL,C_320,Cardiology Service,1,52.5,
2026-05|AVQ03|C_999,2026-05,AVQ03,ONE HATFIELD HOSPITAL,C_999,Total,481,16.5,
2026-05|AWR|C_100,2026-05,AWR,ONE STOP DOCTORS LIMITED,C_100,General Surgery Service,82,9.2,
2026-05|AWR|C_101,2026-05,AWR,ONE STOP DOCTORS LIMITED,C_101,Urology Service,17,23.5,
2026-05|AWR|C_110,2026-05,AWR,ONE STOP DOCTORS LIMITED,C_110,Trauma and Orthopaedic Service,562,9.9,
2026-05|AWR|C_301,2026-05,AWR,ONE STOP DOCTORS LIMITED,C_301,Gastroenterology Service,18,7.0,
2026-05|AWR|C_502,2026-05,AWR,ONE STOP DOCTORS LIMITED,C_502,Gynaecology Service,4,28.0,
2026-05|AWR|C_999,2026-05,AWR,ONE STOP DOCTORS LIMITED,C_999,Total,687,10.2,
2026-05|AWR|X02,2026-05,AWR,ONE STOP DOCTORS LIMITED,X02,Other - Medical Services,4,13.0,
2026-05|AY1|C_301,2026-05,AY1,MEDEFER,C_301,Gastroenterology Service,134,8.3,
2026-05|AY1|C_410,2026-05,AY1,MEDEFER,C_410,Rheumatology Service,103,11.3,
2026-05|AY1|C_999,2026-05,AY1,MEDEFER,C_999,Total,256,10.7,
2026-05|AY1|X02,2026-05,AY1,MEDEFER,X02,Other - Medical Services,19,15.2,
2026-05|B1A5K|C_130,2026-05,B1A5K,NEWMEDICA - NOTTINGHAM,C_130,Ophthalmology Service,714,5.1,
2026-05|B1A5K|C_999,2026-05,B1A5K,NEWMEDICA - NOTTINGHAM,C_999,Total,714,5.1,
2026-05|B3M1X|C_100,2026-05,B3M1X,CLAREMONT PRIVATE HOSPITAL,C_100,General Surgery Service,365,18.2,
2026-05|B3M1X|C_101,2026-05,B3M1X,CLAREMONT PRIVATE HOSPITAL,C_101,Urology Service,145,14.6,
2026-05|B3M1X|C_110,2026-05,B3M1X,CLAREMONT PRIVATE HOSPITAL,C_110,Trauma and Orthopaedic Service,1737,15.5,
2026-05|B3M1X|C_120,2026-05,B3M1X,CLAREMONT PRIVATE HOSPITAL,C_120,Ear Nose and Throat Service,251,13.3,
2026-05|B3M1X|C_130,2026-05,B3M1X,CLAREMONT PRIVATE HOSPITAL,C_130,Ophthalmology Service,25,13.2,
2026-05|B3M1X|C_150,2026-05,B3M1X,CLAREMONT PRIVATE HOSPITAL,C_150,Neurosurgical Service,388,14.3,
2026-05|B3M1X|C_301,2026-05,B3M1X,CLAREMONT PRIVATE HOSPITAL,C_301,Gastroenterology Service,1,29.5,
2026-05|B3M1X|C_502,2026-05,B3M1X,CLAREMONT PRIVATE HOSPITAL,C_502,Gynaecology Service,180,15.7,
2026-05|B3M1X|C_999,2026-05,B3M1X,CLAREMONT PRIVATE HOSPITAL,C_999,Total,3092,15.4,
2026-05|B4N1U|C_130,2026-05,B4N1U,SPAMEDICA ROMFORD,C_130,Ophthalmology Service,977,7.2,
2026-05|B4N1U|C_999,2026-05,B4N1U,SPAMEDICA ROMFORD,C_999,Total,977,7.2,
2026-05|B5M7B|C_130,2026-05,B5M7B,NEWMEDICA - NORWICH,C_130,Ophthalmology Service,1688,8.4,
2026-05|B5M7B|C_999,2026-05,B5M7B,NEWMEDICA - NORWICH,C_999,Total,1688,8.4,
2026-05|B6Z0N|C_130,2026-05,B6Z0N,OPTEGRA EYE HOSPITAL UTTOXETER,C_130,Ophthalmology Service,262,8.1,
2026-05|B6Z0N|C_999,2026-05,B6Z0N,OPTEGRA EYE HOSPITAL UTTOXETER,C_999,Total,262,8.1,
2026-05|B9J4U|C_130,2026-05,B9J4U,SPAMEDICA PETERBOROUGH,C_130,Ophthalmology Service,439,5.5,
2026-05|B9J4U|C_999,2026-05,B9J4U,SPAMEDICA PETERBOROUGH,C_999,Total,439,5.5,
2026-05|B9M3W|C_130,2026-05,B9M3W,SPAMEDICA SOUTHAMPTON,C_130,Ophthalmology Service,433,9.7,
2026-05|B9M3W|C_999,2026-05,B9M3W,SPAMEDICA SOUTHAMPTON,C_999,Total,433,9.7,
2026-05|C3Y0A|C_130,2026-05,C3Y0A,SPAMEDICA BLACKPOOL,C_130,Ophthalmology Service,231,3.9,
2026-05|C3Y0A|C_999,2026-05,C3Y0A,SPAMEDICA BLACKPOOL,C_999,Total,231,3.9,
2026-05|C5Y9L|C_130,2026-05,C5Y9L,NEWMEDICA - BERKSHIRE - BRACKNELL,C_130,Ophthalmology Service,141,10.4,
2026-05|C5Y9L|C_999,2026-05,C5Y9L,NEWMEDICA - BERKSHIRE - BRACKNELL,C_999,Total,141,10.4,
2026-05|C9A7J|C_130,2026-05,C9A7J,NEWMEDICA - BRADFORD & HUDDERSFIELD,C_130,Ophthalmology Service,850,7.1,
2026-05|C9A7J|C_999,2026-05,C9A7J,NEWMEDICA - BRADFORD & HUDDERSFIELD,C_999,Total,850,7.1,
2026-05|D0V5X|C_130,2026-05,D0V5X,NEWMEDICA - SWINDON MURDOCK ROAD,C_130,Ophthalmology Service,147,6.5,
2026-05|D0V5X|C_999,2026-05,D0V5X,NEWMEDICA - SWINDON MURDOCK ROAD,C_999,Total,147,6.5,
2026-05|D0Y2J|C_130,2026-05,D0Y2J,OPTEGRA AT HAVANT HEALTH CENTRE (HAVANT),C_130,Ophthalmology Service,17,8.8,
2026-05|D0Y2J|C_999,2026-05,D0Y2J,OPTEGRA AT HAVANT HEALTH CENTRE (HAVANT),C_999,Total,17,8.8,
2026-05|D1V5N|C_130,2026-05,D1V5N,ACES BOLTON,C_130,Ophthalmology Service,1,12.5,
2026-05|D1V5N|C_999,2026-05,D1V5N,ACES BOLTON,C_999,Total,1,12.5,
2026-05|D2L5T|C_130,2026-05,D2L5T,ACES LIVERPOOL,C_130,Ophthalmology Service,40,7.3,
2026-05|D2L5T|C_999,2026-05,D2L5T,ACES LIVERPOOL,C_999,Total,40,7.3,
2026-05|D3O0Z|C_130,2026-05,D3O0Z,PLYMOUTH NEWMEDICA LTD,C_130,Ophthalmology Service,682,6.7,
2026-05|D3O0Z|C_999,2026-05,D3O0Z,PLYMOUTH NEWMEDICA LTD,C_999,Total,682,6.7,
2026-05|D5P5H|C_130,2026-05,D5P5H,SPAMEDICA BEXHILL,C_130,Ophthalmology Service,263,3.4,
2026-05|D5P5H|C_999,2026-05,D5P5H,SPAMEDICA BEXHILL,C_999,Total,263,3.4,
2026-05|D9E5L|C_130,2026-05,D9E5L,OPTEGRA EYE HOSPITAL BRIGHTON,C_130,Ophthalmology Service,737,4.7,
2026-05|D9E5L|C_999,2026-05,D9E5L,OPTEGRA EYE HOSPITAL BRIGHTON,C_999,Total,737,4.7,
2026-05|DFQ|C_100,2026-05,DFQ,NORWICH & NORFOLK SURGICAL LTD (N2S),C_100,General Surgery Service,279,10.6,
2026-05|DFQ|C_110,2026-05,DFQ,NORWICH & NORFOLK SURGICAL LTD (N2S),C_110,Trauma and Orthopaedic Service,390,10.1,
2026-05|DFQ|C_130,2026-05,DFQ,NORWICH & NORFOLK SURGICAL LTD (N2S),C_130,Ophthalmology Service,366,3.9,
2026-05|DFQ|C_160,2026-05,DFQ,NORWICH & NORFOLK SURGICAL LTD (N2S),C_160,Plastic Surgery Service,5,19.5,
2026-05|DFQ|C_999,2026-05,DFQ,NORWICH & NORFOLK SURGICAL LTD (N2S),C_999,Total,1040,6.5,
2026-05|DFY01|C_160,2026-05,DFY01,COTSWOLDS SURGICAL PARTNERS,C_160,Plastic Surgery Service,195,4.5,
2026-05|DFY01|C_330,2026-05,DFY01,COTSWOLDS SURGICAL PARTNERS,C_330,Dermatology Service,73,3.7,
2026-05|DFY01|C_999,2026-05,DFY01,COTSWOLDS SURGICAL PARTNERS,C_999,Total,268,4.3,
2026-05|DJH01|C_100,2026-05,DJH01,THE ROYAL BUCKINGHAMSHIRE HOSPITAL LTD,C_100,General Surgery Service,29,4.4,
2026-05|DJH01|C_110,2026-05,DJH01,THE ROYAL BUCKINGHAMSHIRE HOSPITAL LTD,C_110,Trauma and Orthopaedic Service,2,6.0,
2026-05|DJH01|C_999,2026-05,DJH01,THE ROYAL BUCKINGHAMSHIRE HOSPITAL LTD,C_999,Total,31,4.6,
2026-05|DPK|C_130,2026-05,DPK,THE STONEYGATE EYE HOSPITAL,C_130,Ophthalmology Service,782,9.0,
2026-05|DPK|C_999,2026-05,DPK,THE STONEYGATE EYE HOSPITAL,C_999,Total,782,9.0,
2026-05|DTT|C_999,2026-05,DTT,PHOENIX PUBLIC HEALTH LTD,C_999,Total,179,8.2,
2026-05|DTT|X05,2026-05,DTT,PHOENIX PUBLIC HEALTH LTD,X05,Other - Surgical Services,179,8.2,
2026-05|DX1|C_100,2026-05,DX1,THE NEW FOSCOTE HOSPITAL LTD,C_100,General Surgery Service,270,7.7,
2026-05|DX1|C_110,2026-05,DX1,THE NEW FOSCOTE HOSPITAL LTD,C_110,Trauma and Orthopaedic Service,129,7.2,
2026-05|DX1|C_999,2026-05,DX1,THE NEW FOSCOTE HOSPITAL LTD,C_999,Total,399,7.4,
2026-05|DXN|C_100,2026-05,DXN,MODALITY LLP,C_100,General Surgery Service,36,37.5,
2026-05|DXN|C_101,2026-05,DXN,MODALITY LLP,C_101,Urology Service,185,31.9,
2026-05|DXN|C_110,2026-05,DXN,MODALITY LLP,C_110,Trauma and Orthopaedic Service,585,39.9,
2026-05|DXN|C_120,2026-05,DXN,MODALITY LLP,C_120,Ear Nose and Throat Service,823,37.2,
2026-05|DXN|C_330,2026-05,DXN,MODALITY LLP,C_330,Dermatology Service,120,15.2,
2026-05|DXN|C_410,2026-05,DXN,MODALITY LLP,C_410,Rheumatology Service,52,29.0,
2026-05|DXN|C_502,2026-05,DXN,MODALITY LLP,C_502,Gynaecology Service,223,30.9,
2026-05|DXN|C_999,2026-05,DXN,MODALITY LLP,C_999,Total,2026,35.4,
2026-05|DXN|X05,2026-05,DXN,MODALITY LLP,X05,Other - Surgical Services,2,32.5,
2026-05|DXV|C_120,2026-05,DXV,OMNES HEALTHCARE LTD,C_120,Ear Nose and Throat Service,12397,16.8,
2026-05|DXV|C_330,2026-05,DXV,OMNES HEALTHCARE LTD,C_330,Dermatology Service,1785,5.2,
2026-05|DXV|C_999,2026-05,DXV,OMNES HEALTHCARE LTD,C_999,Total,14182,15.3,
2026-05|E1U4T|C_130,2026-05,E1U4T,SPAMEDICA CARLISLE,C_130,Ophthalmology Service,926,8.6,
2026-05|E1U4T|C_999,2026-05,E1U4T,SPAMEDICA CARLISLE,C_999,Total,926,8.6,
2026-05|E3D4A|C_130,2026-05,E3D4A,SPAMEDICA TRURO,C_130,Ophthalmology Service,346,5.1,
2026-05|E3D4A|C_999,2026-05,E3D4A,SPAMEDICA TRURO,C_999,Total,346,5.1,
2026-05|E4K5T|C_130,2026-05,E4K5T,OPTEGRA EYE HOSPITAL NEWCASTLE,C_130,Ophthalmology Service,487,7.3,
2026-05|E4K5T|C_999,2026-05,E4K5T,OPTEGRA EYE HOSPITAL NEWCASTLE,C_999,Total,487,7.3,
2026-05|E6F9I|C_130,2026-05,E6F9I,ACES BRADFORD,C_130,Ophthalmology Service,3,5.5,
2026-05|E6F9I|C_999,2026-05,E6F9I,ACES BRADFORD,C_999,Total,3,5.5,
2026-05|F0R0W|C_130,2026-05,F0R0W,NEWMEDICA - DARLINGTON,C_130,Ophthalmology Service,78,10.2,
2026-05|F0R0W|C_999,2026-05,F0R0W,NEWMEDICA - DARLINGTON,C_999,Total,78,10.2,
2026-05|F1Y1H|C_130,2026-05,F1Y1H,NEWMEDICA - CHESHIRE OAKS,C_130,Ophthalmology Service,451,10.1,
2026-05|F1Y1H|C_999,2026-05,F1Y1H,NEWMEDICA - CHESHIRE OAKS,C_999,Total,451,10.1,
2026-05|F4B0R|C_130,2026-05,F4B0R,SPAMEDICA GUILDFORD,C_130,Ophthalmology Service,37,5.9,
2026-05|F4B0R|C_999,2026-05,F4B0R,SPAMEDICA GUILDFORD,C_999,Total,37,5.9,
2026-05|F7B2B|C_130,2026-05,F7B2B,ANGLIA COMMUNITY EYE SERVICE - BURY ST EDMUNDS,C_130,Ophthalmology Service,16,5.8,
2026-05|F7B2B|C_999,2026-05,F7B2B,ANGLIA COMMUNITY EYE SERVICE - BURY ST EDMUNDS,C_999,Total,16,5.8,
2026-05|F7F6D|C_130,2026-05,F7F6D,NEWMEDICA - HERTFORSHIRE - WELWYN GARDEN CITY,C_130,Ophthalmology Service,1056,9.5,
2026-05|F7F6D|C_999,2026-05,F7F6D,NEWMEDICA - HERTFORSHIRE - WELWYN GARDEN CITY,C_999,Total,1056,9.5,
2026-05|F9Z4V|C_100,2026-05,F9Z4V,CIRCLE READING HOSPITAL,C_100,General Surgery Service,154,6.2,
2026-05|F9Z4V|C_110,2026-05,F9Z4V,CIRCLE READING HOSPITAL,C_110,Trauma and Orthopaedic Service,1241,10.5,
2026-05|F9Z4V|C_120,2026-05,F9Z4V,CIRCLE READING HOSPITAL,C_120,Ear Nose and Throat Service,29,10.5,
2026-05|F9Z4V|C_130,2026-05,F9Z4V,CIRCLE READING HOSPITAL,C_130,Ophthalmology Service,138,8.5,
2026-05|F9Z4V|C_301,2026-05,F9Z4V,CIRCLE READING HOSPITAL,C_301,Gastroenterology Service,9,2.8,
2026-05|F9Z4V|C_320,2026-05,F9Z4V,CIRCLE READING HOSPITAL,C_320,Cardiology Service,2,10.0,
2026-05|F9Z4V|C_502,2026-05,F9Z4V,CIRCLE READING HOSPITAL,C_502,Gynaecology Service,108,6.8,
2026-05|F9Z4V|C_999,2026-05,F9Z4V,CIRCLE READING HOSPITAL,C_999,Total,1726,9.8,
2026-05|F9Z4V|X06,2026-05,F9Z4V,CIRCLE READING HOSPITAL,X06,Other - Other Services,45,7.5,
2026-05|G3E7R|C_130,2026-05,G3E7R,OPTEGRA EYE HOSPITAL MAIDSTONE,C_130,Ophthalmology Service,433,4.9,
2026-05|G3E7R|C_999,2026-05,G3E7R,OPTEGRA EYE HOSPITAL MAIDSTONE,C_999,Total,433,4.9,
2026-05|G3O5P|C_130,2026-05,G3O5P,SPAMEDICA NEWARK,C_130,Ophthalmology Service,570,5.6,
2026-05|G3O5P|C_999,2026-05,G3O5P,SPAMEDICA NEWARK,C_999,Total,570,5.6,
2026-05|G3Q3Z|C_100,2026-05,G3Q3Z,NUFFIELD HEALTH HIGHGATE HOSPITAL,C_100,General Surgery Service,136,4.6,
2026-05|G3Q3Z|C_110,2026-05,G3Q3Z,NUFFIELD HEALTH HIGHGATE HOSPITAL,C_110,Trauma and Orthopaedic Service,462,5.2,
2026-05|G3Q3Z|C_120,2026-05,G3Q3Z,NUFFIELD HEALTH HIGHGATE HOSPITAL,C_120,Ear Nose and Throat Service,276,6.1,
2026-05|G3Q3Z|C_160,2026-05,G3Q3Z,NUFFIELD HEALTH HIGHGATE HOSPITAL,C_160,Plastic Surgery Service,1,104.5,
2026-05|G3Q3Z|C_301,2026-05,G3Q3Z,NUFFIELD HEALTH HIGHGATE HOSPITAL,C_301,Gastroenterology Service,47,3.8,
2026-05|G3Q3Z|C_999,2026-05,G3Q3Z,NUFFIELD HEALTH HIGHGATE HOSPITAL,C_999,Total,1096,5.2,
2026-05|G3Q3Z|X05,2026-05,G3Q3Z,NUFFIELD HEALTH HIGHGATE HOSPITAL,X05,Other - Surgical Services,173,5.0,
2026-05|G3Q3Z|X06,2026-05,G3Q3Z,NUFFIELD HEALTH HIGHGATE HOSPITAL,X06,Other - Other Services,1,0.5,
2026-05|G3Z1Q|C_100,2026-05,G3Z1Q,SULIS HOSPITAL BATH (FOXCOTE AVENUE),C_100,General Surgery Service,330,10.9,
2026-05|G3Z1Q|C_101,2026-05,G3Z1Q,SULIS HOSPITAL BATH (FOXCOTE AVENUE),C_101,Urology Service,260,12.6,
2026-05|G3Z1Q|C_110,2026-05,G3Z1Q,SULIS HOSPITAL BATH (FOXCOTE AVENUE),C_110,Trauma and Orthopaedic Service,1994,11.1,
2026-05|G3Z1Q|C_120,2026-05,G3Z1Q,SULIS HOSPITAL BATH (FOXCOTE AVENUE),C_120,Ear Nose and Throat Service,543,15.4,
2026-05|G3Z1Q|C_130,2026-05,G3Z1Q,SULIS HOSPITAL BATH (FOXCOTE AVENUE),C_130,Ophthalmology Service,377,6.9,
2026-05|G3Z1Q|C_301,2026-05,G3Z1Q,SULIS HOSPITAL BATH (FOXCOTE AVENUE),C_301,Gastroenterology Service,71,2.7,
2026-05|G3Z1Q|C_502,2026-05,G3Z1Q,SULIS HOSPITAL BATH (FOXCOTE AVENUE),C_502,Gynaecology Service,184,6.4,
2026-05|G3Z1Q|C_999,2026-05,G3Z1Q,SULIS HOSPITAL BATH (FOXCOTE AVENUE),C_999,Total,3759,10.8,
2026-05|G4H0I|C_130,2026-05,G4H0I,NEWMEDICA SUFFOLK - BURY ST EDMUNDS - CLARITY HOUSE,C_130,Ophthalmology Service,641,7.1,
2026-05|G4H0I|C_999,2026-05,G4H0I,NEWMEDICA SUFFOLK - BURY ST EDMUNDS - CLARITY HOUSE,C_999,Total,641,7.1,
2026-05|G5X2Q|C_130,2026-05,G5X2Q,SPAMEDICA NORTH TYNESIDE,C_130,Ophthalmology Service,487,8.9,
2026-05|G5X2Q|C_999,2026-05,G5X2Q,SPAMEDICA NORTH TYNESIDE,C_999,Total,487,8.9,
2026-05|G6S7A|C_130,2026-05,G6S7A,SPAMEDICA TAUNTON,C_130,Ophthalmology Service,758,9.2,
2026-05|G6S7A|C_999,2026-05,G6S7A,SPAMEDICA TAUNTON,C_999,Total,758,9.2,
2026-05|GEC01|C_999,2026-05,GEC01,RAPID INVESTIGATION SERVICE,C_999,Total,147,1.5,
2026-05|GEC01|X06,2026-05,GEC01,RAPID INVESTIGATION SERVICE,X06,Other - Other Services,147,1.5,
2026-05|H1T2P|C_130,2026-05,H1T2P,SPAMEDICA SWINDON,C_130,Ophthalmology Service,128,4.0,
2026-05|H1T2P|C_999,2026-05,H1T2P,SPAMEDICA SWINDON,C_999,Total,128,4.0,
2026-05|H2K1G|C_130,2026-05,H2K1G,NEWMEDICA - BROMSGROVE,C_130,Ophthalmology Service,467,7.3,
2026-05|H2K1G|C_999,2026-05,H2K1G,NEWMEDICA - BROMSGROVE,C_999,Total,467,7.3,
2026-05|H3W7Q|C_130,2026-05,H3W7Q,ACES CHELMSFORD,C_130,Ophthalmology Service,88,6.1,
2026-05|H3W7Q|C_999,2026-05,H3W7Q,ACES CHELMSFORD,C_999,Total,88,6.1,
2026-05|H4I8B|C_100,2026-05,H4I8B,NUFFIELD HEALTH THE HOLLY HOSPITAL,C_100,General Surgery Service,432,11.9,
2026-05|H4I8B|C_110,2026-05,H4I8B,NUFFIELD HEALTH THE HOLLY HOSPITAL,C_110,Trauma and Orthopaedic Service,2432,10.6,
2026-05|H4I8B|C_120,2026-05,H4I8B,NUFFIELD HEALTH THE HOLLY HOSPITAL,C_120,Ear Nose and Throat Service,521,4.8,
2026-05|H4I8B|C_130,2026-05,H4I8B,NUFFIELD HEALTH THE HOLLY HOSPITAL,C_130,Ophthalmology Service,173,8.2,
2026-05|H4I8B|C_320,2026-05,H4I8B,NUFFIELD HEALTH THE HOLLY HOSPITAL,C_320,Cardiology Service,64,2.2,
2026-05|H4I8B|C_330,2026-05,H4I8B,NUFFIELD HEALTH THE HOLLY HOSPITAL,C_330,Dermatology Service,1,26.5,
2026-05|H4I8B|C_410,2026-05,H4I8B,NUFFIELD HEALTH THE HOLLY HOSPITAL,C_410,Rheumatology Service,112,12.1,
2026-05|H4I8B|C_502,2026-05,H4I8B,NUFFIELD HEALTH THE HOLLY HOSPITAL,C_502,Gynaecology Service,183,12.2,
2026-05|H4I8B|C_999,2026-05,H4I8B,NUFFIELD HEALTH THE HOLLY HOSPITAL,C_999,Total,4165,9.1,
2026-05|H4I8B|X02,2026-05,H4I8B,NUFFIELD HEALTH THE HOLLY HOSPITAL,X02,Other - Medical Services,4,4.0,
2026-05|H4I8B|X05,2026-05,H4I8B,NUFFIELD HEALTH THE HOLLY HOSPITAL,X05,Other - Surgical Services,220,4.7,
2026-05|H4I8B|X06,2026-05,H4I8B,NUFFIELD HEALTH THE HOLLY HOSPITAL,X06,Other - Other Services,23,12.5,
2026-05|H4J9P|C_130,2026-05,H4J9P,NEWMEDICA AZTEC WEST,C_130,Ophthalmology Service,757,6.9,
2026-05|H4J9P|C_999,2026-05,H4J9P,NEWMEDICA AZTEC WEST,C_999,Total,757,6.9,
2026-05|H4Y7F|C_130,2026-05,H4Y7F,SPAMEDICA DORCHESTER,C_130,Ophthalmology Service,616,7.8,
2026-05|H4Y7F|C_999,2026-05,H4Y7F,SPAMEDICA DORCHESTER,C_999,Total,616,7.8,
2026-05|H7X1I|C_130,2026-05,H7X1I,ANGLIA COMMUNITY EYE SERVICE - CAMBRIDGE,C_130,Ophthalmology Service,269,5.9,
2026-05|H7X1I|C_999,2026-05,H7X1I,ANGLIA COMMUNITY EYE SERVICE - CAMBRIDGE,C_999,Total,269,5.9,
2026-05|I1H7K|C_130,2026-05,I1H7K,SPAMEDICA SALE,C_130,Ophthalmology Service,260,7.1,
2026-05|I1H7K|C_999,2026-05,I1H7K,SPAMEDICA SALE,C_999,Total,260,7.1,
2026-05|I2C7H|C_130,2026-05,I2C7H,SPAMEDICA BRADFORD,C_130,Ophthalmology Service,319,5.7,
2026-05|I2C7H|C_999,2026-05,I2C7H,SPAMEDICA BRADFORD,C_999,Total,319,5.7,
2026-05|I7G8X|C_130,2026-05,I7G8X,ACES NEWCASTLE,C_130,Ophthalmology Service,30,8.0,
2026-05|I7G8X|C_999,2026-05,I7G8X,ACES NEWCASTLE,C_999,Total,30,8.0,
2026-05|I7Q4A|C_130,2026-05,I7Q4A,OPTEGRA EYE HOSPITAL WEST LONDON,C_130,Ophthalmology Service,644,7.6,
2026-05|I7Q4A|C_999,2026-05,I7Q4A,OPTEGRA EYE HOSPITAL WEST LONDON,C_999,Total,644,7.6,
2026-05|I9A4A|C_130,2026-05,I9A4A,SPAMEDICA BRIGHTON,C_130,Ophthalmology Service,254,4.3,
2026-05|I9A4A|C_999,2026-05,I9A4A,SPAMEDICA BRIGHTON,C_999,Total,254,4.3,
2026-05|J0M7P|C_130,2026-05,J0M7P,SPAMEDICA HEREFORD DIAGNOSTIC AND TREATMENT CENTRE,C_130,Ophthalmology Service,40,6.8,
2026-05|J0M7P|C_999,2026-05,J0M7P,SPAMEDICA HEREFORD DIAGNOSTIC AND TREATMENT CENTRE,C_999,Total,40,6.8,
2026-05|J2H6H|C_130,2026-05,J2H6H,SPAMEDICA COLCHESTER,C_130,Ophthalmology Service,203,3.4,
2026-05|J2H6H|C_999,2026-05,J2H6H,SPAMEDICA COLCHESTER,C_999,Total,203,3.4,
2026-05|J3J8Z|C_130,2026-05,J3J8Z,NEWMEDICA - OXFORDSHIRE,C_130,Ophthalmology Service,1035,7.6,
2026-05|J3J8Z|C_999,2026-05,J3J8Z,NEWMEDICA - OXFORDSHIRE,C_999,Total,1035,7.6,
2026-05|J3X4C|C_130,2026-05,J3X4C,SPAMEDICA WORCESTER,C_130,Ophthalmology Service,448,6.2,
2026-05|J3X4C|C_999,2026-05,J3X4C,SPAMEDICA WORCESTER,C_999,Total,448,6.2,
2026-05|J7V1N|C_130,2026-05,J7V1N,SPAMEDICA SOLIHULL,C_130,Ophthalmology Service,488,8.8,
2026-05|J7V1N|C_999,2026-05,J7V1N,SPAMEDICA SOLIHULL,C_999,Total,488,8.8,
2026-05|K3V9U|C_130,2026-05,K3V9U,SPAMEDICA STEVENAGE COMMUNITY DIAGNOSTIC & TREATMENT CENTRE,C_130,Ophthalmology Service,4,14.0,
2026-05|K3V9U|C_999,2026-05,K3V9U,SPAMEDICA STEVENAGE COMMUNITY DIAGNOSTIC & TREATMENT CENTRE,C_999,Total,4,14.0,
2026-05|K7J9E|C_130,2026-05,K7J9E,ANGLIA COMMUNITY EYE SERVICE - NORWICH,C_130,Ophthalmology Service,15,3.2,
2026-05|K7J9E|C_999,2026-05,K7J9E,ANGLIA COMMUNITY EYE SERVICE - NORWICH,C_999,Total,15,3.2,
2026-05|K8I4X|C_100,2026-05,K8I4X,GLENDON WOOD HOSPITAL,C_100,General Surgery Service,203,12.4,
2026-05|K8I4X|C_101,2026-05,K8I4X,GLENDON WOOD HOSPITAL,C_101,Urology Service,31,26.5,
2026-05|K8I4X|C_110,2026-05,K8I4X,GLENDON WOOD HOSPITAL,C_110,Trauma and Orthopaedic Service,523,11.7,
2026-05|K8I4X|C_130,2026-05,K8I4X,GLENDON WOOD HOSPITAL,C_130,Ophthalmology Service,519,8.7,
2026-05|K8I4X|C_301,2026-05,K8I4X,GLENDON WOOD HOSPITAL,C_301,Gastroenterology Service,237,4.4,
2026-05|K8I4X|C_502,2026-05,K8I4X,GLENDON WOOD HOSPITAL,C_502,Gynaecology Service,6,25.0,
2026-05|K8I4X|C_999,2026-05,K8I4X,GLENDON WOOD HOSPITAL,C_999,Total,1534,10.0,
2026-05|K8I4X|X02,2026-05,K8I4X,GLENDON WOOD HOSPITAL,X02,Other - Medical Services,14,6.3,
2026-05|K8I4X|X06,2026-05,K8I4X,GLENDON WOOD HOSPITAL,X06,Other - Other Services,1,20.5,
2026-05|K9J3O|C_130,2026-05,K9J3O,SPAMEDICA LUTON,C_130,Ophthalmology Service,263,3.8,
2026-05|K9J3O|C_999,2026-05,K9J3O,SPAMEDICA LUTON,C_999,Total,263,3.8,
2026-05|L0D9W|C_130,2026-05,L0D9W,NEWMEDICA - GLOUCESTER (BRIGHOUSE COURT),C_130,Ophthalmology Service,1196,6.9,
2026-05|L0D9W|C_999,2026-05,L0D9W,NEWMEDICA - GLOUCESTER (BRIGHOUSE COURT),C_999,Total,1196,6.9,
2026-05|L4R3R|C_130,2026-05,L4R3R,NEWMEDICA - HAMPSHIRE,C_130,Ophthalmology Service,2332,14.7,
2026-05|L4R3R|C_999,2026-05,L4R3R,NEWMEDICA - HAMPSHIRE,C_999,Total,2332,14.7,
2026-05|L6O7H|C_130,2026-05,L6O7H,SPAMEDICA POOLE,C_130,Ophthalmology Service,1018,7.4,
2026-05|L6O7H|C_999,2026-05,L6O7H,SPAMEDICA POOLE,C_999,Total,1018,7.4,
2026-05|L9D3Z|C_130,2026-05,L9D3Z,SPAMEDICA LEICESTER,C_130,Ophthalmology Service,391,9.5,
2026-05|L9D3Z|C_999,2026-05,L9D3Z,SPAMEDICA LEICESTER,C_999,Total,391,9.5,
2026-05|M0N7E|C_130,2026-05,M0N7E,SPAMEDICA SITTINGBOURNE,C_130,Ophthalmology Service,208,5.2,
2026-05|M0N7E|C_999,2026-05,M0N7E,SPAMEDICA SITTINGBOURNE,C_999,Total,208,5.2,
2026-05|M2O7D|C_130,2026-05,M2O7D,OPTEGRA EYE HOSPITAL COLCHESTER,C_130,Ophthalmology Service,287,7.7,
2026-05|M2O7D|C_999,2026-05,M2O7D,OPTEGRA EYE HOSPITAL COLCHESTER,C_999,Total,287,7.7,
2026-05|M2Y6D|C_100,2026-05,M2Y6D,PRACTICE PLUS GROUP HOSPITAL BIRMINGHAM,C_100,General Surgery Service,111,5.2,
2026-05|M2Y6D|C_101,2026-05,M2Y6D,PRACTICE PLUS GROUP HOSPITAL BIRMINGHAM,C_101,Urology Service,231,8.2,
2026-05|M2Y6D|C_110,2026-05,M2Y6D,PRACTICE PLUS GROUP HOSPITAL BIRMINGHAM,C_110,Trauma and Orthopaedic Service,1288,9.9,
2026-05|M2Y6D|C_130,2026-05,M2Y6D,PRACTICE PLUS GROUP HOSPITAL BIRMINGHAM,C_130,Ophthalmology Service,4,7.0,
2026-05|M2Y6D|C_999,2026-05,M2Y6D,PRACTICE PLUS GROUP HOSPITAL BIRMINGHAM,C_999,Total,1634,9.2,
2026-05|M3R0W|C_130,2026-05,M3R0W,SPAMEDICA NORWICH,C_130,Ophthalmology Service,356,8.0,
2026-05|M3R0W|C_999,2026-05,M3R0W,SPAMEDICA NORWICH,C_999,Total,356,8.0,
2026-05|M4C5R|C_130,2026-05,M4C5R,NEWMEDICA - NORTHAMPTON,C_130,Ophthalmology Service,1346,9.1,
2026-05|M4C5R|C_999,2026-05,M4C5R,NEWMEDICA - NORTHAMPTON,C_999,Total,1346,9.1,
2026-05|M5E1S|C_130,2026-05,M5E1S,SPAMEDICA EXETER,C_130,Ophthalmology Service,392,7.6,
2026-05|M5E1S|C_999,2026-05,M5E1S,SPAMEDICA EXETER,C_999,Total,392,7.6,
2026-05|M6L9D|C_130,2026-05,M6L9D,NEWMEDICA - NOTTINGHAM - KEYWORTH,C_130,Ophthalmology Service,29,2.7,
2026-05|M6L9D|C_999,2026-05,M6L9D,NEWMEDICA - NOTTINGHAM - KEYWORTH,C_999,Total,29,2.7,
2026-05|M7C9Q|C_130,2026-05,M7C9Q,SPAMEDICA EPSOM,C_130,Ophthalmology Service,421,4.9,
2026-05|M7C9Q|C_999,2026-05,M7C9Q,SPAMEDICA EPSOM,C_999,Total,421,4.9,
2026-05|M9U8M|C_301,2026-05,M9U8M,ENDOCARE DIAGNOSTICS LTD,C_301,Gastroenterology Service,71,1.0,
2026-05|M9U8M|C_999,2026-05,M9U8M,ENDOCARE DIAGNOSTICS LTD,C_999,Total,71,1.0,
2026-05|N1L8R|C_130,2026-05,N1L8R,ACES MANCHESTER ST JOHNS STREET,C_130,Ophthalmology Service,15,10.5,
2026-05|N1L8R|C_999,2026-05,N1L8R,ACES MANCHESTER ST JOHNS STREET,C_999,Total,15,10.5,
2026-05|N1M9Z|C_130,2026-05,N1M9Z,ACES EXETER,C_130,Ophthalmology Service,75,9.8,
2026-05|N1M9Z|C_999,2026-05,N1M9Z,ACES EXETER,C_999,Total,75,9.8,
2026-05|N1N0Y|C_130,2026-05,N1N0Y,SPAMEDICA CROYDON,C_130,Ophthalmology Service,197,5.2,
2026-05|N1N0Y|C_999,2026-05,N1N0Y,SPAMEDICA CROYDON,C_999,Total,197,5.2,
2026-05|N6Z0R|C_130,2026-05,N6Z0R,NEWMEDICA - LINCOLN,C_130,Ophthalmology Service,27,11.1,
2026-05|N6Z0R|C_999,2026-05,N6Z0R,NEWMEDICA - LINCOLN,C_999,Total,27,11.1,
2026-05|N8R1N|C_130,2026-05,N8R1N,NEWMEDICA - BERKSHIRE,C_130,Ophthalmology Service,1406,12.3,
2026-05|N8R1N|C_999,2026-05,N8R1N,NEWMEDICA - BERKSHIRE,C_999,Total,1406,12.3,
2026-05|N8Z8E|C_130,2026-05,N8Z8E,ACES TORQUAY,C_130,Ophthalmology Service,1,8.5,
2026-05|N8Z8E|C_999,2026-05,N8Z8E,ACES TORQUAY,C_999,Total,1,8.5,
2026-05|NAM01|C_100,2026-05,NAM01,PROBUS SURGICAL CENTRE,C_100,General Surgery Service,133,5.4,
2026-05|NAM01|C_101,2026-05,NAM01,PROBUS SURGICAL CENTRE,C_101,Urology Service,37,3.5,
2026-05|NAM01|C_110,2026-05,NAM01,PROBUS SURGICAL CENTRE,C_110,Trauma and Orthopaedic Service,87,3.1,
2026-05|NAM01|C_130,2026-05,NAM01,PROBUS SURGICAL CENTRE,C_130,Ophthalmology Service,338,4.1,
2026-05|NAM01|C_999,2026-05,NAM01,PROBUS SURGICAL CENTRE,C_999,Total,595,4.2,
2026-05|NCN|C_330,2026-05,NCN,DMC HEALTHCARE,C_330,Dermatology Service,1886,7.1,
2026-05|NCN|C_999,2026-05,NCN,DMC HEALTHCARE,C_999,Total,1886,7.1,
2026-05|NCR|C_130,2026-05,NCR,ISIGHT,C_130,Ophthalmology Service,1335,9.5,
2026-05|NCR|C_999,2026-05,NCR,ISIGHT,C_999,Total,1335,9.5,
2026-05|NDJ|C_110,2026-05,NDJ,FIRST COMMUNITY HEALTH AND CARE CIC,C_110,Trauma and Orthopaedic Service,883,5.9,
2026-05|NDJ|C_999,2026-05,NDJ,FIRST COMMUNITY HEALTH AND CARE CIC,C_999,Total,883,5.9,
2026-05|NEQ|C_130,2026-05,NEQ,PHOENIX HEALTH SOLUTIONS LIMITED HQ,C_130,Ophthalmology Service,167,5.0,
2026-05|NEQ|C_301,2026-05,NEQ,PHOENIX HEALTH SOLUTIONS LIMITED HQ,C_301,Gastroenterology Service,396,7.7,
2026-05|NEQ|C_999,2026-05,NEQ,PHOENIX HEALTH SOLUTIONS LIMITED HQ,C_999,Total,568,6.7,
2026-05|NEQ|X02,2026-05,NEQ,PHOENIX HEALTH SOLUTIONS LIMITED HQ,X02,Other - Medical Services,5,2.6,
2026-05|NEY|C_110,2026-05,NEY,PIONEER HEALTHCARE LIMITED,C_110,Trauma and Orthopaedic Service,1,65.5,
2026-05|NEY|C_150,2026-05,NEY,PIONEER HEALTHCARE LIMITED,C_150,Neurosurgical Service,105,12.2,
2026-05|NEY|C_999,2026-05,NEY,PIONEER HEALTHCARE LIMITED,C_999,Total,106,12.3,
2026-05|NFH|C_110,2026-05,NFH,SOMERSET SURGICAL SERVICES HQ,C_110,Trauma and Orthopaedic Service,166,16.1,
2026-05|NFH|C_130,2026-05,NFH,SOMERSET SURGICAL SERVICES HQ,C_130,Ophthalmology Service,420,9.8,
2026-05|NFH|C_140,2026-05,NFH,SOMERSET SURGICAL SERVICES HQ,C_140,Oral Surgery Service,880,10.1,
2026-05|NFH|C_160,2026-05,NFH,SOMERSET SURGICAL SERVICES HQ,C_160,Plastic Surgery Service,110,5.2,
2026-05|NFH|C_999,2026-05,NFH,SOMERSET SURGICAL SERVICES HQ,C_999,Total,1577,9.8,
2026-05|NFH|X05,2026-05,NFH,SOMERSET SURGICAL SERVICES HQ,X05,Other - Surgical Services,1,1.5,
2026-05|NHW|C_110,2026-05,NHW,STANDARD HEALTH LTD,C_110,Trauma and Orthopaedic Service,105,12.1,
2026-05|NHW|C_999,2026-05,NHW,STANDARD HEALTH LTD,C_999,Total,105,12.1,
2026-05|NID|C_120,2026-05,NID,THE LIVING CARE GROUP,C_120,Ear Nose and Throat Service,17,0.7,
2026-05|NID|C_130,2026-05,NID,THE LIVING CARE GROUP,C_130,Ophthalmology Service,91,0.6,
2026-05|NID|C_301,2026-05,NID,THE LIVING CARE GROUP,C_301,Gastroenterology Service,457,0.7,
2026-05|NID|C_999,2026-05,NID,THE LIVING CARE GROUP,C_999,Total,565,0.7,
2026-05|NL3|C_320,2026-05,NL3,CARE PLUS GROUP,C_320,Cardiology Service,229,3.5,
2026-05|NL3|C_999,2026-05,NL3,CARE PLUS GROUP,C_999,Total,229,3.5,
2026-05|NL8|C_330,2026-05,NL8,LOCALA COMMUNITY PARTNERSHIPS CIC,C_330,Dermatology Service,1205,9.6,
2026-05|NL8|C_999,2026-05,NL8,LOCALA COMMUNITY PARTNERSHIPS CIC,C_999,Total,1294,9.3,
2026-05|NL8|X05,2026-05,NL8,LOCALA COMMUNITY PARTNERSHIPS CIC,X05,Other - Surgical Services,89,5.1,
2026-05|NLE01|C_101,2026-05,NLE01,LANCASTER HOUSE CONSULTING DIAGNOSTICS SURGICAL LTD HQ,C_101,Urology Service,771,10.7,
2026-05|NLE01|C_502,2026-05,NLE01,LANCASTER HOUSE CONSULTING DIAGNOSTICS SURGICAL LTD HQ,C_502,Gynaecology Service,500,9.3,
2026-05|NLE01|C_999,2026-05,NLE01,LANCASTER HOUSE CONSULTING DIAGNOSTICS SURGICAL LTD HQ,C_999,Total,1271,9.9,
2026-05|NLG|C_120,2026-05,NLG,COMMUNITAS CLINICS,C_120,Ear Nose and Throat Service,4299,10.5,
2026-05|NLG|C_999,2026-05,NLG,COMMUNITAS CLINICS,C_999,Total,4299,10.5,
2026-05|NLX|C_110,2026-05,NLX,SIRONA CARE & HEALTH,C_110,Trauma and Orthopaedic Service,4533,7.3,
2026-05|NLX|C_999,2026-05,NLX,SIRONA CARE & HEALTH,C_999,Total,4533,7.3,
2026-05|NMG|C_410,2026-05,NMG,CORA HEALTH MSK (FORMERLY CONNECT HEALTH LTD),C_410,Rheumatology Service,1065,4.6,
2026-05|NMG|C_999,2026-05,NMG,CORA HEALTH MSK (FORMERLY CONNECT HEALTH LTD),C_999,Total,21802,5.8,
2026-05|NMG|X06,2026-05,NMG,CORA HEALTH MSK (FORMERLY CONNECT HEALTH LTD),X06,Other - Other Services,20737,5.9,
2026-05|NN4|C_100,2026-05,NN4,TYNESIDE SURGICAL SERVICES LTD,C_100,General Surgery Service,91,10.5,
2026-05|NN4|C_101,2026-05,NN4,TYNESIDE SURGICAL SERVICES LTD,C_101,Urology Service,45,4.9,
2026-05|NN4|C_110,2026-05,NN4,TYNESIDE SURGICAL SERVICES LTD,C_110,Trauma and Orthopaedic Service,529,9.4,
2026-05|NN4|C_160,2026-05,NN4,TYNESIDE SURGICAL SERVICES LTD,C_160,Plastic Surgery Service,220,6.9,
2026-05|NN4|C_301,2026-05,NN4,TYNESIDE SURGICAL SERVICES LTD,C_301,Gastroenterology Service,325,5.9,
2026-05|NN4|C_502,2026-05,NN4,TYNESIDE SURGICAL SERVICES LTD,C_502,Gynaecology Service,71,13.8,
2026-05|NN4|C_999,2026-05,NN4,TYNESIDE SURGICAL SERVICES LTD,C_999,Total,1443,8.4,
2026-05|NN4|X02,2026-05,NN4,TYNESIDE SURGICAL SERVICES LTD,X02,Other - Medical Services,162,7.8,
2026-05|NN5|C_100,2026-05,NN5,MANCHESTER SURGICAL SERVICES LTD,C_100,General Surgery Service,180,6.6,
2026-05|NN5|C_110,2026-05,NN5,MANCHESTER SURGICAL SERVICES LTD,C_110,Trauma and Orthopaedic Service,108,8.5,
2026-05|NN5|C_301,2026-05,NN5,MANCHESTER SURGICAL SERVICES LTD,C_301,Gastroenterology Service,22,7.0,
2026-05|NN5|C_410,2026-05,NN5,MANCHESTER SURGICAL SERVICES LTD,C_410,Rheumatology Service,78,4.9,
2026-05|NN5|C_999,2026-05,NN5,MANCHESTER SURGICAL SERVICES LTD,C_999,Total,388,6.5,
2026-05|NN8|C_100,2026-05,NN8,SPENCER PRIVATE HOSPITALS LTD,C_100,General Surgery Service,381,15.9,
2026-05|NN8|C_101,2026-05,NN8,SPENCER PRIVATE HOSPITALS LTD,C_101,Urology Service,208,8.2,
2026-05|NN8|C_110,2026-05,NN8,SPENCER PRIVATE HOSPITALS LTD,C_110,Trauma and Orthopaedic Service,1373,14.0,
2026-05|NN8|C_120,2026-05,NN8,SPENCER PRIVATE HOSPITALS LTD,C_120,Ear Nose and Throat Service,316,12.2,
2026-05|NN8|C_502,2026-05,NN8,SPENCER PRIVATE HOSPITALS LTD,C_502,Gynaecology Service,1074,13.4,
2026-05|NN8|C_999,2026-05,NN8,SPENCER PRIVATE HOSPITALS LTD,C_999,Total,3799,13.6,
2026-05|NN8|X02,2026-05,NN8,SPENCER PRIVATE HOSPITALS LTD,X02,Other - Medical Services,447,15.3,
2026-05|NNE|C_100,2026-05,NNE,DORKING HEALTHCARE LIMITED (DHC),C_100,General Surgery Service,94,5.6,
2026-05|NNE|C_101,2026-05,NNE,DORKING HEALTHCARE LIMITED (DHC),C_101,Urology Service,151,9.2,
2026-05|NNE|C_110,2026-05,NNE,DORKING HEALTHCARE LIMITED (DHC),C_110,Trauma and Orthopaedic Service,737,9.9,
2026-05|NNE|C_120,2026-05,NNE,DORKING HEALTHCARE LIMITED (DHC),C_120,Ear Nose and Throat Service,749,12.1,
2026-05|NNE|C_130,2026-05,NNE,DORKING HEALTHCARE LIMITED (DHC),C_130,Ophthalmology Service,252,11.4,
2026-05|NNE|C_150,2026-05,NNE,DORKING HEALTHCARE LIMITED (DHC),C_150,Neurosurgical Service,82,10.8,
2026-05|NNE|C_300,2026-05,NNE,DORKING HEALTHCARE LIMITED (DHC),C_300,General Internal Medicine Service,82,6.9,
2026-05|NNE|C_301,2026-05,NNE,DORKING HEALTHCARE LIMITED (DHC),C_301,Gastroenterology Service,327,13.5,
2026-05|NNE|C_320,2026-05,NNE,DORKING HEALTHCARE LIMITED (DHC),C_320,Cardiology Service,621,10.0,
2026-05|NNE|C_330,2026-05,NNE,DORKING HEALTHCARE LIMITED (DHC),C_330,Dermatology Service,669,10.4,
2026-05|NNE|C_340,2026-05,NNE,DORKING HEALTHCARE LIMITED (DHC),C_340,Respiratory Medicine Service,146,8.2,
2026-05|NNE|C_400,2026-05,NNE,DORKING HEALTHCARE LIMITED (DHC),C_400,Neurology Service,488,11.4,
2026-05|NNE|C_410,2026-05,NNE,DORKING HEALTHCARE LIMITED (DHC),C_410,Rheumatology Service,235,7.7,
2026-05|NNE|C_430,2026-05,NNE,DORKING HEALTHCARE LIMITED (DHC),C_430,Elderly Medicine Service,29,8.5,
2026-05|NNE|C_502,2026-05,NNE,DORKING HEALTHCARE LIMITED (DHC),C_502,Gynaecology Service,809,10.5,
2026-05|NNE|C_999,2026-05,NNE,DORKING HEALTHCARE LIMITED (DHC),C_999,Total,6230,10.5,
2026-05|NNE|X02,2026-05,NNE,DORKING HEALTHCARE LIMITED (DHC),X02,Other - Medical Services,304,11.0,
2026-05|NNE|X03,2026-05,NNE,DORKING HEALTHCARE LIMITED (DHC),X03,Other - Mental Health Services,1,15.5,
2026-05|NNE|X05,2026-05,NNE,DORKING HEALTHCARE LIMITED (DHC),X05,Other - Surgical Services,403,12.8,
2026-05|NNE|X06,2026-05,NNE,DORKING HEALTHCARE LIMITED (DHC),X06,Other - Other Services,51,3.7,
2026-05|NNH02|C_130,2026-05,NNH02,OPTEGRA YORKSHIRE EYE HOSPITAL,C_130,Ophthalmology Service,807,9.8,
2026-05|NNH02|C_999,2026-05,NNH02,OPTEGRA YORKSHIRE EYE HOSPITAL,C_999,Total,807,9.8,
2026-05|NNH03|C_130,2026-05,NNH03,OPTEGRA (SURREY EYE HOSPITAL),C_130,Ophthalmology Service,946,6.3,
2026-05|NNH03|C_999,2026-05,NNH03,OPTEGRA (SURREY EYE HOSPITAL),C_999,Total,946,6.3,
2026-05|NNH04|C_130,2026-05,NNH04,OPTEGRA (MANCHESTER EYE HOSPITAL),C_130,Ophthalmology Service,784,7.9,
2026-05|NNH04|C_999,2026-05,NNH04,OPTEGRA (MANCHESTER EYE HOSPITAL),C_999,Total,784,7.9,
2026-05|NNH05|C_130,2026-05,NNH05,OPTEGRA (BIRMINGHAM EYE HOSPITAL),C_130,Ophthalmology Service,782,8.2,
2026-05|NNH05|C_999,2026-05,NNH05,OPTEGRA (BIRMINGHAM EYE HOSPITAL),C_999,Total,782,8.2,
2026-05|NNH06|C_130,2026-05,NNH06,OPTEGRA (SOLENT EYE HOSPITAL),C_130,Ophthalmology Service,683,5.3,
2026-05|NNH06|C_999,2026-05,NNH06,OPTEGRA (SOLENT EYE HOSPITAL),C_999,Total,683,5.3,
2026-05|NNH07|C_130,2026-05,NNH07,OPTEGRA LONDON EYE HOSPITAL,C_130,Ophthalmology Service,906,6.9,
2026-05|NNH07|C_999,2026-05,NNH07,OPTEGRA LONDON EYE HOSPITAL,C_999,Total,906,6.9,
2026-05|NP9|C_400,2026-05,NP9,BESPOKE HEALTHCARE LTD,C_400,Neurology Service,608,10.5,
2026-05|NP9|C_999,2026-05,NP9,BESPOKE HEALTHCARE LTD,C_999,Total,608,10.5,
2026-05|NPG01|C_130,2026-05,NPG01,SPAMEDICA MANCHESTER,C_130,Ophthalmology Service,375,7.4,
2026-05|NPG01|C_999,2026-05,NPG01,SPAMEDICA MANCHESTER,C_999,Total,375,7.4,
2026-05|NPG02|C_130,2026-05,NPG02,SPAMEDICA WIRRAL,C_130,Ophthalmology Service,482,4.0,
2026-05|NPG02|C_999,2026-05,NPG02,SPAMEDICA WIRRAL,C_999,Total,482,4.0,
2026-05|NPG06|C_130,2026-05,NPG06,SPAMEDICA LIVERPOOL,C_130,Ophthalmology Service,470,4.9,
2026-05|NPG06|C_999,2026-05,NPG06,SPAMEDICA LIVERPOOL,C_999,Total,470,4.9,
2026-05|NPG07|C_130,2026-05,NPG07,SPAMEDICA EYE HOSPITAL (WAKEFIELD),C_130,Ophthalmology Service,781,5.5,
2026-05|NPG07|C_999,2026-05,NPG07,SPAMEDICA EYE HOSPITAL (WAKEFIELD),C_999,Total,781,5.5,
2026-05|NPG08|C_130,2026-05,NPG08,SPAMEDICA BOLTON,C_130,Ophthalmology Service,756,5.4,
2026-05|NPG08|C_999,2026-05,NPG08,SPAMEDICA BOLTON,C_999,Total,756,5.4,
2026-05|NPG10|C_130,2026-05,NPG10,SPAMEDICA SHEFFIELD,C_130,Ophthalmology Service,485,6.4,
2026-05|NPG10|C_999,2026-05,NPG10,SPAMEDICA SHEFFIELD,C_999,Total,485,6.4,
2026-05|NPG11|C_130,2026-05,NPG11,SPAMEDICA BIRMINGHAM,C_130,Ophthalmology Service,805,5.9,
2026-05|NPG11|C_999,2026-05,NPG11,SPAMEDICA BIRMINGHAM,C_999,Total,805,5.9,
2026-05|NPG13|C_130,2026-05,NPG13,SPAMEDICA SKELMERSDALE,C_130,Ophthalmology Service,154,4.2,
2026-05|NPG13|C_999,2026-05,NPG13,SPAMEDICA SKELMERSDALE,C_999,Total,154,4.2,
2026-05|NPG14|C_130,2026-05,NPG14,SPAMEDICA WIDNES,C_130,Ophthalmology Service,326,4.5,
2026-05|NPG14|C_999,2026-05,NPG14,SPAMEDICA WIDNES,C_999,Total,326,4.5,
2026-05|NPG15|C_130,2026-05,NPG15,SPAMEDICA NEWCASTLE-UNDER-LYME,C_130,Ophthalmology Service,329,7.0,
2026-05|NPG15|C_999,2026-05,NPG15,SPAMEDICA NEWCASTLE-UNDER-LYME,C_999,Total,329,7.0,
2026-05|NPG16|C_130,2026-05,NPG16,SPAMEDICA CHELMSFORD,C_130,Ophthalmology Service,800,6.9,
2026-05|NPG16|C_999,2026-05,NPG16,SPAMEDICA CHELMSFORD,C_999,Total,800,6.9,
2026-05|NPG17|C_130,2026-05,NPG17,SPAMEDICA PRESTON,C_130,Ophthalmology Service,397,4.0,
2026-05|NPG17|C_999,2026-05,NPG17,SPAMEDICA PRESTON,C_999,Total,397,4.0,
2026-05|NPG18|C_130,2026-05,NPG18,SPAMEDICA HULL,C_130,Ophthalmology Service,571,6.0,
2026-05|NPG18|C_999,2026-05,NPG18,SPAMEDICA HULL,C_999,Total,571,6.0,
2026-05|NPG19|C_130,2026-05,NPG19,SPAMEDICA BEDFORD,C_130,Ophthalmology Service,368,4.2,
2026-05|NPG19|C_999,2026-05,NPG19,SPAMEDICA BEDFORD,C_999,Total,368,4.2,
2026-05|NPG20|C_130,2026-05,NPG20,SPAMEDICA WOLVERHAMPTON,C_130,Ophthalmology Service,898,7.3,
2026-05|NPG20|C_999,2026-05,NPG20,SPAMEDICA WOLVERHAMPTON,C_999,Total,898,7.3,
2026-05|NPG21|C_130,2026-05,NPG21,SPAMEDICA COVENTRY,C_130,Ophthalmology Service,815,6.3,
2026-05|NPG21|C_999,2026-05,NPG21,SPAMEDICA COVENTRY,C_999,Total,815,6.3,
2026-05|NPG22|C_130,2026-05,NPG22,SPAMEDICA STOCKTON-ON-TEES,C_130,Ophthalmology Service,509,8.1,
2026-05|NPG22|C_999,2026-05,NPG22,SPAMEDICA STOCKTON-ON-TEES,C_999,Total,509,8.1,
2026-05|NPG23|C_130,2026-05,NPG23,SPAMEDICA DERBY,C_130,Ophthalmology Service,607,5.6,
2026-05|NPG23|C_999,2026-05,NPG23,SPAMEDICA DERBY,C_999,Total,607,5.6,
2026-05|NPR01|C_330,2026-05,NPR01,ABOUT HEALTH HQ,C_330,Dermatology Service,1341,3.3,
2026-05|NPR01|C_999,2026-05,NPR01,ABOUT HEALTH HQ,C_999,Total,1341,3.3,
2026-05|NQH|C_330,2026-05,NQH,NOVUS HEALTH LTD,C_330,Dermatology Service,853,4.0,
2026-05|NQH|C_999,2026-05,NQH,NOVUS HEALTH LTD,C_999,Total,853,4.0,
2026-05|NQM01|C_110,2026-05,NQM01,ORTHOPAEDICS & SPINE SPECIALIST HOSPITAL SITE,C_110,Trauma and Orthopaedic Service,153,9.0,
2026-05|NQM01|C_999,2026-05,NQM01,ORTHOPAEDICS & SPINE SPECIALIST HOSPITAL SITE,C_999,Total,153,9.0,
2026-05|NQT5K|C_110,2026-05,NQT5K,ST MARTINS HOSPITAL,C_110,Trauma and Orthopaedic Service,63,11.9,
2026-05|NQT5K|C_430,2026-05,NQT5K,ST MARTINS HOSPITAL,C_430,Elderly Medicine Service,66,2.5,
2026-05|NQT5K|C_999,2026-05,NQT5K,ST MARTINS HOSPITAL,C_999,Total,129,4.4,
2026-05|NQX|C_110,2026-05,NQX,PROVIDE ENTERPRISES,C_110,Trauma and Orthopaedic Service,239,4.0,
2026-05|NQX|C_999,2026-05,NQX,PROVIDE ENTERPRISES,C_999,Total,239,4.0,
2026-05|NR5|C_430,2026-05,NR5,LIVEWELL SOUTHWEST,C_430,Elderly Medicine Service,21,2.7,
2026-05|NR5|C_999,2026-05,NR5,LIVEWELL SOUTHWEST,C_999,Total,63,3.1,
2026-05|NR5|X02,2026-05,NR5,LIVEWELL SOUTHWEST,X02,Other - Medical Services,42,3.7,
2026-05|NRF|C_120,2026-05,NRF,UNIVERSITY OF SOUTHAMPTON AUDITORY IMPLANT SERVICE,C_120,Ear Nose and Throat Service,172,11.7,
2026-05|NRF|C_999,2026-05,NRF,UNIVERSITY OF SOUTHAMPTON AUDITORY IMPLANT SERVICE,C_999,Total,172,11.7,
2026-05|NRL|C_320,2026-05,NRL,HEART NETWORKS,C_320,Cardiology Service,569,9.4,
2026-05|NRL|C_999,2026-05,NRL,HEART NETWORKS,C_999,Total,569,9.4,
2026-05|NRP|C_120,2026-05,NRP,BEACON MEDICAL SERVICES GROUP LIMITED,C_120,Ear Nose and Throat Service,2592,6.6,
2026-05|NRP|C_301,2026-05,NRP,BEACON MEDICAL SERVICES GROUP LIMITED,C_301,Gastroenterology Service,1511,8.9,
2026-05|NRP|C_999,2026-05,NRP,BEACON MEDICAL SERVICES GROUP LIMITED,C_999,Total,4103,7.2,
2026-05|NT202|C_100,2026-05,NT202,"NUFFIELD HEALTH, BOURNEMOUTH HOSPITAL",C_100,General Surgery Service,58,9.3,
2026-05|NT202|C_101,2026-05,NT202,"NUFFIELD HEALTH, BOURNEMOUTH HOSPITAL",C_101,Urology Service,39,11.3,
2026-05|NT202|C_110,2026-05,NT202,"NUFFIELD HEALTH, BOURNEMOUTH HOSPITAL",C_110,Trauma and Orthopaedic Service,366,15.3,
2026-05|NT202|C_999,2026-05,NT202,"NUFFIELD HEALTH, BOURNEMOUTH HOSPITAL",C_999,Total,463,14.5,
2026-05|NT204|C_100,2026-05,NT204,"NUFFIELD HEALTH, BRENTWOOD HOSPITAL",C_100,General Surgery Service,185,19.6,
2026-05|NT204|C_101,2026-05,NT204,"NUFFIELD HEALTH, BRENTWOOD HOSPITAL",C_101,Urology Service,167,10.8,
2026-05|NT204|C_110,2026-05,NT204,"NUFFIELD HEALTH, BRENTWOOD HOSPITAL",C_110,Trauma and Orthopaedic Service,647,14.4,
2026-05|NT204|C_120,2026-05,NT204,"NUFFIELD HEALTH, BRENTWOOD HOSPITAL",C_120,Ear Nose and Throat Service,321,19.8,
2026-05|NT204|C_150,2026-05,NT204,"NUFFIELD HEALTH, BRENTWOOD HOSPITAL",C_150,Neurosurgical Service,172,13.4,
2026-05|NT204|C_502,2026-05,NT204,"NUFFIELD HEALTH, BRENTWOOD HOSPITAL",C_502,Gynaecology Service,880,18.2,
2026-05|NT204|C_999,2026-05,NT204,"NUFFIELD HEALTH, BRENTWOOD HOSPITAL",C_999,Total,2394,16.3,
2026-05|NT204|X06,2026-05,NT204,"NUFFIELD HEALTH, BRENTWOOD HOSPITAL",X06,Other - Other Services,22,17.3,
2026-05|NT205|C_100,2026-05,NT205,"NUFFIELD HEALTH, BRIGHTON HOSPITAL",C_100,General Surgery Service,70,13.3,
2026-05|NT205|C_101,2026-05,NT205,"NUFFIELD HEALTH, BRIGHTON HOSPITAL",C_101,Urology Service,242,29.3,
2026-05|NT205|C_110,2026-05,NT205,"NUFFIELD HEALTH, BRIGHTON HOSPITAL",C_110,Trauma and Orthopaedic Service,250,12.3,
2026-05|NT205|C_160,2026-05,NT205,"NUFFIELD HEALTH, BRIGHTON HOSPITAL",C_160,Plastic Surgery Service,197,37.1,
2026-05|NT205|C_999,2026-05,NT205,"NUFFIELD HEALTH, BRIGHTON HOSPITAL",C_999,Total,759,19.4,
2026-05|NT206|C_100,2026-05,NT206,"NUFFIELD HEALTH, BRISTOL HOSPITAL (CHESTERFIELD)",C_100,General Surgery Service,24,13.5,
2026-05|NT206|C_110,2026-05,NT206,"NUFFIELD HEALTH, BRISTOL HOSPITAL (CHESTERFIELD)",C_110,Trauma and Orthopaedic Service,454,14.0,
2026-05|NT206|C_301,2026-05,NT206,"NUFFIELD HEALTH, BRISTOL HOSPITAL (CHESTERFIELD)",C_301,Gastroenterology Service,1,10.5,
2026-05|NT206|C_999,2026-05,NT206,"NUFFIELD HEALTH, BRISTOL HOSPITAL (CHESTERFIELD)",C_999,Total,621,14.2,
2026-05|NT206|X02,2026-05,NT206,"NUFFIELD HEALTH, BRISTOL HOSPITAL (CHESTERFIELD)",X02,Other - Medical Services,10,10.5,
2026-05|NT206|X06,2026-05,NT206,"NUFFIELD HEALTH, BRISTOL HOSPITAL (CHESTERFIELD)",X06,Other - Other Services,132,16.8,
2026-05|NT209|C_110,2026-05,NT209,"NUFFIELD HEALTH, CAMBRIDGE HOSPITAL",C_110,Trauma and Orthopaedic Service,174,16.3,
2026-05|NT209|C_150,2026-05,NT209,"NUFFIELD HEALTH, CAMBRIDGE HOSPITAL",C_150,Neurosurgical Service,31,12.5,
2026-05|NT209|C_301,2026-05,NT209,"NUFFIELD HEALTH, CAMBRIDGE HOSPITAL",C_301,Gastroenterology Service,1,33.5,
2026-05|NT209|C_999,2026-05,NT209,"NUFFIELD HEALTH, CAMBRIDGE HOSPITAL",C_999,Total,206,15.9,
2026-05|NT210|C_100,2026-05,NT210,"NUFFIELD HEALTH, THE GROSVENOR HOSPITAL, CHESTER",C_100,General Surgery Service,47,17.8,
2026-05|NT210|C_110,2026-05,NT210,"NUFFIELD HEALTH, THE GROSVENOR HOSPITAL, CHESTER",C_110,Trauma and Orthopaedic Service,411,11.8,
2026-05|NT210|C_999,2026-05,NT210,"NUFFIELD HEALTH, THE GROSVENOR HOSPITAL, CHESTER",C_999,Total,479,12.6,
2026-05|NT210|X06,2026-05,NT210,"NUFFIELD HEALTH, THE GROSVENOR HOSPITAL, CHESTER",X06,Other - Other Services,21,31.8,
2026-05|NT211|C_110,2026-05,NT211,"NUFFIELD HEALTH, CHELTENHAM HOSPITAL",C_110,Trauma and Orthopaedic Service,38,19.0,
2026-05|NT211|C_999,2026-05,NT211,"NUFFIELD HEALTH, CHELTENHAM HOSPITAL",C_999,Total,40,19.0,
2026-05|NT211|X02,2026-05,NT211,"NUFFIELD HEALTH, CHELTENHAM HOSPITAL",X02,Other - Medical Services,1,53.5,
2026-05|NT211|X06,2026-05,NT211,"NUFFIELD HEALTH, CHELTENHAM HOSPITAL",X06,Other - Other Services,1,14.5,
2026-05|NT212|C_100,2026-05,NT212,"NUFFIELD HEALTH, CHICHESTER HOSPITAL",C_100,General Surgery Service,19,4.5,
2026-05|NT212|C_110,2026-05,NT212,"NUFFIELD HEALTH, CHICHESTER HOSPITAL",C_110,Trauma and Orthopaedic Service,361,11.0,
2026-05|NT212|C_502,2026-05,NT212,"NUFFIELD HEALTH, CHICHESTER HOSPITAL",C_502,Gynaecology Service,10,4.0,
2026-05|NT212|C_999,2026-05,NT212,"NUFFIELD HEALTH, CHICHESTER HOSPITAL",C_999,Total,461,7.9,
2026-05|NT212|X02,2026-05,NT212,"NUFFIELD HEALTH, CHICHESTER HOSPITAL",X02,Other - Medical Services,71,5.0,
2026-05|NT213|C_100,2026-05,NT213,"NUFFIELD HEALTH, DERBY HOSPITAL",C_100,General Surgery Service,61,11.8,
2026-05|NT213|C_110,2026-05,NT213,"NUFFIELD HEALTH, DERBY HOSPITAL",C_110,Trauma and Orthopaedic Service,1063,15.5,
2026-05|NT213|C_999,2026-05,NT213,"NUFFIELD HEALTH, DERBY HOSPITAL",C_999,Total,1138,15.3,
2026-05|NT213|X02,2026-05,NT213,"NUFFIELD HEALTH, DERBY HOSPITAL",X02,Other - Medical Services,14,19.0,
2026-05|NT214|C_110,2026-05,NT214,"NUFFIELD HEALTH, WESSEX HOSPITAL",C_110,Trauma and Orthopaedic Service,554,23.2,
2026-05|NT214|C_999,2026-05,NT214,"NUFFIELD HEALTH, WESSEX HOSPITAL",C_999,Total,556,23.2,
2026-05|NT214|X06,2026-05,NT214,"NUFFIELD HEALTH, WESSEX HOSPITAL",X06,Other - Other Services,2,3.0,
2026-05|NT215|C_100,2026-05,NT215,"NUFFIELD HEALTH, EXETER HOSPITAL",C_100,General Surgery Service,181,18.0,
2026-05|NT215|C_110,2026-05,NT215,"NUFFIELD HEALTH, EXETER HOSPITAL",C_110,Trauma and Orthopaedic Service,196,17.6,
2026-05|NT215|C_320,2026-05,NT215,"NUFFIELD HEALTH, EXETER HOSPITAL",C_320,Cardiology Service,10,46.0,
2026-05|NT215|C_999,2026-05,NT215,"NUFFIELD HEALTH, EXETER HOSPITAL",C_999,Total,390,18.1,
2026-05|NT215|X06,2026-05,NT215,"NUFFIELD HEALTH, EXETER HOSPITAL",X06,Other - Other Services,3,18.8,
2026-05|NT216|C_100,2026-05,NT216,"NUFFIELD HEALTH, GUILDFORD HOSPITAL",C_100,General Surgery Service,6,30.0,
2026-05|NT216|C_101,2026-05,NT216,"NUFFIELD HEALTH, GUILDFORD HOSPITAL",C_101,Urology Service,3,12.8,
2026-05|NT216|C_110,2026-05,NT216,"NUFFIELD HEALTH, GUILDFORD HOSPITAL",C_110,Trauma and Orthopaedic Service,48,4.1,
2026-05|NT216|C_502,2026-05,NT216,"NUFFIELD HEALTH, GUILDFORD HOSPITAL",C_502,Gynaecology Service,23,31.6,
2026-05|NT216|C_999,2026-05,NT216,"NUFFIELD HEALTH, GUILDFORD HOSPITAL",C_999,Total,80,12.2,
2026-05|NT218|C_100,2026-05,NT218,"NUFFIELD HEALTH, HAYWARDS HEATH HOSPITAL",C_100,General Surgery Service,73,13.4,
2026-05|NT218|C_110,2026-05,NT218,"NUFFIELD HEALTH, HAYWARDS HEATH HOSPITAL",C_110,Trauma and Orthopaedic Service,387,17.6,
2026-05|NT218|C_130,2026-05,NT218,"NUFFIELD HEALTH, HAYWARDS HEATH HOSPITAL",C_130,Ophthalmology Service,16,17.5,
2026-05|NT218|C_999,2026-05,NT218,"NUFFIELD HEALTH, HAYWARDS HEATH HOSPITAL",C_999,Total,476,16.4,
2026-05|NT219|C_100,2026-05,NT219,"NUFFIELD HEALTH, HEREFORD HOSPITAL",C_100,General Surgery Service,69,10.8,
2026-05|NT219|C_110,2026-05,NT219,"NUFFIELD HEALTH, HEREFORD HOSPITAL",C_110,Trauma and Orthopaedic Service,325,9.9,
2026-05|NT219|C_999,2026-05,NT219,"NUFFIELD HEALTH, HEREFORD HOSPITAL",C_999,Total,398,10.0,
2026-05|NT219|X06,2026-05,NT219,"NUFFIELD HEALTH, HEREFORD HOSPITAL",X06,Other - Other Services,4,1.3,
2026-05|NT224|C_100,2026-05,NT224,"NUFFIELD HEALTH, WARWICKSHIRE HOSPITAL",C_100,General Surgery Service,210,9.8,
2026-05|NT224|C_101,2026-05,NT224,"NUFFIELD HEALTH, WARWICKSHIRE HOSPITAL",C_101,Urology Service,36,6.8,
2026-05|NT224|C_110,2026-05,NT224,"NUFFIELD HEALTH, WARWICKSHIRE HOSPITAL",C_110,Trauma and Orthopaedic Service,180,9.2,
2026-05|NT224|C_999,2026-05,NT224,"NUFFIELD HEALTH, WARWICKSHIRE HOSPITAL",C_999,Total,427,9.4,
2026-05|NT224|X06,2026-05,NT224,"NUFFIELD HEALTH, WARWICKSHIRE HOSPITAL",X06,Other - Other Services,1,12.5,
2026-05|NT226|C_100,2026-05,NT226,"NUFFIELD HEALTH, LEICESTER HOSPITAL",C_100,General Surgery Service,6,2.0,
2026-05|NT226|C_110,2026-05,NT226,"NUFFIELD HEALTH, LEICESTER HOSPITAL",C_110,Trauma and Orthopaedic Service,433,5.3,
2026-05|NT226|C_160,2026-05,NT226,"NUFFIELD HEALTH, LEICESTER HOSPITAL",C_160,Plastic Surgery Service,13,11.2,
2026-05|NT226|C_999,2026-05,NT226,"NUFFIELD HEALTH, LEICESTER HOSPITAL",C_999,Total,452,5.3,
2026-05|NT229|C_100,2026-05,NT229,"NUFFIELD HEALTH, NEWCASTLE UPON TYNE HOSPITAL",C_100,General Surgery Service,21,14.5,
2026-05|NT229|C_110,2026-05,NT229,"NUFFIELD HEALTH, NEWCASTLE UPON TYNE HOSPITAL",C_110,Trauma and Orthopaedic Service,421,18.2,
2026-05|NT229|C_160,2026-05,NT229,"NUFFIELD HEALTH, NEWCASTLE UPON TYNE HOSPITAL",C_160,Plastic Surgery Service,22,21.2,
2026-05|NT229|C_999,2026-05,NT229,"NUFFIELD HEALTH, NEWCASTLE UPON TYNE HOSPITAL",C_999,Total,464,18.1,
2026-05|NT230|C_100,2026-05,NT230,"NUFFIELD HEALTH, NORTH STAFFORDSHIRE HOSPITAL",C_100,General Surgery Service,41,8.8,
2026-05|NT230|C_110,2026-05,NT230,"NUFFIELD HEALTH, NORTH STAFFORDSHIRE HOSPITAL",C_110,Trauma and Orthopaedic Service,982,11.1,
2026-05|NT230|C_130,2026-05,NT230,"NUFFIELD HEALTH, NORTH STAFFORDSHIRE HOSPITAL",C_130,Ophthalmology Service,144,12.3,
2026-05|NT230|C_999,2026-05,NT230,"NUFFIELD HEALTH, NORTH STAFFORDSHIRE HOSPITAL",C_999,Total,1167,11.1,
2026-05|NT233|C_100,2026-05,NT233,"NUFFIELD HEALTH, PLYMOUTH HOSPITAL",C_100,General Surgery Service,151,12.4,
2026-05|NT233|C_101,2026-05,NT233,"NUFFIELD HEALTH, PLYMOUTH HOSPITAL",C_101,Urology Service,9,11.5,
2026-05|NT233|C_110,2026-05,NT233,"NUFFIELD HEALTH, PLYMOUTH HOSPITAL",C_110,Trauma and Orthopaedic Service,584,13.3,
2026-05|NT233|C_150,2026-05,NT233,"NUFFIELD HEALTH, PLYMOUTH HOSPITAL",C_150,Neurosurgical Service,148,16.6,
2026-05|NT233|C_160,2026-05,NT233,"NUFFIELD HEALTH, PLYMOUTH HOSPITAL",C_160,Plastic Surgery Service,35,14.2,
2026-05|NT233|C_301,2026-05,NT233,"NUFFIELD HEALTH, PLYMOUTH HOSPITAL",C_301,Gastroenterology Service,21,4.8,
2026-05|NT233|C_999,2026-05,NT233,"NUFFIELD HEALTH, PLYMOUTH HOSPITAL",C_999,Total,1011,13.3,
2026-05|NT233|X06,2026-05,NT233,"NUFFIELD HEALTH, PLYMOUTH HOSPITAL",X06,Other - Other Services,63,13.1,
2026-05|NT235|C_110,2026-05,NT235,"NUFFIELD HEALTH, SHREWSBURY HOSPITAL",C_110,Trauma and Orthopaedic Service,298,10.5,
2026-05|NT235|C_130,2026-05,NT235,"NUFFIELD HEALTH, SHREWSBURY HOSPITAL",C_130,Ophthalmology Service,316,9.8,
2026-05|NT235|C_999,2026-05,NT235,"NUFFIELD HEALTH, SHREWSBURY HOSPITAL",C_999,Total,614,10.1,
2026-05|NT237|C_100,2026-05,NT237,"NUFFIELD HEALTH, TEES HOSPITAL",C_100,General Surgery Service,151,10.9,
2026-05|NT237|C_101,2026-05,NT237,"NUFFIELD HEALTH, TEES HOSPITAL",C_101,Urology Service,1,25.5,
2026-05|NT237|C_110,2026-05,NT237,"NUFFIELD HEALTH, TEES HOSPITAL",C_110,Trauma and Orthopaedic Service,1005,10.1,
2026-05|NT237|C_120,2026-05,NT237,"NUFFIELD HEALTH, TEES HOSPITAL",C_120,Ear Nose and Throat Service,29,11.8,
2026-05|NT237|C_130,2026-05,NT237,"NUFFIELD HEALTH, TEES HOSPITAL",C_130,Ophthalmology Service,497,8.4,
2026-05|NT237|C_999,2026-05,NT237,"NUFFIELD HEALTH, TEES HOSPITAL",C_999,Total,1683,10.0,
2026-05|NT238|C_110,2026-05,NT238,"NUFFIELD HEALTH, TAUNTON HOSPITAL",C_110,Trauma and Orthopaedic Service,555,16.3,
2026-05|NT238|C_999,2026-05,NT238,"NUFFIELD HEALTH, TAUNTON HOSPITAL",C_999,Total,555,16.3,
2026-05|NT239|C_100,2026-05,NT239,"NUFFIELD HEALTH, TUNBRIDGE WELLS HOSPITAL",C_100,General Surgery Service,13,8.2,
2026-05|NT239|C_101,2026-05,NT239,"NUFFIELD HEALTH, TUNBRIDGE WELLS HOSPITAL",C_101,Urology Service,2,11.0,
2026-05|NT239|C_110,2026-05,NT239,"NUFFIELD HEALTH, TUNBRIDGE WELLS HOSPITAL",C_110,Trauma and Orthopaedic Service,75,8.6,
2026-05|NT239|C_120,2026-05,NT239,"NUFFIELD HEALTH, TUNBRIDGE WELLS HOSPITAL",C_120,Ear Nose and Throat Service,1,28.5,
2026-05|NT239|C_502,2026-05,NT239,"NUFFIELD HEALTH, TUNBRIDGE WELLS HOSPITAL",C_502,Gynaecology Service,8,10.5,
2026-05|NT239|C_999,2026-05,NT239,"NUFFIELD HEALTH, TUNBRIDGE WELLS HOSPITAL",C_999,Total,99,8.8,
2026-05|NT241|C_100,2026-05,NT241,"NUFFIELD HEALTH, WOKING HOSPITAL",C_100,General Surgery Service,16,11.5,
2026-05|NT241|C_101,2026-05,NT241,"NUFFIELD HEALTH, WOKING HOSPITAL",C_101,Urology Service,41,6.5,
2026-05|NT241|C_110,2026-05,NT241,"NUFFIELD HEALTH, WOKING HOSPITAL",C_110,Trauma and Orthopaedic Service,175,5.0,
2026-05|NT241|C_502,2026-05,NT241,"NUFFIELD HEALTH, WOKING HOSPITAL",C_502,Gynaecology Service,145,9.4,
2026-05|NT241|C_999,2026-05,NT241,"NUFFIELD HEALTH, WOKING HOSPITAL",C_999,Total,377,6.5,
2026-05|NT242|C_100,2026-05,NT242,"NUFFIELD HEALTH, WOLVERHAMPTON HOSPITAL",C_100,General Surgery Service,33,5.8,
2026-05|NT242|C_110,2026-05,NT242,"NUFFIELD HEALTH, WOLVERHAMPTON HOSPITAL",C_110,Trauma and Orthopaedic Service,200,7.2,
2026-05|NT242|C_130,2026-05,NT242,"NUFFIELD HEALTH, WOLVERHAMPTON HOSPITAL",C_130,Ophthalmology Service,256,8.9,
2026-05|NT242|C_999,2026-05,NT242,"NUFFIELD HEALTH, WOLVERHAMPTON HOSPITAL",C_999,Total,489,7.9,
2026-05|NT244|C_101,2026-05,NT244,NUFFIELD HOSPITAL OXFORD (THE MANOR),C_101,Urology Service,6,3.7,
2026-05|NT244|C_110,2026-05,NT244,NUFFIELD HOSPITAL OXFORD (THE MANOR),C_110,Trauma and Orthopaedic Service,100,8.0,
2026-05|NT244|C_999,2026-05,NT244,NUFFIELD HOSPITAL OXFORD (THE MANOR),C_999,Total,106,7.9,
2026-05|NT245|C_101,2026-05,NT245,"NUFFIELD HEALTH, YORK HOSPITAL",C_101,Urology Service,37,15.1,
2026-05|NT245|C_110,2026-05,NT245,"NUFFIELD HEALTH, YORK HOSPITAL",C_110,Trauma and Orthopaedic Service,1242,9.9,
2026-05|NT245|C_999,2026-05,NT245,"NUFFIELD HEALTH, YORK HOSPITAL",C_999,Total,1279,10.1,
2026-05|NT301|C_100,2026-05,NT301,SPIRE SOUTH BANK HOSPITAL,C_100,General Surgery Service,166,8.2,
2026-05|NT301|C_110,2026-05,NT301,SPIRE SOUTH BANK HOSPITAL,C_110,Trauma and Orthopaedic Service,564,14.7,
2026-05|NT301|C_301,2026-05,NT301,SPIRE SOUTH BANK HOSPITAL,C_301,Gastroenterology Service,15,11.2,
2026-05|NT301|C_999,2026-05,NT301,SPIRE SOUTH BANK HOSPITAL,C_999,Total,748,14.3,
2026-05|NT301|X05,2026-05,NT301,SPIRE SOUTH BANK HOSPITAL,X05,Other - Surgical Services,3,5.5,
2026-05|NT302|C_100,2026-05,NT302,SPIRE BRISTOL HOSPITAL,C_100,General Surgery Service,1,2.5,
2026-05|NT302|C_110,2026-05,NT302,SPIRE BRISTOL HOSPITAL,C_110,Trauma and Orthopaedic Service,793,15.6,
2026-05|NT302|C_999,2026-05,NT302,SPIRE BRISTOL HOSPITAL,C_999,Total,794,15.6,
2026-05|NT304|C_100,2026-05,NT304,SPIRE SOUTHAMPTON HOSPITAL,C_100,General Surgery Service,16,17.5,
2026-05|NT304|C_110,2026-05,NT304,SPIRE SOUTHAMPTON HOSPITAL,C_110,Trauma and Orthopaedic Service,218,16.7,
2026-05|NT304|C_150,2026-05,NT304,SPIRE SOUTHAMPTON HOSPITAL,C_150,Neurosurgical Service,4,7.5,
2026-05|NT304|C_999,2026-05,NT304,SPIRE SOUTHAMPTON HOSPITAL,C_999,Total,238,17.3,
2026-05|NT305|C_110,2026-05,NT305,SPIRE PORTSMOUTH HOSPITAL,C_110,Trauma and Orthopaedic Service,439,15.5,
2026-05|NT305|C_999,2026-05,NT305,SPIRE PORTSMOUTH HOSPITAL,C_999,Total,439,15.5,
2026-05|NT308|C_100,2026-05,NT308,SPIRE GATWICK PARK HOSPITAL,C_100,General Surgery Service,77,12.1,
2026-05|NT308|C_110,2026-05,NT308,SPIRE GATWICK PARK HOSPITAL,C_110,Trauma and Orthopaedic Service,645,14.0,
2026-05|NT308|C_301,2026-05,NT308,SPIRE GATWICK PARK HOSPITAL,C_301,Gastroenterology Service,1,6.5,
2026-05|NT308|C_999,2026-05,NT308,SPIRE GATWICK PARK HOSPITAL,C_999,Total,1411,9.9,
2026-05|NT308|X05,2026-05,NT308,SPIRE GATWICK PARK HOSPITAL,X05,Other - Surgical Services,688,8.5,
2026-05|NT30A|C_100,2026-05,NT30A,SPIRE NOTTINGHAM HOSPITAL,C_100,General Surgery Service,122,6.8,
2026-05|NT30A|C_101,2026-05,NT30A,SPIRE NOTTINGHAM HOSPITAL,C_101,Urology Service,51,8.1,
2026-05|NT30A|C_110,2026-05,NT30A,SPIRE NOTTINGHAM HOSPITAL,C_110,Trauma and Orthopaedic Service,469,12.6,
2026-05|NT30A|C_301,2026-05,NT30A,SPIRE NOTTINGHAM HOSPITAL,C_301,Gastroenterology Service,1,12.5,
2026-05|NT30A|C_999,2026-05,NT30A,SPIRE NOTTINGHAM HOSPITAL,C_999,Total,644,9.2,
2026-05|NT30A|X05,2026-05,NT30A,SPIRE NOTTINGHAM HOSPITAL,X05,Other - Surgical Services,1,0.5,
2026-05|NT312|C_100,2026-05,NT312,SPIRE ALEXANDRA HOSPITAL,C_100,General Surgery Service,149,8.7,
2026-05|NT312|C_110,2026-05,NT312,SPIRE ALEXANDRA HOSPITAL,C_110,Trauma and Orthopaedic Service,313,6.9,
2026-05|NT312|C_160,2026-05,NT312,SPIRE ALEXANDRA HOSPITAL,C_160,Plastic Surgery Service,7,8.5,
2026-05|NT312|C_301,2026-05,NT312,SPIRE ALEXANDRA HOSPITAL,C_301,Gastroenterology Service,1,15.5,
2026-05|NT312|C_502,2026-05,NT312,SPIRE ALEXANDRA HOSPITAL,C_502,Gynaecology Service,105,6.7,
2026-05|NT312|C_999,2026-05,NT312,SPIRE ALEXANDRA HOSPITAL,C_999,Total,1401,9.7,
2026-05|NT312|X05,2026-05,NT312,SPIRE ALEXANDRA HOSPITAL,X05,Other - Surgical Services,826,11.7,
2026-05|NT313|C_100,2026-05,NT313,SPIRE WELLESLEY HOSPITAL,C_100,General Surgery Service,107,10.2,
2026-05|NT313|C_110,2026-05,NT313,SPIRE WELLESLEY HOSPITAL,C_110,Trauma and Orthopaedic Service,995,16.2,
2026-05|NT313|C_999,2026-05,NT313,SPIRE WELLESLEY HOSPITAL,C_999,Total,1118,15.8,
2026-05|NT313|X05,2026-05,NT313,SPIRE WELLESLEY HOSPITAL,X05,Other - Surgical Services,16,10.0,
2026-05|NT314|C_100,2026-05,NT314,SPIRE LONDON EAST,C_100,General Surgery Service,518,13.1,
2026-05|NT314|C_110,2026-05,NT314,SPIRE LONDON EAST,C_110,Trauma and Orthopaedic Service,1163,10.9,
2026-05|NT314|C_150,2026-05,NT314,SPIRE LONDON EAST,C_150,Neurosurgical Service,394,20.5,
2026-05|NT314|C_160,2026-05,NT314,SPIRE LONDON EAST,C_160,Plastic Surgery Service,38,9.0,
2026-05|NT314|C_301,2026-05,NT314,SPIRE LONDON EAST,C_301,Gastroenterology Service,24,15.5,
2026-05|NT314|C_502,2026-05,NT314,SPIRE LONDON EAST,C_502,Gynaecology Service,778,22.7,
2026-05|NT314|C_999,2026-05,NT314,SPIRE LONDON EAST,C_999,Total,3390,15.4,
2026-05|NT314|X05,2026-05,NT314,SPIRE LONDON EAST,X05,Other - Surgical Services,475,13.8,
2026-05|NT315|C_100,2026-05,NT315,SPIRE BUSHEY HOSPITAL,C_100,General Surgery Service,168,9.2,
2026-05|NT315|C_110,2026-05,NT315,SPIRE BUSHEY HOSPITAL,C_110,Trauma and Orthopaedic Service,569,8.1,
2026-05|NT315|C_120,2026-05,NT315,SPIRE BUSHEY HOSPITAL,C_120,Ear Nose and Throat Service,75,5.9,
2026-05|NT315|C_301,2026-05,NT315,SPIRE BUSHEY HOSPITAL,C_301,Gastroenterology Service,18,17.1,
2026-05|NT315|C_502,2026-05,NT315,SPIRE BUSHEY HOSPITAL,C_502,Gynaecology Service,1,2.5,
2026-05|NT315|C_999,2026-05,NT315,SPIRE BUSHEY HOSPITAL,C_999,Total,1122,8.5,
2026-05|NT315|X05,2026-05,NT315,SPIRE BUSHEY HOSPITAL,X05,Other - Surgical Services,291,8.9,
2026-05|NT316|C_100,2026-05,NT316,SPIRE HARPENDEN HOSPITAL,C_100,General Surgery Service,121,8.8,
2026-05|NT316|C_110,2026-05,NT316,SPIRE HARPENDEN HOSPITAL,C_110,Trauma and Orthopaedic Service,485,10.9,
2026-05|NT316|C_120,2026-05,NT316,SPIRE HARPENDEN HOSPITAL,C_120,Ear Nose and Throat Service,88,4.4,
2026-05|NT316|C_301,2026-05,NT316,SPIRE HARPENDEN HOSPITAL,C_301,Gastroenterology Service,1,9.5,
2026-05|NT316|C_999,2026-05,NT316,SPIRE HARPENDEN HOSPITAL,C_999,Total,761,9.0,
2026-05|NT316|X05,2026-05,NT316,SPIRE HARPENDEN HOSPITAL,X05,Other - Surgical Services,66,2.9,
2026-05|NT317|C_100,2026-05,NT317,SPIRE CAMBRIDGE LEA HOSPITAL,C_100,General Surgery Service,89,14.1,
2026-05|NT317|C_110,2026-05,NT317,SPIRE CAMBRIDGE LEA HOSPITAL,C_110,Trauma and Orthopaedic Service,272,13.7,
2026-05|NT317|C_120,2026-05,NT317,SPIRE CAMBRIDGE LEA HOSPITAL,C_120,Ear Nose and Throat Service,1,12.5,
2026-05|NT317|C_150,2026-05,NT317,SPIRE CAMBRIDGE LEA HOSPITAL,C_150,Neurosurgical Service,20,8.0,
2026-05|NT317|C_999,2026-05,NT317,SPIRE CAMBRIDGE LEA HOSPITAL,C_999,Total,382,13.5,
2026-05|NT318|C_100,2026-05,NT318,SPIRE NORWICH HOSPITAL,C_100,General Surgery Service,8,15.5,
2026-05|NT318|C_110,2026-05,NT318,SPIRE NORWICH HOSPITAL,C_110,Trauma and Orthopaedic Service,915,12.4,
2026-05|NT318|C_999,2026-05,NT318,SPIRE NORWICH HOSPITAL,C_999,Total,923,12.4,
2026-05|NT319|C_100,2026-05,NT319,SPIRE HARTSWOOD HOSPITAL,C_100,General Surgery Service,161,10.2,
2026-05|NT319|C_110,2026-05,NT319,SPIRE HARTSWOOD HOSPITAL,C_110,Trauma and Orthopaedic Service,840,14.8,
2026-05|NT319|C_301,2026-05,NT319,SPIRE HARTSWOOD HOSPITAL,C_301,Gastroenterology Service,2,10.5,
2026-05|NT319|C_999,2026-05,NT319,SPIRE HARTSWOOD HOSPITAL,C_999,Total,1003,14.1,
2026-05|NT320|C_100,2026-05,NT320,SPIRE PARKWAY HOSPITAL,C_100,General Surgery Service,157,13.2,
2026-05|NT320|C_110,2026-05,NT320,SPIRE PARKWAY HOSPITAL,C_110,Trauma and Orthopaedic Service,956,13.3,
2026-05|NT320|C_301,2026-05,NT320,SPIRE PARKWAY HOSPITAL,C_301,Gastroenterology Service,6,13.0,
2026-05|NT320|C_502,2026-05,NT320,SPIRE PARKWAY HOSPITAL,C_502,Gynaecology Service,144,16.1,
2026-05|NT320|C_999,2026-05,NT320,SPIRE PARKWAY HOSPITAL,C_999,Total,1300,13.7,
2026-05|NT320|X05,2026-05,NT320,SPIRE PARKWAY HOSPITAL,X05,Other - Surgical Services,37,14.5,
2026-05|NT321|C_100,2026-05,NT321,SPIRE LITTLE ASTON HOSPITAL,C_100,General Surgery Service,232,6.9,
2026-05|NT321|C_110,2026-05,NT321,SPIRE LITTLE ASTON HOSPITAL,C_110,Trauma and Orthopaedic Service,1025,7.9,
2026-05|NT321|C_301,2026-05,NT321,SPIRE LITTLE ASTON HOSPITAL,C_301,Gastroenterology Service,1,6.5,
2026-05|NT321|C_502,2026-05,NT321,SPIRE LITTLE ASTON HOSPITAL,C_502,Gynaecology Service,87,16.2,
2026-05|NT321|C_999,2026-05,NT321,SPIRE LITTLE ASTON HOSPITAL,C_999,Total,1353,8.6,
2026-05|NT321|X05,2026-05,NT321,SPIRE LITTLE ASTON HOSPITAL,X05,Other - Surgical Services,8,20.7,
2026-05|NT322|C_100,2026-05,NT322,SPIRE LEICESTER HOSPITAL,C_100,General Surgery Service,11,7.5,
2026-05|NT322|C_110,2026-05,NT322,SPIRE LEICESTER HOSPITAL,C_110,Trauma and Orthopaedic Service,807,15.6,
2026-05|NT322|C_301,2026-05,NT322,SPIRE LEICESTER HOSPITAL,C_301,Gastroenterology Service,1,7.5,
2026-05|NT322|C_999,2026-05,NT322,SPIRE LEICESTER HOSPITAL,C_999,Total,819,15.6,
2026-05|NT324|C_100,2026-05,NT324,SPIRE CHESHIRE HOSPITAL,C_100,General Surgery Service,319,6.0,
2026-05|NT324|C_101,2026-05,NT324,SPIRE CHESHIRE HOSPITAL,C_101,Urology Service,8,2.0,
2026-05|NT324|C_110,2026-05,NT324,SPIRE CHESHIRE HOSPITAL,C_110,Trauma and Orthopaedic Service,707,8.0,
2026-05|NT324|C_120,2026-05,NT324,SPIRE CHESHIRE HOSPITAL,C_120,Ear Nose and Throat Service,82,4.2,
2026-05|NT324|C_160,2026-05,NT324,SPIRE CHESHIRE HOSPITAL,C_160,Plastic Surgery Service,51,12.4,
2026-05|NT324|C_301,2026-05,NT324,SPIRE CHESHIRE HOSPITAL,C_301,Gastroenterology Service,12,14.5,
2026-05|NT324|C_999,2026-05,NT324,SPIRE CHESHIRE HOSPITAL,C_999,Total,1179,6.9,
2026-05|NT325|C_100,2026-05,NT325,SPIRE MURRAYFIELD HOSPITAL,C_100,General Surgery Service,236,7.9,
2026-05|NT325|C_101,2026-05,NT325,SPIRE MURRAYFIELD HOSPITAL,C_101,Urology Service,51,8.5,
2026-05|NT325|C_110,2026-05,NT325,SPIRE MURRAYFIELD HOSPITAL,C_110,Trauma and Orthopaedic Service,497,8.7,
2026-05|NT325|C_301,2026-05,NT325,SPIRE MURRAYFIELD HOSPITAL,C_301,Gastroenterology Service,7,11.5,
2026-05|NT325|C_999,2026-05,NT325,SPIRE MURRAYFIELD HOSPITAL,C_999,Total,870,8.6,
2026-05|NT325|X05,2026-05,NT325,SPIRE MURRAYFIELD HOSPITAL,X05,Other - Surgical Services,79,9.1,
2026-05|NT327|C_100,2026-05,NT327,SPIRE MANCHESTER HOSPITAL,C_100,General Surgery Service,75,12.6,
2026-05|NT327|C_110,2026-05,NT327,SPIRE MANCHESTER HOSPITAL,C_110,Trauma and Orthopaedic Service,492,11.2,
2026-05|NT327|C_301,2026-05,NT327,SPIRE MANCHESTER HOSPITAL,C_301,Gastroenterology Service,1,11.5,
2026-05|NT327|C_999,2026-05,NT327,SPIRE MANCHESTER HOSPITAL,C_999,Total,582,11.5,
2026-05|NT327|X05,2026-05,NT327,SPIRE MANCHESTER HOSPITAL,X05,Other - Surgical Services,14,7.0,
2026-05|NT332|C_100,2026-05,NT332,SPIRE LEEDS HOSPITAL,C_100,General Surgery Service,202,7.4,
2026-05|NT332|C_110,2026-05,NT332,SPIRE LEEDS HOSPITAL,C_110,Trauma and Orthopaedic Service,545,9.1,
2026-05|NT332|C_160,2026-05,NT332,SPIRE LEEDS HOSPITAL,C_160,Plastic Surgery Service,118,15.4,
2026-05|NT332|C_301,2026-05,NT332,SPIRE LEEDS HOSPITAL,C_301,Gastroenterology Service,2,12.0,
2026-05|NT332|C_999,2026-05,NT332,SPIRE LEEDS HOSPITAL,C_999,Total,867,9.3,
2026-05|NT333|C_100,2026-05,NT333,SPIRE WASHINGTON HOSPITAL,C_100,General Surgery Service,192,6.4,
2026-05|NT333|C_110,2026-05,NT333,SPIRE WASHINGTON HOSPITAL,C_110,Trauma and Orthopaedic Service,1786,9.2,
2026-05|NT333|C_150,2026-05,NT333,SPIRE WASHINGTON HOSPITAL,C_150,Neurosurgical Service,71,9.8,
2026-05|NT333|C_301,2026-05,NT333,SPIRE WASHINGTON HOSPITAL,C_301,Gastroenterology Service,4,15.5,
2026-05|NT333|C_999,2026-05,NT333,SPIRE WASHINGTON HOSPITAL,C_999,Total,2053,8.9,
2026-05|NT337|C_100,2026-05,NT337,SPIRE LIVERPOOL HOSPITAL,C_100,General Surgery Service,617,9.2,
2026-05|NT337|C_101,2026-05,NT337,SPIRE LIVERPOOL HOSPITAL,C_101,Urology Service,260,11.5,
2026-05|NT337|C_110,2026-05,NT337,SPIRE LIVERPOOL HOSPITAL,C_110,Trauma and Orthopaedic Service,819,14.2,
2026-05|NT337|C_120,2026-05,NT337,SPIRE LIVERPOOL HOSPITAL,C_120,Ear Nose and Throat Service,449,3.0,
2026-05|NT337|C_160,2026-05,NT337,SPIRE LIVERPOOL HOSPITAL,C_160,Plastic Surgery Service,4,38.0,
2026-05|NT337|C_301,2026-05,NT337,SPIRE LIVERPOOL HOSPITAL,C_301,Gastroenterology Service,125,7.2,
2026-05|NT337|C_999,2026-05,NT337,SPIRE LIVERPOOL HOSPITAL,C_999,Total,2379,9.0,
2026-05|NT337|X05,2026-05,NT337,SPIRE LIVERPOOL HOSPITAL,X05,Other - Surgical Services,105,3.7,
2026-05|NT339|C_100,2026-05,NT339,SPIRE REGENCY HOSPITAL,C_100,General Surgery Service,308,11.6,
2026-05|NT339|C_101,2026-05,NT339,SPIRE REGENCY HOSPITAL,C_101,Urology Service,66,6.0,
2026-05|NT339|C_110,2026-05,NT339,SPIRE REGENCY HOSPITAL,C_110,Trauma and Orthopaedic Service,903,11.0,
2026-05|NT339|C_150,2026-05,NT339,SPIRE REGENCY HOSPITAL,C_150,Neurosurgical Service,32,7.0,
2026-05|NT339|C_301,2026-05,NT339,SPIRE REGENCY HOSPITAL,C_301,Gastroenterology Service,7,13.2,
2026-05|NT339|C_999,2026-05,NT339,SPIRE REGENCY HOSPITAL,C_999,Total,2181,10.4,
2026-05|NT339|X05,2026-05,NT339,SPIRE REGENCY HOSPITAL,X05,Other - Surgical Services,865,9.8,
2026-05|NT343|C_100,2026-05,NT343,SPIRE THAMES VALLEY HOSPITAL,C_100,General Surgery Service,52,20.0,
2026-05|NT343|C_110,2026-05,NT343,SPIRE THAMES VALLEY HOSPITAL,C_110,Trauma and Orthopaedic Service,399,22.9,
2026-05|NT343|C_301,2026-05,NT343,SPIRE THAMES VALLEY HOSPITAL,C_301,Gastroenterology Service,4,33.0,
2026-05|NT343|C_999,2026-05,NT343,SPIRE THAMES VALLEY HOSPITAL,C_999,Total,458,22.7,
2026-05|NT343|X05,2026-05,NT343,SPIRE THAMES VALLEY HOSPITAL,X05,Other - Surgical Services,3,14.5,
2026-05|NT344|C_100,2026-05,NT344,SPIRE DUNEDIN HOSPITAL,C_100,General Surgery Service,72,10.0,
2026-05|NT344|C_110,2026-05,NT344,SPIRE DUNEDIN HOSPITAL,C_110,Trauma and Orthopaedic Service,181,12.0,
2026-05|NT344|C_301,2026-05,NT344,SPIRE DUNEDIN HOSPITAL,C_301,Gastroenterology Service,2,11.0,
2026-05|NT344|C_999,2026-05,NT344,SPIRE DUNEDIN HOSPITAL,C_999,Total,293,11.3,
2026-05|NT344|X05,2026-05,NT344,SPIRE DUNEDIN HOSPITAL,X05,Other - Surgical Services,38,11.5,
2026-05|NT345|C_100,2026-05,NT345,SPIRE CLARE PARK HOSPITAL,C_100,General Surgery Service,55,12.2,
2026-05|NT345|C_101,2026-05,NT345,SPIRE CLARE PARK HOSPITAL,C_101,Urology Service,19,12.5,
2026-05|NT345|C_110,2026-05,NT345,SPIRE CLARE PARK HOSPITAL,C_110,Trauma and Orthopaedic Service,197,15.9,
2026-05|NT345|C_120,2026-05,NT345,SPIRE CLARE PARK HOSPITAL,C_120,Ear Nose and Throat Service,20,7.5,
2026-05|NT345|C_999,2026-05,NT345,SPIRE CLARE PARK HOSPITAL,C_999,Total,328,14.4,
2026-05|NT345|X05,2026-05,NT345,SPIRE CLARE PARK HOSPITAL,X05,Other - Surgical Services,37,15.8,
2026-05|NT347|C_100,2026-05,NT347,SPIRE FYLDE COAST HOSPITAL,C_100,General Surgery Service,395,8.7,
2026-05|NT347|C_101,2026-05,NT347,SPIRE FYLDE COAST HOSPITAL,C_101,Urology Service,164,6.6,
2026-05|NT347|C_110,2026-05,NT347,SPIRE FYLDE COAST HOSPITAL,C_110,Trauma and Orthopaedic Service,1998,11.8,
2026-05|NT347|C_120,2026-05,NT347,SPIRE FYLDE COAST HOSPITAL,C_120,Ear Nose and Throat Service,87,8.2,
2026-05|NT347|C_150,2026-05,NT347,SPIRE FYLDE COAST HOSPITAL,C_150,Neurosurgical Service,109,14.7,
2026-05|NT347|C_301,2026-05,NT347,SPIRE FYLDE COAST HOSPITAL,C_301,Gastroenterology Service,5,16.5,
2026-05|NT347|C_400,2026-05,NT347,SPIRE FYLDE COAST HOSPITAL,C_400,Neurology Service,1,1.5,
2026-05|NT347|C_502,2026-05,NT347,SPIRE FYLDE COAST HOSPITAL,C_502,Gynaecology Service,335,7.9,
2026-05|NT347|C_999,2026-05,NT347,SPIRE FYLDE COAST HOSPITAL,C_999,Total,3531,13.0,
2026-05|NT347|X05,2026-05,NT347,SPIRE FYLDE COAST HOSPITAL,X05,Other - Surgical Services,437,19.0,
2026-05|NT348|C_100,2026-05,NT348,SPIRE ELLAND HOSPITAL,C_100,General Surgery Service,246,10.1,
2026-05|NT348|C_101,2026-05,NT348,SPIRE ELLAND HOSPITAL,C_101,Urology Service,61,8.2,
2026-05|NT348|C_110,2026-05,NT348,SPIRE ELLAND HOSPITAL,C_110,Trauma and Orthopaedic Service,840,13.2,
2026-05|NT348|C_160,2026-05,NT348,SPIRE ELLAND HOSPITAL,C_160,Plastic Surgery Service,18,9.0,
2026-05|NT348|C_301,2026-05,NT348,SPIRE ELLAND HOSPITAL,C_301,Gastroenterology Service,16,16.0,
2026-05|NT348|C_502,2026-05,NT348,SPIRE ELLAND HOSPITAL,C_502,Gynaecology Service,59,7.5,
2026-05|NT348|C_999,2026-05,NT348,SPIRE ELLAND HOSPITAL,C_999,Total,1382,12.4,
2026-05|NT348|X05,2026-05,NT348,SPIRE ELLAND HOSPITAL,X05,Other - Surgical Services,142,13.0,
2026-05|NT350|C_100,2026-05,NT350,SPIRE METHLEY PARK HOSPITAL,C_100,General Surgery Service,185,9.6,
2026-05|NT350|C_101,2026-05,NT350,SPIRE METHLEY PARK HOSPITAL,C_101,Urology Service,25,7.2,
2026-05|NT350|C_110,2026-05,NT350,SPIRE METHLEY PARK HOSPITAL,C_110,Trauma and Orthopaedic Service,633,9.0,
2026-05|NT350|C_150,2026-05,NT350,SPIRE METHLEY PARK HOSPITAL,C_150,Neurosurgical Service,16,7.0,
2026-05|NT350|C_160,2026-05,NT350,SPIRE METHLEY PARK HOSPITAL,C_160,Plastic Surgery Service,25,9.2,
2026-05|NT350|C_301,2026-05,NT350,SPIRE METHLEY PARK HOSPITAL,C_301,Gastroenterology Service,20,15.5,
2026-05|NT350|C_999,2026-05,NT350,SPIRE METHLEY PARK HOSPITAL,C_999,Total,906,9.2,
2026-05|NT350|X05,2026-05,NT350,SPIRE METHLEY PARK HOSPITAL,X05,Other - Surgical Services,2,2.0,
2026-05|NT351|C_100,2026-05,NT351,SPIRE HULL AND EAST RIDING HOSPITAL,C_100,General Surgery Service,409,13.8,
2026-05|NT351|C_101,2026-05,NT351,SPIRE HULL AND EAST RIDING HOSPITAL,C_101,Urology Service,70,14.1,
2026-05|NT351|C_110,2026-05,NT351,SPIRE HULL AND EAST RIDING HOSPITAL,C_110,Trauma and Orthopaedic Service,1613,13.8,
2026-05|NT351|C_120,2026-05,NT351,SPIRE HULL AND EAST RIDING HOSPITAL,C_120,Ear Nose and Throat Service,117,15.4,
2026-05|NT351|C_150,2026-05,NT351,SPIRE HULL AND EAST RIDING HOSPITAL,C_150,Neurosurgical Service,127,12.8,
2026-05|NT351|C_301,2026-05,NT351,SPIRE HULL AND EAST RIDING HOSPITAL,C_301,Gastroenterology Service,3,16.5,
2026-05|NT351|C_320,2026-05,NT351,SPIRE HULL AND EAST RIDING HOSPITAL,C_320,Cardiology Service,59,17.8,
2026-05|NT351|C_330,2026-05,NT351,SPIRE HULL AND EAST RIDING HOSPITAL,C_330,Dermatology Service,76,29.8,
2026-05|NT351|C_400,2026-05,NT351,SPIRE HULL AND EAST RIDING HOSPITAL,C_400,Neurology Service,68,19.7,
2026-05|NT351|C_502,2026-05,NT351,SPIRE HULL AND EAST RIDING HOSPITAL,C_502,Gynaecology Service,1,7.5,
2026-05|NT351|C_999,2026-05,NT351,SPIRE HULL AND EAST RIDING HOSPITAL,C_999,Total,2847,14.0,
2026-05|NT351|X05,2026-05,NT351,SPIRE HULL AND EAST RIDING HOSPITAL,X05,Other - Surgical Services,304,9.8,
2026-05|NT364|C_100,2026-05,NT364,SPIRE MONTEFIORE HOSPITAL,C_100,General Surgery Service,141,13.1,
2026-05|NT364|C_110,2026-05,NT364,SPIRE MONTEFIORE HOSPITAL,C_110,Trauma and Orthopaedic Service,482,16.4,
2026-05|NT364|C_301,2026-05,NT364,SPIRE MONTEFIORE HOSPITAL,C_301,Gastroenterology Service,1,13.5,
2026-05|NT364|C_999,2026-05,NT364,SPIRE MONTEFIORE HOSPITAL,C_999,Total,626,15.9,
2026-05|NT364|X05,2026-05,NT364,SPIRE MONTEFIORE HOSPITAL,X05,Other - Surgical Services,2,10.0,
2026-05|NT3X3|C_100,2026-05,NT3X3,SPIRE ST ANTHONY'S HOSPITAL,C_100,General Surgery Service,450,8.3,
2026-05|NT3X3|C_110,2026-05,NT3X3,SPIRE ST ANTHONY'S HOSPITAL,C_110,Trauma and Orthopaedic Service,115,9.1,
2026-05|NT3X3|C_120,2026-05,NT3X3,SPIRE ST ANTHONY'S HOSPITAL,C_120,Ear Nose and Throat Service,8,10.0,
2026-05|NT3X3|C_150,2026-05,NT3X3,SPIRE ST ANTHONY'S HOSPITAL,C_150,Neurosurgical Service,34,8.5,
2026-05|NT3X3|C_301,2026-05,NT3X3,SPIRE ST ANTHONY'S HOSPITAL,C_301,Gastroenterology Service,3,15.5,
2026-05|NT3X3|C_320,2026-05,NT3X3,SPIRE ST ANTHONY'S HOSPITAL,C_320,Cardiology Service,1,15.5,
2026-05|NT3X3|C_400,2026-05,NT3X3,SPIRE ST ANTHONY'S HOSPITAL,C_400,Neurology Service,4,2.0,
2026-05|NT3X3|C_502,2026-05,NT3X3,SPIRE ST ANTHONY'S HOSPITAL,C_502,Gynaecology Service,42,9.0,
2026-05|NT3X3|C_999,2026-05,NT3X3,SPIRE ST ANTHONY'S HOSPITAL,C_999,Total,1052,9.3,
2026-05|NT3X3|X05,2026-05,NT3X3,SPIRE ST ANTHONY'S HOSPITAL,X05,Other - Surgical Services,395,10.2,
2026-05|NT401|C_100,2026-05,NT401,ALEXANDRA HOSPITAL,C_100,General Surgery Service,206,14.8,
2026-05|NT401|C_110,2026-05,NT401,ALEXANDRA HOSPITAL,C_110,Trauma and Orthopaedic Service,374,11.9,
2026-05|NT401|C_301,2026-05,NT401,ALEXANDRA HOSPITAL,C_301,Gastroenterology Service,24,6.3,
2026-05|NT401|C_999,2026-05,NT401,ALEXANDRA HOSPITAL,C_999,Total,604,12.3,
2026-05|NT402|C_100,2026-05,NT402,BATH CLINIC,C_100,General Surgery Service,45,7.5,
2026-05|NT402|C_110,2026-05,NT402,BATH CLINIC,C_110,Trauma and Orthopaedic Service,471,7.7,
2026-05|NT402|C_130,2026-05,NT402,BATH CLINIC,C_130,Ophthalmology Service,160,12.6,
2026-05|NT402|C_301,2026-05,NT402,BATH CLINIC,C_301,Gastroenterology Service,4,16.0,
2026-05|NT402|C_999,2026-05,NT402,BATH CLINIC,C_999,Total,683,8.7,
2026-05|NT402|X06,2026-05,NT402,BATH CLINIC,X06,Other - Other Services,3,1.8,
2026-05|NT403|C_100,2026-05,NT403,BEARDWOOD HOSPITAL,C_100,General Surgery Service,248,12.6,
2026-05|NT403|C_101,2026-05,NT403,BEARDWOOD HOSPITAL,C_101,Urology Service,150,7.2,
2026-05|NT403|C_110,2026-05,NT403,BEARDWOOD HOSPITAL,C_110,Trauma and Orthopaedic Service,1363,9.4,
2026-05|NT403|C_120,2026-05,NT403,BEARDWOOD HOSPITAL,C_120,Ear Nose and Throat Service,109,7.5,
2026-05|NT403|C_150,2026-05,NT403,BEARDWOOD HOSPITAL,C_150,Neurosurgical Service,67,10.8,
2026-05|NT403|C_502,2026-05,NT403,BEARDWOOD HOSPITAL,C_502,Gynaecology Service,169,18.9,
2026-05|NT403|C_999,2026-05,NT403,BEARDWOOD HOSPITAL,C_999,Total,2120,10.7,
2026-05|NT403|X06,2026-05,NT403,BEARDWOOD HOSPITAL,X06,Other - Other Services,14,3.0,
2026-05|NT404|C_100,2026-05,NT404,BEAUMONT HOSPITAL,C_100,General Surgery Service,634,12.8,
2026-05|NT404|C_101,2026-05,NT404,BEAUMONT HOSPITAL,C_101,Urology Service,276,12.0,
2026-05|NT404|C_110,2026-05,NT404,BEAUMONT HOSPITAL,C_110,Trauma and Orthopaedic Service,1279,13.4,
2026-05|NT404|C_120,2026-05,NT404,BEAUMONT HOSPITAL,C_120,Ear Nose and Throat Service,264,13.8,
2026-05|NT404|C_301,2026-05,NT404,BEAUMONT HOSPITAL,C_301,Gastroenterology Service,37,6.8,
2026-05|NT404|C_502,2026-05,NT404,BEAUMONT HOSPITAL,C_502,Gynaecology Service,725,12.1,
2026-05|NT404|C_999,2026-05,NT404,BEAUMONT HOSPITAL,C_999,Total,3426,12.9,
2026-05|NT404|X06,2026-05,NT404,BEAUMONT HOSPITAL,X06,Other - Other Services,211,14.3,
2026-05|NT405|C_100,2026-05,NT405,BISHOPS WOOD HOSPITAL,C_100,General Surgery Service,46,6.5,
2026-05|NT405|C_101,2026-05,NT405,BISHOPS WOOD HOSPITAL,C_101,Urology Service,153,7.6,
2026-05|NT405|C_110,2026-05,NT405,BISHOPS WOOD HOSPITAL,C_110,Trauma and Orthopaedic Service,304,5.1,
2026-05|NT405|C_130,2026-05,NT405,BISHOPS WOOD HOSPITAL,C_130,Ophthalmology Service,13,6.8,
2026-05|NT405|C_301,2026-05,NT405,BISHOPS WOOD HOSPITAL,C_301,Gastroenterology Service,19,8.5,
2026-05|NT405|C_502,2026-05,NT405,BISHOPS WOOD HOSPITAL,C_502,Gynaecology Service,71,7.5,
2026-05|NT405|C_999,2026-05,NT405,BISHOPS WOOD HOSPITAL,C_999,Total,609,5.9,
2026-05|NT405|X06,2026-05,NT405,BISHOPS WOOD HOSPITAL,X06,Other - Other Services,3,7.5,
2026-05|NT406|C_100,2026-05,NT406,BLACKHEATH HOSPITAL,C_100,General Surgery Service,135,8.1,
2026-05|NT406|C_101,2026-05,NT406,BLACKHEATH HOSPITAL,C_101,Urology Service,216,7.2,
2026-05|NT406|C_110,2026-05,NT406,BLACKHEATH HOSPITAL,C_110,Trauma and Orthopaedic Service,595,11.6,
2026-05|NT406|C_130,2026-05,NT406,BLACKHEATH HOSPITAL,C_130,Ophthalmology Service,117,15.4,
2026-05|NT406|C_150,2026-05,NT406,BLACKHEATH HOSPITAL,C_150,Neurosurgical Service,6,9.5,
2026-05|NT406|C_301,2026-05,NT406,BLACKHEATH HOSPITAL,C_301,Gastroenterology Service,208,10.3,
2026-05|NT406|C_502,2026-05,NT406,BLACKHEATH HOSPITAL,C_502,Gynaecology Service,1,19.5,
2026-05|NT406|C_999,2026-05,NT406,BLACKHEATH HOSPITAL,C_999,Total,1389,10.4,
2026-05|NT406|X06,2026-05,NT406,BLACKHEATH HOSPITAL,X06,Other - Other Services,111,10.9,
2026-05|NT408|C_100,2026-05,NT408,CHAUCER HOSPITAL,C_100,General Surgery Service,106,9.8,
2026-05|NT408|C_101,2026-05,NT408,CHAUCER HOSPITAL,C_101,Urology Service,9,10.5,
2026-05|NT408|C_110,2026-05,NT408,CHAUCER HOSPITAL,C_110,Trauma and Orthopaedic Service,584,9.0,
2026-05|NT408|C_130,2026-05,NT408,CHAUCER HOSPITAL,C_130,Ophthalmology Service,162,9.4,
2026-05|NT408|C_999,2026-05,NT408,CHAUCER HOSPITAL,C_999,Total,861,9.2,
2026-05|NT409|C_100,2026-05,NT409,CHELSFIELD PARK HOSPITAL,C_100,General Surgery Service,121,8.3,
2026-05|NT409|C_101,2026-05,NT409,CHELSFIELD PARK HOSPITAL,C_101,Urology Service,30,4.5,
2026-05|NT409|C_110,2026-05,NT409,CHELSFIELD PARK HOSPITAL,C_110,Trauma and Orthopaedic Service,315,6.5,
2026-05|NT409|C_150,2026-05,NT409,CHELSFIELD PARK HOSPITAL,C_150,Neurosurgical Service,4,2.0,
2026-05|NT409|C_301,2026-05,NT409,CHELSFIELD PARK HOSPITAL,C_301,Gastroenterology Service,42,7.8,
2026-05|NT409|C_502,2026-05,NT409,CHELSFIELD PARK HOSPITAL,C_502,Gynaecology Service,1,28.5,
2026-05|NT409|C_999,2026-05,NT409,CHELSFIELD PARK HOSPITAL,C_999,Total,725,6.6,
2026-05|NT409|X06,2026-05,NT409,CHELSFIELD PARK HOSPITAL,X06,Other - Other Services,212,6.4,
2026-05|NT410|C_100,2026-05,NT410,CHILTERN HOSPITAL,C_100,General Surgery Service,37,5.8,
2026-05|NT410|C_101,2026-05,NT410,CHILTERN HOSPITAL,C_101,Urology Service,30,13.0,
2026-05|NT410|C_110,2026-05,NT410,CHILTERN HOSPITAL,C_110,Trauma and Orthopaedic Service,293,6.9,
2026-05|NT410|C_301,2026-05,NT410,CHILTERN HOSPITAL,C_301,Gastroenterology Service,35,5.6,
2026-05|NT410|C_999,2026-05,NT410,CHILTERN HOSPITAL,C_999,Total,402,6.9,
2026-05|NT410|X06,2026-05,NT410,CHILTERN HOSPITAL,X06,Other - Other Services,7,1.6,
2026-05|NT411|C_100,2026-05,NT411,CLEMENTINE CHURCHILL HOSPITAL,C_100,General Surgery Service,336,5.1,
2026-05|NT411|C_101,2026-05,NT411,CLEMENTINE CHURCHILL HOSPITAL,C_101,Urology Service,1,0.5,
2026-05|NT411|C_110,2026-05,NT411,CLEMENTINE CHURCHILL HOSPITAL,C_110,Trauma and Orthopaedic Service,749,5.8,
2026-05|NT411|C_120,2026-05,NT411,CLEMENTINE CHURCHILL HOSPITAL,C_120,Ear Nose and Throat Service,569,11.3,
2026-05|NT411|C_130,2026-05,NT411,CLEMENTINE CHURCHILL HOSPITAL,C_130,Ophthalmology Service,32,7.4,
2026-05|NT411|C_301,2026-05,NT411,CLEMENTINE CHURCHILL HOSPITAL,C_301,Gastroenterology Service,239,4.4,
2026-05|NT411|C_400,2026-05,NT411,CLEMENTINE CHURCHILL HOSPITAL,C_400,Neurology Service,1,2.5,
2026-05|NT411|C_502,2026-05,NT411,CLEMENTINE CHURCHILL HOSPITAL,C_502,Gynaecology Service,179,5.5,
2026-05|NT411|C_999,2026-05,NT411,CLEMENTINE CHURCHILL HOSPITAL,C_999,Total,2115,6.1,
2026-05|NT411|X06,2026-05,NT411,CLEMENTINE CHURCHILL HOSPITAL,X06,Other - Other Services,9,1.8,
2026-05|NT412|C_100,2026-05,NT412,DROITWICH SPA HOSPITAL,C_100,General Surgery Service,272,18.8,
2026-05|NT412|C_110,2026-05,NT412,DROITWICH SPA HOSPITAL,C_110,Trauma and Orthopaedic Service,901,16.7,
2026-05|NT412|C_120,2026-05,NT412,DROITWICH SPA HOSPITAL,C_120,Ear Nose and Throat Service,29,6.2,
2026-05|NT412|C_130,2026-05,NT412,DROITWICH SPA HOSPITAL,C_130,Ophthalmology Service,18,14.0,
2026-05|NT412|C_301,2026-05,NT412,DROITWICH SPA HOSPITAL,C_301,Gastroenterology Service,94,7.9,
2026-05|NT412|C_320,2026-05,NT412,DROITWICH SPA HOSPITAL,C_320,Cardiology Service,9,23.5,
2026-05|NT412|C_999,2026-05,NT412,DROITWICH SPA HOSPITAL,C_999,Total,1346,16.3,
2026-05|NT412|X06,2026-05,NT412,DROITWICH SPA HOSPITAL,X06,Other - Other Services,23,15.5,
2026-05|NT416|C_100,2026-05,NT416,HENDON HOSPITAL,C_100,General Surgery Service,313,6.7,
2026-05|NT416|C_101,2026-05,NT416,HENDON HOSPITAL,C_101,Urology Service,127,14.1,
2026-05|NT416|C_110,2026-05,NT416,HENDON HOSPITAL,C_110,Trauma and Orthopaedic Service,406,6.4,
2026-05|NT416|C_130,2026-05,NT416,HENDON HOSPITAL,C_130,Ophthalmology Service,164,11.4,
2026-05|NT416|C_301,2026-05,NT416,HENDON HOSPITAL,C_301,Gastroenterology Service,101,12.2,
2026-05|NT416|C_502,2026-05,NT416,HENDON HOSPITAL,C_502,Gynaecology Service,147,8.3,
2026-05|NT416|C_999,2026-05,NT416,HENDON HOSPITAL,C_999,Total,1279,8.4,
2026-05|NT416|X06,2026-05,NT416,HENDON HOSPITAL,X06,Other - Other Services,21,3.5,
2026-05|NT417|C_100,2026-05,NT417,GORING HALL HOSPITAL,C_100,General Surgery Service,33,7.5,
2026-05|NT417|C_110,2026-05,NT417,GORING HALL HOSPITAL,C_110,Trauma and Orthopaedic Service,669,15.6,
2026-05|NT417|C_130,2026-05,NT417,GORING HALL HOSPITAL,C_130,Ophthalmology Service,102,8.1,
2026-05|NT417|C_301,2026-05,NT417,GORING HALL HOSPITAL,C_301,Gastroenterology Service,11,9.5,
2026-05|NT417|C_999,2026-05,NT417,GORING HALL HOSPITAL,C_999,Total,817,13.0,
2026-05|NT417|X06,2026-05,NT417,GORING HALL HOSPITAL,X06,Other - Other Services,2,8.0,
2026-05|NT418|C_100,2026-05,NT418,HAMPSHIRE CLINIC,C_100,General Surgery Service,39,18.5,
2026-05|NT418|C_101,2026-05,NT418,HAMPSHIRE CLINIC,C_101,Urology Service,18,11.0,
2026-05|NT418|C_110,2026-05,NT418,HAMPSHIRE CLINIC,C_110,Trauma and Orthopaedic Service,144,22.0,
2026-05|NT418|C_301,2026-05,NT418,HAMPSHIRE CLINIC,C_301,Gastroenterology Service,24,11.0,
2026-05|NT418|C_502,2026-05,NT418,HAMPSHIRE CLINIC,C_502,Gynaecology Service,140,10.2,
2026-05|NT418|C_999,2026-05,NT418,HAMPSHIRE CLINIC,C_999,Total,374,15.0,
2026-05|NT418|X06,2026-05,NT418,HAMPSHIRE CLINIC,X06,Other - Other Services,9,6.5,
2026-05|NT419|C_110,2026-05,NT419,HARBOUR HOSPITAL,C_110,Trauma and Orthopaedic Service,162,13.8,
2026-05|NT419|C_999,2026-05,NT419,HARBOUR HOSPITAL,C_999,Total,167,13.3,
2026-05|NT419|X06,2026-05,NT419,HARBOUR HOSPITAL,X06,Other - Other Services,5,8.5,
2026-05|NT420|C_100,2026-05,NT420,HIGHFIELD HOSPITAL,C_100,General Surgery Service,96,10.7,
2026-05|NT420|C_110,2026-05,NT420,HIGHFIELD HOSPITAL,C_110,Trauma and Orthopaedic Service,730,11.5,
2026-05|NT420|C_150,2026-05,NT420,HIGHFIELD HOSPITAL,C_150,Neurosurgical Service,9,7.2,
2026-05|NT420|C_301,2026-05,NT420,HIGHFIELD HOSPITAL,C_301,Gastroenterology Service,37,8.5,
2026-05|NT420|C_999,2026-05,NT420,HIGHFIELD HOSPITAL,C_999,Total,909,11.1,
2026-05|NT420|X06,2026-05,NT420,HIGHFIELD HOSPITAL,X06,Other - Other Services,37,12.5,
2026-05|NT421|C_100,2026-05,NT421,KINGS OAK HOSPITAL,C_100,General Surgery Service,220,12.6,
2026-05|NT421|C_101,2026-05,NT421,KINGS OAK HOSPITAL,C_101,Urology Service,324,13.2,
2026-05|NT421|C_110,2026-05,NT421,KINGS OAK HOSPITAL,C_110,Trauma and Orthopaedic Service,702,7.4,
2026-05|NT421|C_301,2026-05,NT421,KINGS OAK HOSPITAL,C_301,Gastroenterology Service,99,5.6,
2026-05|NT421|C_502,2026-05,NT421,KINGS OAK HOSPITAL,C_502,Gynaecology Service,44,6.3,
2026-05|NT421|C_999,2026-05,NT421,KINGS OAK HOSPITAL,C_999,Total,1389,8.6,
2026-05|NT422|C_100,2026-05,NT422,LONDON INDEPENDENT HOSPITAL,C_100,General Surgery Service,946,7.2,
2026-05|NT422|C_101,2026-05,NT422,LONDON INDEPENDENT HOSPITAL,C_101,Urology Service,582,7.7,
2026-05|NT422|C_110,2026-05,NT422,LONDON INDEPENDENT HOSPITAL,C_110,Trauma and Orthopaedic Service,2063,7.3,
2026-05|NT422|C_130,2026-05,NT422,LONDON INDEPENDENT HOSPITAL,C_130,Ophthalmology Service,101,4.0,
2026-05|NT422|C_150,2026-05,NT422,LONDON INDEPENDENT HOSPITAL,C_150,Neurosurgical Service,21,2.1,
2026-05|NT422|C_301,2026-05,NT422,LONDON INDEPENDENT HOSPITAL,C_301,Gastroenterology Service,168,5.7,
2026-05|NT422|C_410,2026-05,NT422,LONDON INDEPENDENT HOSPITAL,C_410,Rheumatology Service,1,13.5,
2026-05|NT422|C_502,2026-05,NT422,LONDON INDEPENDENT HOSPITAL,C_502,Gynaecology Service,41,12.8,
2026-05|NT422|C_999,2026-05,NT422,LONDON INDEPENDENT HOSPITAL,C_999,Total,4128,7.3,
2026-05|NT422|X06,2026-05,NT422,LONDON INDEPENDENT HOSPITAL,X06,Other - Other Services,205,12.5,
2026-05|NT423|C_100,2026-05,NT423,MANOR HOSPITAL,C_100,General Surgery Service,122,14.2,
2026-05|NT423|C_110,2026-05,NT423,MANOR HOSPITAL,C_110,Trauma and Orthopaedic Service,415,23.1,
2026-05|NT423|C_502,2026-05,NT423,MANOR HOSPITAL,C_502,Gynaecology Service,163,13.6,
2026-05|NT423|C_999,2026-05,NT423,MANOR HOSPITAL,C_999,Total,700,18.5,
2026-05|NT424|C_100,2026-05,NT424,MERIDEN HOSPITAL,C_100,General Surgery Service,326,8.1,
2026-05|NT424|C_110,2026-05,NT424,MERIDEN HOSPITAL,C_110,Trauma and Orthopaedic Service,1114,7.6,
2026-05|NT424|C_150,2026-05,NT424,MERIDEN HOSPITAL,C_150,Neurosurgical Service,185,3.9,
2026-05|NT424|C_301,2026-05,NT424,MERIDEN HOSPITAL,C_301,Gastroenterology Service,159,6.4,
2026-05|NT424|C_999,2026-05,NT424,MERIDEN HOSPITAL,C_999,Total,1803,6.9,
2026-05|NT424|X06,2026-05,NT424,MERIDEN HOSPITAL,X06,Other - Other Services,19,1.8,
2026-05|NT427|C_100,2026-05,NT427,PARK HOSPITAL,C_100,General Surgery Service,234,9.5,
2026-05|NT427|C_101,2026-05,NT427,PARK HOSPITAL,C_101,Urology Service,66,6.8,
2026-05|NT427|C_110,2026-05,NT427,PARK HOSPITAL,C_110,Trauma and Orthopaedic Service,1323,13.2,
2026-05|NT427|C_150,2026-05,NT427,PARK HOSPITAL,C_150,Neurosurgical Service,14,5.3,
2026-05|NT427|C_301,2026-05,NT427,PARK HOSPITAL,C_301,Gastroenterology Service,94,7.2,
2026-05|NT427|C_502,2026-05,NT427,PARK HOSPITAL,C_502,Gynaecology Service,414,18.0,
2026-05|NT427|C_999,2026-05,NT427,PARK HOSPITAL,C_999,Total,2182,13.1,
2026-05|NT427|X06,2026-05,NT427,PARK HOSPITAL,X06,Other - Other Services,37,7.4,
2026-05|NT428|C_110,2026-05,NT428,PRINCESS MARGARET HOSPITAL,C_110,Trauma and Orthopaedic Service,35,8.6,
2026-05|NT428|C_301,2026-05,NT428,PRINCESS MARGARET HOSPITAL,C_301,Gastroenterology Service,11,1.8,
2026-05|NT428|C_999,2026-05,NT428,PRINCESS MARGARET HOSPITAL,C_999,Total,49,4.9,
2026-05|NT428|X06,2026-05,NT428,PRINCESS MARGARET HOSPITAL,X06,Other - Other Services,3,3.2,
2026-05|NT429|C_110,2026-05,NT429,PRIORY HOSPITAL,C_110,Trauma and Orthopaedic Service,568,7.2,
2026-05|NT429|C_502,2026-05,NT429,PRIORY HOSPITAL,C_502,Gynaecology Service,1,34.5,
2026-05|NT429|C_999,2026-05,NT429,PRIORY HOSPITAL,C_999,Total,569,7.2,
2026-05|NT430|C_100,2026-05,NT430,RIDGEWAY HOSPITAL,C_100,General Surgery Service,80,5.2,
2026-05|NT430|C_110,2026-05,NT430,RIDGEWAY HOSPITAL,C_110,Trauma and Orthopaedic Service,17,5.8,
2026-05|NT430|C_130,2026-05,NT430,RIDGEWAY HOSPITAL,C_130,Ophthalmology Service,219,12.1,
2026-05|NT430|C_301,2026-05,NT430,RIDGEWAY HOSPITAL,C_301,Gastroenterology Service,53,7.2,
2026-05|NT430|C_502,2026-05,NT430,RIDGEWAY HOSPITAL,C_502,Gynaecology Service,8,10.7,
2026-05|NT430|C_999,2026-05,NT430,RIDGEWAY HOSPITAL,C_999,Total,377,9.4,
2026-05|NT431|C_100,2026-05,NT431,RUNNYMEDE HOSPITAL,C_100,General Surgery Service,53,6.1,
2026-05|NT431|C_110,2026-05,NT431,RUNNYMEDE HOSPITAL,C_110,Trauma and Orthopaedic Service,149,8.4,
2026-05|NT431|C_130,2026-05,NT431,RUNNYMEDE HOSPITAL,C_130,Ophthalmology Service,2,2.0,
2026-05|NT431|C_301,2026-05,NT431,RUNNYMEDE HOSPITAL,C_301,Gastroenterology Service,31,7.8,
2026-05|NT431|C_999,2026-05,NT431,RUNNYMEDE HOSPITAL,C_999,Total,236,8.0,
2026-05|NT431|X06,2026-05,NT431,RUNNYMEDE HOSPITAL,X06,Other - Other Services,1,18.5,
2026-05|NT433|C_100,2026-05,NT433,SARUM ROAD HOSPITAL,C_100,General Surgery Service,5,36.5,
2026-05|NT433|C_110,2026-05,NT433,SARUM ROAD HOSPITAL,C_110,Trauma and Orthopaedic Service,263,17.5,
2026-05|NT433|C_330,2026-05,NT433,SARUM ROAD HOSPITAL,C_330,Dermatology Service,1,29.5,
2026-05|NT433|C_999,2026-05,NT433,SARUM ROAD HOSPITAL,C_999,Total,273,17.6,
2026-05|NT433|X06,2026-05,NT433,SARUM ROAD HOSPITAL,X06,Other - Other Services,4,1.0,
2026-05|NT434|C_100,2026-05,NT434,SAXON CLINIC,C_100,General Surgery Service,179,14.4,
2026-05|NT434|C_110,2026-05,NT434,SAXON CLINIC,C_110,Trauma and Orthopaedic Service,555,20.6,
2026-05|NT434|C_301,2026-05,NT434,SAXON CLINIC,C_301,Gastroenterology Service,65,13.1,
2026-05|NT434|C_999,2026-05,NT434,SAXON CLINIC,C_999,Total,803,19.0,
2026-05|NT434|X06,2026-05,NT434,SAXON CLINIC,X06,Other - Other Services,4,2.0,
2026-05|NT435|C_100,2026-05,NT435,SHELBURNE HOSPITAL,C_100,General Surgery Service,7,8.5,
2026-05|NT435|C_101,2026-05,NT435,SHELBURNE HOSPITAL,C_101,Urology Service,15,9.5,
2026-05|NT435|C_110,2026-05,NT435,SHELBURNE HOSPITAL,C_110,Trauma and Orthopaedic Service,48,14.5,
2026-05|NT435|C_999,2026-05,NT435,SHELBURNE HOSPITAL,C_999,Total,136,14.3,
2026-05|NT435|X06,2026-05,NT435,SHELBURNE HOSPITAL,X06,Other - Other Services,66,16.0,
2026-05|NT436|C_100,2026-05,NT436,SHIRLEY OAKS HOSPITAL,C_100,General Surgery Service,64,8.8,
2026-05|NT436|C_101,2026-05,NT436,SHIRLEY OAKS HOSPITAL,C_101,Urology Service,112,9.2,
2026-05|NT436|C_110,2026-05,NT436,SHIRLEY OAKS HOSPITAL,C_110,Trauma and Orthopaedic Service,467,9.1,
2026-05|NT436|C_130,2026-05,NT436,SHIRLEY OAKS HOSPITAL,C_130,Ophthalmology Service,47,10.8,
2026-05|NT436|C_301,2026-05,NT436,SHIRLEY OAKS HOSPITAL,C_301,Gastroenterology Service,188,7.7,
2026-05|NT436|C_400,2026-05,NT436,SHIRLEY OAKS HOSPITAL,C_400,Neurology Service,1,23.5,
2026-05|NT436|C_410,2026-05,NT436,SHIRLEY OAKS HOSPITAL,C_410,Rheumatology Service,1,28.5,
2026-05|NT436|C_502,2026-05,NT436,SHIRLEY OAKS HOSPITAL,C_502,Gynaecology Service,11,38.5,
2026-05|NT436|C_999,2026-05,NT436,SHIRLEY OAKS HOSPITAL,C_999,Total,1032,9.3,
2026-05|NT436|X06,2026-05,NT436,SHIRLEY OAKS HOSPITAL,X06,Other - Other Services,141,10.6,
2026-05|NT437|C_100,2026-05,NT437,SLOANE HOSPITAL,C_100,General Surgery Service,87,7.8,
2026-05|NT437|C_101,2026-05,NT437,SLOANE HOSPITAL,C_101,Urology Service,54,4.8,
2026-05|NT437|C_110,2026-05,NT437,SLOANE HOSPITAL,C_110,Trauma and Orthopaedic Service,314,6.7,
2026-05|NT437|C_150,2026-05,NT437,SLOANE HOSPITAL,C_150,Neurosurgical Service,6,4.0,
2026-05|NT437|C_301,2026-05,NT437,SLOANE HOSPITAL,C_301,Gastroenterology Service,22,5.7,
2026-05|NT437|C_999,2026-05,NT437,SLOANE HOSPITAL,C_999,Total,694,6.4,
2026-05|NT437|X06,2026-05,NT437,SLOANE HOSPITAL,X06,Other - Other Services,211,6.4,
2026-05|NT440|C_100,2026-05,NT440,THORNBURY HOSPITAL,C_100,General Surgery Service,82,6.5,
2026-05|NT440|C_110,2026-05,NT440,THORNBURY HOSPITAL,C_110,Trauma and Orthopaedic Service,403,11.0,
2026-05|NT440|C_150,2026-05,NT440,THORNBURY HOSPITAL,C_150,Neurosurgical Service,5,4.5,
2026-05|NT440|C_301,2026-05,NT440,THORNBURY HOSPITAL,C_301,Gastroenterology Service,5,13.5,
2026-05|NT440|C_400,2026-05,NT440,THORNBURY HOSPITAL,C_400,Neurology Service,5,1.8,
2026-05|NT440|C_502,2026-05,NT440,THORNBURY HOSPITAL,C_502,Gynaecology Service,181,10.2,
2026-05|NT440|C_999,2026-05,NT440,THORNBURY HOSPITAL,C_999,Total,695,9.8,
2026-05|NT440|X06,2026-05,NT440,THORNBURY HOSPITAL,X06,Other - Other Services,14,3.0,
2026-05|NT441|C_100,2026-05,NT441,THREE SHIRES HOSPITAL,C_100,General Surgery Service,641,13.3,
2026-05|NT441|C_110,2026-05,NT441,THREE SHIRES HOSPITAL,C_110,Trauma and Orthopaedic Service,2124,13.8,
2026-05|NT441|C_150,2026-05,NT441,THREE SHIRES HOSPITAL,C_150,Neurosurgical Service,71,6.8,
2026-05|NT441|C_301,2026-05,NT441,THREE SHIRES HOSPITAL,C_301,Gastroenterology Service,3,34.2,
2026-05|NT441|C_502,2026-05,NT441,THREE SHIRES HOSPITAL,C_502,Gynaecology Service,783,13.1,
2026-05|NT441|C_999,2026-05,NT441,THREE SHIRES HOSPITAL,C_999,Total,3642,13.2,
2026-05|NT441|X06,2026-05,NT441,THREE SHIRES HOSPITAL,X06,Other - Other Services,20,2.8,
2026-05|NT443|C_100,2026-05,NT443,WINTERBOURNE HOSPITAL,C_100,General Surgery Service,38,9.0,
2026-05|NT443|C_110,2026-05,NT443,WINTERBOURNE HOSPITAL,C_110,Trauma and Orthopaedic Service,378,12.5,
2026-05|NT443|C_999,2026-05,NT443,WINTERBOURNE HOSPITAL,C_999,Total,422,11.8,
2026-05|NT443|X06,2026-05,NT443,WINTERBOURNE HOSPITAL,X06,Other - Other Services,6,2.0,
2026-05|NT445|C_999,2026-05,NT445,EDGBASTON HOSPITAL,C_999,Total,1,0.5,
2026-05|NT445|X06,2026-05,NT445,EDGBASTON HOSPITAL,X06,Other - Other Services,1,0.5,
2026-05|NT446|C_100,2026-05,NT446,ST EDMUNDS HOSPITAL,C_100,General Surgery Service,73,9.8,
2026-05|NT446|C_101,2026-05,NT446,ST EDMUNDS HOSPITAL,C_101,Urology Service,55,16.2,
2026-05|NT446|C_110,2026-05,NT446,ST EDMUNDS HOSPITAL,C_110,Trauma and Orthopaedic Service,336,21.3,
2026-05|NT446|C_130,2026-05,NT446,ST EDMUNDS HOSPITAL,C_130,Ophthalmology Service,22,13.0,
2026-05|NT446|C_301,2026-05,NT446,ST EDMUNDS HOSPITAL,C_301,Gastroenterology Service,26,5.8,
2026-05|NT446|C_999,2026-05,NT446,ST EDMUNDS HOSPITAL,C_999,Total,513,15.3,
2026-05|NT446|X06,2026-05,NT446,ST EDMUNDS HOSPITAL,X06,Other - Other Services,1,25.5,
2026-05|NT447|C_100,2026-05,NT447,DUCHY HOSPITAL,C_100,General Surgery Service,48,7.5,
2026-05|NT447|C_101,2026-05,NT447,DUCHY HOSPITAL,C_101,Urology Service,22,5.0,
2026-05|NT447|C_110,2026-05,NT447,DUCHY HOSPITAL,C_110,Trauma and Orthopaedic Service,253,9.3,
2026-05|NT447|C_150,2026-05,NT447,DUCHY HOSPITAL,C_150,Neurosurgical Service,6,2.0,
2026-05|NT447|C_400,2026-05,NT447,DUCHY HOSPITAL,C_400,Neurology Service,18,2.3,
2026-05|NT447|C_999,2026-05,NT447,DUCHY HOSPITAL,C_999,Total,349,8.0,
2026-05|NT447|X06,2026-05,NT447,DUCHY HOSPITAL,X06,Other - Other Services,2,2.0,
2026-05|NT448|C_100,2026-05,NT448,HUDDERSFIELD PRIVATE HOSPITAL,C_100,General Surgery Service,215,7.9,
2026-05|NT448|C_101,2026-05,NT448,HUDDERSFIELD PRIVATE HOSPITAL,C_101,Urology Service,79,7.5,
2026-05|NT448|C_110,2026-05,NT448,HUDDERSFIELD PRIVATE HOSPITAL,C_110,Trauma and Orthopaedic Service,595,6.8,
2026-05|NT448|C_502,2026-05,NT448,HUDDERSFIELD PRIVATE HOSPITAL,C_502,Gynaecology Service,221,2.4,
2026-05|NT448|C_999,2026-05,NT448,HUDDERSFIELD PRIVATE HOSPITAL,C_999,Total,1146,6.0,
2026-05|NT448|X06,2026-05,NT448,HUDDERSFIELD PRIVATE HOSPITAL,X06,Other - Other Services,36,6.5,
2026-05|NT449|C_100,2026-05,NT449,LANCASTER PRIVATE HOSPITAL,C_100,General Surgery Service,26,8.0,
2026-05|NT449|C_110,2026-05,NT449,LANCASTER PRIVATE HOSPITAL,C_110,Trauma and Orthopaedic Service,221,6.1,
2026-05|NT449|C_320,2026-05,NT449,LANCASTER PRIVATE HOSPITAL,C_320,Cardiology Service,1,29.5,
2026-05|NT449|C_502,2026-05,NT449,LANCASTER PRIVATE HOSPITAL,C_502,Gynaecology Service,47,3.2,
2026-05|NT449|C_999,2026-05,NT449,LANCASTER PRIVATE HOSPITAL,C_999,Total,296,5.5,
2026-05|NT449|X06,2026-05,NT449,LANCASTER PRIVATE HOSPITAL,X06,Other - Other Services,1,2.5,
2026-05|NT450|C_100,2026-05,NT450,LINCOLN PRIVATE HOSPITAL,C_100,General Surgery Service,39,25.5,
2026-05|NT450|C_101,2026-05,NT450,LINCOLN PRIVATE HOSPITAL,C_101,Urology Service,74,15.0,
2026-05|NT450|C_110,2026-05,NT450,LINCOLN PRIVATE HOSPITAL,C_110,Trauma and Orthopaedic Service,895,12.6,
2026-05|NT450|C_130,2026-05,NT450,LINCOLN PRIVATE HOSPITAL,C_130,Ophthalmology Service,135,14.5,
2026-05|NT450|C_301,2026-05,NT450,LINCOLN PRIVATE HOSPITAL,C_301,Gastroenterology Service,21,14.5,
2026-05|NT450|C_999,2026-05,NT450,LINCOLN PRIVATE HOSPITAL,C_999,Total,1164,13.1,
2026-05|NT451|C_100,2026-05,NT451,CAVELL HOSPITAL,C_100,General Surgery Service,252,13.0,
2026-05|NT451|C_101,2026-05,NT451,CAVELL HOSPITAL,C_101,Urology Service,26,25.5,
2026-05|NT451|C_110,2026-05,NT451,CAVELL HOSPITAL,C_110,Trauma and Orthopaedic Service,537,8.7,
2026-05|NT451|C_301,2026-05,NT451,CAVELL HOSPITAL,C_301,Gastroenterology Service,338,8.4,
2026-05|NT451|C_502,2026-05,NT451,CAVELL HOSPITAL,C_502,Gynaecology Service,190,8.7,
2026-05|NT451|C_999,2026-05,NT451,CAVELL HOSPITAL,C_999,Total,1370,9.6,
2026-05|NT451|X06,2026-05,NT451,CAVELL HOSPITAL,X06,Other - Other Services,27,4.4,
2026-05|NT455|C_100,2026-05,NT455,MOUNT ALVERNIA HOSPITAL,C_100,General Surgery Service,37,6.5,
2026-05|NT455|C_101,2026-05,NT455,MOUNT ALVERNIA HOSPITAL,C_101,Urology Service,43,7.5,
2026-05|NT455|C_110,2026-05,NT455,MOUNT ALVERNIA HOSPITAL,C_110,Trauma and Orthopaedic Service,131,15.7,
2026-05|NT455|C_301,2026-05,NT455,MOUNT ALVERNIA HOSPITAL,C_301,Gastroenterology Service,13,4.5,
2026-05|NT455|C_999,2026-05,NT455,MOUNT ALVERNIA HOSPITAL,C_999,Total,251,9.8,
2026-05|NT455|X06,2026-05,NT455,MOUNT ALVERNIA HOSPITAL,X06,Other - Other Services,27,4.9,
2026-05|NT457|C_100,2026-05,NT457,WOODLANDS HOSPITAL,C_100,General Surgery Service,345,10.3,
2026-05|NT457|C_101,2026-05,NT457,WOODLANDS HOSPITAL,C_101,Urology Service,165,10.1,
2026-05|NT457|C_110,2026-05,NT457,WOODLANDS HOSPITAL,C_110,Trauma and Orthopaedic Service,764,10.5,
2026-05|NT457|C_120,2026-05,NT457,WOODLANDS HOSPITAL,C_120,Ear Nose and Throat Service,230,7.4,
2026-05|NT457|C_130,2026-05,NT457,WOODLANDS HOSPITAL,C_130,Ophthalmology Service,674,7.2,
2026-05|NT457|C_301,2026-05,NT457,WOODLANDS HOSPITAL,C_301,Gastroenterology Service,116,7.3,
2026-05|NT457|C_502,2026-05,NT457,WOODLANDS HOSPITAL,C_502,Gynaecology Service,395,12.1,
2026-05|NT457|C_999,2026-05,NT457,WOODLANDS HOSPITAL,C_999,Total,2849,9.2,
2026-05|NT457|X06,2026-05,NT457,WOODLANDS HOSPITAL,X06,Other - Other Services,160,10.2,
2026-05|NT490|C_100,2026-05,NT490,SOUTHEND PRIVATE HOSPITAL,C_100,General Surgery Service,63,6.5,
2026-05|NT490|C_110,2026-05,NT490,SOUTHEND PRIVATE HOSPITAL,C_110,Trauma and Orthopaedic Service,17,15.5,
2026-05|NT490|C_130,2026-05,NT490,SOUTHEND PRIVATE HOSPITAL,C_130,Ophthalmology Service,1166,9.2,
2026-05|NT490|C_999,2026-05,NT490,SOUTHEND PRIVATE HOSPITAL,C_999,Total,1268,9.3,
2026-05|NT490|X06,2026-05,NT490,SOUTHEND PRIVATE HOSPITAL,X06,Other - Other Services,22,12.0,
2026-05|NTE02|C_100,2026-05,NTE02,ST HUGH'S HOSPITAL,C_100,General Surgery Service,183,9.8,
2026-05|NTE02|C_101,2026-05,NTE02,ST HUGH'S HOSPITAL,C_101,Urology Service,60,11.2,
2026-05|NTE02|C_110,2026-05,NTE02,ST HUGH'S HOSPITAL,C_110,Trauma and Orthopaedic Service,1518,8.3,
2026-05|NTE02|C_130,2026-05,NTE02,ST HUGH'S HOSPITAL,C_130,Ophthalmology Service,124,6.8,
2026-05|NTE02|C_301,2026-05,NTE02,ST HUGH'S HOSPITAL,C_301,Gastroenterology Service,6,47.0,
2026-05|NTE02|C_502,2026-05,NTE02,ST HUGH'S HOSPITAL,C_502,Gynaecology Service,266,8.1,
2026-05|NTE02|C_999,2026-05,NTE02,ST HUGH'S HOSPITAL,C_999,Total,2157,8.5,
2026-05|NTP11|C_100,2026-05,NTP11,PRACTICE PLUS GROUP HOSPITAL - SOUTHAMPTON,C_100,General Surgery Service,678,8.2,
2026-05|NTP11|C_101,2026-05,NTP11,PRACTICE PLUS GROUP HOSPITAL - SOUTHAMPTON,C_101,Urology Service,488,7.3,
2026-05|NTP11|C_110,2026-05,NTP11,PRACTICE PLUS GROUP HOSPITAL - SOUTHAMPTON,C_110,Trauma and Orthopaedic Service,1191,9.0,
2026-05|NTP11|C_120,2026-05,NTP11,PRACTICE PLUS GROUP HOSPITAL - SOUTHAMPTON,C_120,Ear Nose and Throat Service,1792,17.9,
2026-05|NTP11|C_130,2026-05,NTP11,PRACTICE PLUS GROUP HOSPITAL - SOUTHAMPTON,C_130,Ophthalmology Service,196,6.2,
2026-05|NTP11|C_140,2026-05,NTP11,PRACTICE PLUS GROUP HOSPITAL - SOUTHAMPTON,C_140,Oral Surgery Service,5292,17.2,
2026-05|NTP11|C_301,2026-05,NTP11,PRACTICE PLUS GROUP HOSPITAL - SOUTHAMPTON,C_301,Gastroenterology Service,448,3.4,
2026-05|NTP11|C_502,2026-05,NTP11,PRACTICE PLUS GROUP HOSPITAL - SOUTHAMPTON,C_502,Gynaecology Service,768,10.5,
2026-05|NTP11|C_999,2026-05,NTP11,PRACTICE PLUS GROUP HOSPITAL - SOUTHAMPTON,C_999,Total,10853,13.5,
2026-05|NTP13|C_100,2026-05,NTP13,PRACTICE PLUS GROUP HOSPITAL - BARLBOROUGH,C_100,General Surgery Service,44,11.3,
2026-05|NTP13|C_110,2026-05,NTP13,PRACTICE PLUS GROUP HOSPITAL - BARLBOROUGH,C_110,Trauma and Orthopaedic Service,1554,11.6,
2026-05|NTP13|C_130,2026-05,NTP13,PRACTICE PLUS GROUP HOSPITAL - BARLBOROUGH,C_130,Ophthalmology Service,162,4.0,
2026-05|NTP13|C_999,2026-05,NTP13,PRACTICE PLUS GROUP HOSPITAL - BARLBOROUGH,C_999,Total,1760,10.6,
2026-05|NTP15|C_100,2026-05,NTP15,PRACTICE PLUS GROUP HOSPITAL - ILFORD,C_100,General Surgery Service,804,9.7,
2026-05|NTP15|C_101,2026-05,NTP15,PRACTICE PLUS GROUP HOSPITAL - ILFORD,C_101,Urology Service,308,9.5,
2026-05|NTP15|C_110,2026-05,NTP15,PRACTICE PLUS GROUP HOSPITAL - ILFORD,C_110,Trauma and Orthopaedic Service,2294,9.7,
2026-05|NTP15|C_120,2026-05,NTP15,PRACTICE PLUS GROUP HOSPITAL - ILFORD,C_120,Ear Nose and Throat Service,253,9.4,
2026-05|NTP15|C_130,2026-05,NTP15,PRACTICE PLUS GROUP HOSPITAL - ILFORD,C_130,Ophthalmology Service,127,4.1,
2026-05|NTP15|C_301,2026-05,NTP15,PRACTICE PLUS GROUP HOSPITAL - ILFORD,C_301,Gastroenterology Service,126,2.1,
2026-05|NTP15|C_502,2026-05,NTP15,PRACTICE PLUS GROUP HOSPITAL - ILFORD,C_502,Gynaecology Service,924,11.9,
2026-05|NTP15|C_999,2026-05,NTP15,PRACTICE PLUS GROUP HOSPITAL - ILFORD,C_999,Total,4836,9.7,
2026-05|NTP16|C_100,2026-05,NTP16,PRACTICE PLUS GROUP SURGICAL CENTRE - GILLINGHAM,C_100,General Surgery Service,256,4.5,
2026-05|NTP16|C_110,2026-05,NTP16,PRACTICE PLUS GROUP SURGICAL CENTRE - GILLINGHAM,C_110,Trauma and Orthopaedic Service,109,18.1,
2026-05|NTP16|C_130,2026-05,NTP16,PRACTICE PLUS GROUP SURGICAL CENTRE - GILLINGHAM,C_130,Ophthalmology Service,440,3.8,
2026-05|NTP16|C_301,2026-05,NTP16,PRACTICE PLUS GROUP SURGICAL CENTRE - GILLINGHAM,C_301,Gastroenterology Service,197,2.2,
2026-05|NTP16|C_999,2026-05,NTP16,PRACTICE PLUS GROUP SURGICAL CENTRE - GILLINGHAM,C_999,Total,1002,4.1,
2026-05|NTPAD|C_100,2026-05,NTPAD,PRACTICE PLUS GROUP SURGICAL CENTRE - ST MARYS PORTSMOUTH,C_100,General Surgery Service,327,4.2,
2026-05|NTPAD|C_101,2026-05,NTPAD,PRACTICE PLUS GROUP SURGICAL CENTRE - ST MARYS PORTSMOUTH,C_101,Urology Service,81,4.5,
2026-05|NTPAD|C_110,2026-05,NTPAD,PRACTICE PLUS GROUP SURGICAL CENTRE - ST MARYS PORTSMOUTH,C_110,Trauma and Orthopaedic Service,377,4.7,
2026-05|NTPAD|C_120,2026-05,NTPAD,PRACTICE PLUS GROUP SURGICAL CENTRE - ST MARYS PORTSMOUTH,C_120,Ear Nose and Throat Service,166,5.3,
2026-05|NTPAD|C_130,2026-05,NTPAD,PRACTICE PLUS GROUP SURGICAL CENTRE - ST MARYS PORTSMOUTH,C_130,Ophthalmology Service,416,2.9,
2026-05|NTPAD|C_301,2026-05,NTPAD,PRACTICE PLUS GROUP SURGICAL CENTRE - ST MARYS PORTSMOUTH,C_301,Gastroenterology Service,479,2.4,
2026-05|NTPAD|C_320,2026-05,NTPAD,PRACTICE PLUS GROUP SURGICAL CENTRE - ST MARYS PORTSMOUTH,C_320,Cardiology Service,2,17.0,
2026-05|NTPAD|C_999,2026-05,NTPAD,PRACTICE PLUS GROUP SURGICAL CENTRE - ST MARYS PORTSMOUTH,C_999,Total,1848,3.5,
2026-05|NTPAE|C_130,2026-05,NTPAE,PRACTICE PLUS GROUP OPHTHALMOLOGY - NORTH WEST,C_130,Ophthalmology Service,1590,10.0,
2026-05|NTPAE|C_999,2026-05,NTPAE,PRACTICE PLUS GROUP OPHTHALMOLOGY - NORTH WEST,C_999,Total,1590,10.0,
2026-05|NTPH1|C_100,2026-05,NTPH1,PRACTICE PLUS GROUP HOSPITAL - SHEPTON MALLET,C_100,General Surgery Service,251,8.6,
2026-05|NTPH1|C_101,2026-05,NTPH1,PRACTICE PLUS GROUP HOSPITAL - SHEPTON MALLET,C_101,Urology Service,53,7.2,
2026-05|NTPH1|C_110,2026-05,NTPH1,PRACTICE PLUS GROUP HOSPITAL - SHEPTON MALLET,C_110,Trauma and Orthopaedic Service,1283,13.5,
2026-05|NTPH1|C_120,2026-05,NTPH1,PRACTICE PLUS GROUP HOSPITAL - SHEPTON MALLET,C_120,Ear Nose and Throat Service,214,17.5,
2026-05|NTPH1|C_130,2026-05,NTPH1,PRACTICE PLUS GROUP HOSPITAL - SHEPTON MALLET,C_130,Ophthalmology Service,664,6.2,
2026-05|NTPH1|C_301,2026-05,NTPH1,PRACTICE PLUS GROUP HOSPITAL - SHEPTON MALLET,C_301,Gastroenterology Service,164,2.5,
2026-05|NTPH1|C_502,2026-05,NTPH1,PRACTICE PLUS GROUP HOSPITAL - SHEPTON MALLET,C_502,Gynaecology Service,92,10.8,
2026-05|NTPH1|C_999,2026-05,NTPH1,PRACTICE PLUS GROUP HOSPITAL - SHEPTON MALLET,C_999,Total,2721,9.6,
2026-05|NTPH2|C_100,2026-05,NTPH2,PRACTICE PLUS GROUP HOSPITAL - EMERSONS GREEN,C_100,General Surgery Service,277,10.2,
2026-05|NTPH2|C_101,2026-05,NTPH2,PRACTICE PLUS GROUP HOSPITAL - EMERSONS GREEN,C_101,Urology Service,75,6.8,
2026-05|NTPH2|C_110,2026-05,NTPH2,PRACTICE PLUS GROUP HOSPITAL - EMERSONS GREEN,C_110,Trauma and Orthopaedic Service,760,6.8,
2026-05|NTPH2|C_120,2026-05,NTPH2,PRACTICE PLUS GROUP HOSPITAL - EMERSONS GREEN,C_120,Ear Nose and Throat Service,300,10.6,
2026-05|NTPH2|C_130,2026-05,NTPH2,PRACTICE PLUS GROUP HOSPITAL - EMERSONS GREEN,C_130,Ophthalmology Service,378,5.1,
2026-05|NTPH2|C_140,2026-05,NTPH2,PRACTICE PLUS GROUP HOSPITAL - EMERSONS GREEN,C_140,Oral Surgery Service,3079,13.6,
2026-05|NTPH2|C_301,2026-05,NTPH2,PRACTICE PLUS GROUP HOSPITAL - EMERSONS GREEN,C_301,Gastroenterology Service,526,2.5,
2026-05|NTPH2|C_502,2026-05,NTPH2,PRACTICE PLUS GROUP HOSPITAL - EMERSONS GREEN,C_502,Gynaecology Service,340,10.1,
2026-05|NTPH2|C_999,2026-05,NTPH2,PRACTICE PLUS GROUP HOSPITAL - EMERSONS GREEN,C_999,Total,5735,10.2,
2026-05|NTPH3|C_100,2026-05,NTPH3,PRACTICE PLUS GROUP SURGICAL CENTRE - DEVIZES,C_100,General Surgery Service,161,13.7,
2026-05|NTPH3|C_101,2026-05,NTPH3,PRACTICE PLUS GROUP SURGICAL CENTRE - DEVIZES,C_101,Urology Service,76,11.0,
2026-05|NTPH3|C_110,2026-05,NTPH3,PRACTICE PLUS GROUP SURGICAL CENTRE - DEVIZES,C_110,Trauma and Orthopaedic Service,408,10.1,
2026-05|NTPH3|C_120,2026-05,NTPH3,PRACTICE PLUS GROUP SURGICAL CENTRE - DEVIZES,C_120,Ear Nose and Throat Service,103,13.1,
2026-05|NTPH3|C_130,2026-05,NTPH3,PRACTICE PLUS GROUP SURGICAL CENTRE - DEVIZES,C_130,Ophthalmology Service,464,8.6,
2026-05|NTPH3|C_140,2026-05,NTPH3,PRACTICE PLUS GROUP SURGICAL CENTRE - DEVIZES,C_140,Oral Surgery Service,1326,11.9,
2026-05|NTPH3|C_301,2026-05,NTPH3,PRACTICE PLUS GROUP SURGICAL CENTRE - DEVIZES,C_301,Gastroenterology Service,182,2.5,
2026-05|NTPH3|C_502,2026-05,NTPH3,PRACTICE PLUS GROUP SURGICAL CENTRE - DEVIZES,C_502,Gynaecology Service,130,11.0,
2026-05|NTPH3|C_999,2026-05,NTPH3,PRACTICE PLUS GROUP SURGICAL CENTRE - DEVIZES,C_999,Total,2850,10.4,
2026-05|NTPH5|C_100,2026-05,NTPH5,PRACTICE PLUS GROUP HOSPITAL - PLYMOUTH,C_100,General Surgery Service,63,9.6,
2026-05|NTPH5|C_110,2026-05,NTPH5,PRACTICE PLUS GROUP HOSPITAL - PLYMOUTH,C_110,Trauma and Orthopaedic Service,1317,6.2,
2026-05|NTPH5|C_130,2026-05,NTPH5,PRACTICE PLUS GROUP HOSPITAL - PLYMOUTH,C_130,Ophthalmology Service,67,1.6,
2026-05|NTPH5|C_301,2026-05,NTPH5,PRACTICE PLUS GROUP HOSPITAL - PLYMOUTH,C_301,Gastroenterology Service,117,1.8,
2026-05|NTPH5|C_999,2026-05,NTPH5,PRACTICE PLUS GROUP HOSPITAL - PLYMOUTH,C_999,Total,1564,5.6,
2026-05|NTX|C_100,2026-05,NTX,THE ONE HEALTH GROUP PLC,C_100,General Surgery Service,558,7.8,
2026-05|NTX|C_101,2026-05,NTX,THE ONE HEALTH GROUP PLC,C_101,Urology Service,241,15.5,
2026-05|NTX|C_110,2026-05,NTX,THE ONE HEALTH GROUP PLC,C_110,Trauma and Orthopaedic Service,1544,10.3,
2026-05|NTX|C_150,2026-05,NTX,THE ONE HEALTH GROUP PLC,C_150,Neurosurgical Service,2064,10.0,
2026-05|NTX|C_502,2026-05,NTX,THE ONE HEALTH GROUP PLC,C_502,Gynaecology Service,637,10.3,
2026-05|NTX|C_999,2026-05,NTX,THE ONE HEALTH GROUP PLC,C_999,Total,5045,10.0,
2026-05|NTX|X06,2026-05,NTX,THE ONE HEALTH GROUP PLC,X06,Other - Other Services,1,6.5,
2026-05|NV1|C_120,2026-05,NV1,INHEALTH LIMITED,C_120,Ear Nose and Throat Service,935,9.5,
2026-05|NV1|C_999,2026-05,NV1,INHEALTH LIMITED,C_999,Total,935,9.5,
2026-05|NVC01|C_100,2026-05,NVC01,ASHTEAD HOSPITAL,C_100,General Surgery Service,264,7.1,
2026-05|NVC01|C_101,2026-05,NVC01,ASHTEAD HOSPITAL,C_101,Urology Service,91,6.5,
2026-05|NVC01|C_110,2026-05,NVC01,ASHTEAD HOSPITAL,C_110,Trauma and Orthopaedic Service,474,10.7,
2026-05|NVC01|C_130,2026-05,NVC01,ASHTEAD HOSPITAL,C_130,Ophthalmology Service,80,5.7,
2026-05|NVC01|C_160,2026-05,NVC01,ASHTEAD HOSPITAL,C_160,Plastic Surgery Service,7,6.2,
2026-05|NVC01|C_301,2026-05,NVC01,ASHTEAD HOSPITAL,C_301,Gastroenterology Service,109,11.3,
2026-05|NVC01|C_400,2026-05,NVC01,ASHTEAD HOSPITAL,C_400,Neurology Service,2,2.0,
2026-05|NVC01|C_502,2026-05,NVC01,ASHTEAD HOSPITAL,C_502,Gynaecology Service,2,17.5,
2026-05|NVC01|C_999,2026-05,NVC01,ASHTEAD HOSPITAL,C_999,Total,1070,8.6,
2026-05|NVC01|X02,2026-05,NVC01,ASHTEAD HOSPITAL,X02,Other - Medical Services,41,8.5,
2026-05|NVC02|C_100,2026-05,NVC02,THE BERKSHIRE INDEPENDENT HOSPITAL,C_100,General Surgery Service,154,7.0,
2026-05|NVC02|C_101,2026-05,NVC02,THE BERKSHIRE INDEPENDENT HOSPITAL,C_101,Urology Service,248,10.3,
2026-05|NVC02|C_110,2026-05,NVC02,THE BERKSHIRE INDEPENDENT HOSPITAL,C_110,Trauma and Orthopaedic Service,641,11.1,
2026-05|NVC02|C_130,2026-05,NVC02,THE BERKSHIRE INDEPENDENT HOSPITAL,C_130,Ophthalmology Service,59,2.7,
2026-05|NVC02|C_160,2026-05,NVC02,THE BERKSHIRE INDEPENDENT HOSPITAL,C_160,Plastic Surgery Service,1,7.5,
2026-05|NVC02|C_502,2026-05,NVC02,THE BERKSHIRE INDEPENDENT HOSPITAL,C_502,Gynaecology Service,103,17.3,
2026-05|NVC02|C_999,2026-05,NVC02,THE BERKSHIRE INDEPENDENT HOSPITAL,C_999,Total,1206,10.3,
2026-05|NVC04|C_100,2026-05,NVC04,DUCHY HOSPITAL,C_100,General Surgery Service,358,7.6,
2026-05|NVC04|C_110,2026-05,NVC04,DUCHY HOSPITAL,C_110,Trauma and Orthopaedic Service,1245,15.9,
2026-05|NVC04|C_320,2026-05,NVC04,DUCHY HOSPITAL,C_320,Cardiology Service,126,12.3,
2026-05|NVC04|C_999,2026-05,NVC04,DUCHY HOSPITAL,C_999,Total,1729,13.0,
2026-05|NVC05|C_100,2026-05,NVC05,EUXTON HALL HOSPITAL,C_100,General Surgery Service,878,9.0,
2026-05|NVC05|C_101,2026-05,NVC05,EUXTON HALL HOSPITAL,C_101,Urology Service,8,6.0,
2026-05|NVC05|C_110,2026-05,NVC05,EUXTON HALL HOSPITAL,C_110,Trauma and Orthopaedic Service,2051,13.8,
2026-05|NVC05|C_120,2026-05,NVC05,EUXTON HALL HOSPITAL,C_120,Ear Nose and Throat Service,19,14.4,
2026-05|NVC05|C_160,2026-05,NVC05,EUXTON HALL HOSPITAL,C_160,Plastic Surgery Service,1,11.5,
2026-05|NVC05|C_301,2026-05,NVC05,EUXTON HALL HOSPITAL,C_301,Gastroenterology Service,4,7.0,
2026-05|NVC05|C_410,2026-05,NVC05,EUXTON HALL HOSPITAL,C_410,Rheumatology Service,1,18.5,
2026-05|NVC05|C_502,2026-05,NVC05,EUXTON HALL HOSPITAL,C_502,Gynaecology Service,189,21.7,
2026-05|NVC05|C_999,2026-05,NVC05,EUXTON HALL HOSPITAL,C_999,Total,3228,12.8,
2026-05|NVC05|X02,2026-05,NVC05,EUXTON HALL HOSPITAL,X02,Other - Medical Services,74,12.0,
2026-05|NVC05|X05,2026-05,NVC05,EUXTON HALL HOSPITAL,X05,Other - Surgical Services,1,38.5,
2026-05|NVC05|X06,2026-05,NVC05,EUXTON HALL HOSPITAL,X06,Other - Other Services,2,26.0,
2026-05|NVC06|C_100,2026-05,NVC06,FITZWILLIAM HOSPITAL,C_100,General Surgery Service,471,15.2,
2026-05|NVC06|C_101,2026-05,NVC06,FITZWILLIAM HOSPITAL,C_101,Urology Service,174,8.4,
2026-05|NVC06|C_110,2026-05,NVC06,FITZWILLIAM HOSPITAL,C_110,Trauma and Orthopaedic Service,4188,19.2,
2026-05|NVC06|C_130,2026-05,NVC06,FITZWILLIAM HOSPITAL,C_130,Ophthalmology Service,200,10.0,
2026-05|NVC06|C_300,2026-05,NVC06,FITZWILLIAM HOSPITAL,C_300,General Internal Medicine Service,19,15.8,
2026-05|NVC06|C_301,2026-05,NVC06,FITZWILLIAM HOSPITAL,C_301,Gastroenterology Service,162,10.7,
2026-05|NVC06|C_410,2026-05,NVC06,FITZWILLIAM HOSPITAL,C_410,Rheumatology Service,1,42.5,
2026-05|NVC06|C_502,2026-05,NVC06,FITZWILLIAM HOSPITAL,C_502,Gynaecology Service,642,16.9,
2026-05|NVC06|C_999,2026-05,NVC06,FITZWILLIAM HOSPITAL,C_999,Total,6539,17.1,
2026-05|NVC06|X02,2026-05,NVC06,FITZWILLIAM HOSPITAL,X02,Other - Medical Services,655,16.3,
2026-05|NVC06|X05,2026-05,NVC06,FITZWILLIAM HOSPITAL,X05,Other - Surgical Services,1,6.5,
2026-05|NVC06|X06,2026-05,NVC06,FITZWILLIAM HOSPITAL,X06,Other - Other Services,26,24.0,
2026-05|NVC07|C_100,2026-05,NVC07,FULWOOD HALL HOSPITAL,C_100,General Surgery Service,519,8.2,
2026-05|NVC07|C_101,2026-05,NVC07,FULWOOD HALL HOSPITAL,C_101,Urology Service,455,8.9,
2026-05|NVC07|C_110,2026-05,NVC07,FULWOOD HALL HOSPITAL,C_110,Trauma and Orthopaedic Service,2309,10.8,
2026-05|NVC07|C_130,2026-05,NVC07,FULWOOD HALL HOSPITAL,C_130,Ophthalmology Service,226,8.4,
2026-05|NVC07|C_160,2026-05,NVC07,FULWOOD HALL HOSPITAL,C_160,Plastic Surgery Service,6,6.0,
2026-05|NVC07|C_301,2026-05,NVC07,FULWOOD HALL HOSPITAL,C_301,Gastroenterology Service,1,8.5,
2026-05|NVC07|C_502,2026-05,NVC07,FULWOOD HALL HOSPITAL,C_502,Gynaecology Service,564,15.3,
2026-05|NVC07|C_999,2026-05,NVC07,FULWOOD HALL HOSPITAL,C_999,Total,4110,10.3,
2026-05|NVC07|X02,2026-05,NVC07,FULWOOD HALL HOSPITAL,X02,Other - Medical Services,28,4.0,
2026-05|NVC07|X05,2026-05,NVC07,FULWOOD HALL HOSPITAL,X05,Other - Surgical Services,2,13.0,
2026-05|NVC08|C_100,2026-05,NVC08,MOUNT STUART HOSPITAL,C_100,General Surgery Service,281,10.3,
2026-05|NVC08|C_101,2026-05,NVC08,MOUNT STUART HOSPITAL,C_101,Urology Service,182,12.6,
2026-05|NVC08|C_110,2026-05,NVC08,MOUNT STUART HOSPITAL,C_110,Trauma and Orthopaedic Service,1032,19.4,
2026-05|NVC08|C_130,2026-05,NVC08,MOUNT STUART HOSPITAL,C_130,Ophthalmology Service,286,17.7,
2026-05|NVC08|C_160,2026-05,NVC08,MOUNT STUART HOSPITAL,C_160,Plastic Surgery Service,16,12.0,
2026-05|NVC08|C_301,2026-05,NVC08,MOUNT STUART HOSPITAL,C_301,Gastroenterology Service,25,13.5,
2026-05|NVC08|C_502,2026-05,NVC08,MOUNT STUART HOSPITAL,C_502,Gynaecology Service,445,12.0,
2026-05|NVC08|C_999,2026-05,NVC08,MOUNT STUART HOSPITAL,C_999,Total,2267,15.3,
2026-05|NVC09|C_100,2026-05,NVC09,NEW HALL HOSPITAL,C_100,General Surgery Service,114,6.6,
2026-05|NVC09|C_101,2026-05,NVC09,NEW HALL HOSPITAL,C_101,Urology Service,84,11.1,
2026-05|NVC09|C_110,2026-05,NVC09,NEW HALL HOSPITAL,C_110,Trauma and Orthopaedic Service,2891,10.8,
2026-05|NVC09|C_130,2026-05,NVC09,NEW HALL HOSPITAL,C_130,Ophthalmology Service,198,11.9,
2026-05|NVC09|C_301,2026-05,NVC09,NEW HALL HOSPITAL,C_301,Gastroenterology Service,35,5.9,
2026-05|NVC09|C_400,2026-05,NVC09,NEW HALL HOSPITAL,C_400,Neurology Service,6,6.5,
2026-05|NVC09|C_502,2026-05,NVC09,NEW HALL HOSPITAL,C_502,Gynaecology Service,112,16.0,
2026-05|NVC09|C_999,2026-05,NVC09,NEW HALL HOSPITAL,C_999,Total,3441,10.8,
2026-05|NVC09|X06,2026-05,NVC09,NEW HALL HOSPITAL,X06,Other - Other Services,1,1.5,
2026-05|NVC0I|C_100,2026-05,NVC0I,BEACON PARK HOSPITAL,C_100,General Surgery Service,51,15.8,
2026-05|NVC0I|C_101,2026-05,NVC0I,BEACON PARK HOSPITAL,C_101,Urology Service,140,16.3,
2026-05|NVC0I|C_110,2026-05,NVC0I,BEACON PARK HOSPITAL,C_110,Trauma and Orthopaedic Service,290,12.3,
2026-05|NVC0I|C_130,2026-05,NVC0I,BEACON PARK HOSPITAL,C_130,Ophthalmology Service,295,17.3,
2026-05|NVC0I|C_301,2026-05,NVC0I,BEACON PARK HOSPITAL,C_301,Gastroenterology Service,120,9.7,
2026-05|NVC0I|C_502,2026-05,NVC0I,BEACON PARK HOSPITAL,C_502,Gynaecology Service,156,11.6,
2026-05|NVC0I|C_999,2026-05,NVC0I,BEACON PARK HOSPITAL,C_999,Total,1272,15.0,
2026-05|NVC0I|X02,2026-05,NVC0I,BEACON PARK HOSPITAL,X02,Other - Medical Services,220,24.0,
2026-05|NVC0R|C_100,2026-05,NVC0R,TEES VALLEY HOSPITAL,C_100,General Surgery Service,586,9.5,
2026-05|NVC0R|C_101,2026-05,NVC0R,TEES VALLEY HOSPITAL,C_101,Urology Service,466,12.1,
2026-05|NVC0R|C_110,2026-05,NVC0R,TEES VALLEY HOSPITAL,C_110,Trauma and Orthopaedic Service,1194,10.2,
2026-05|NVC0R|C_140,2026-05,NVC0R,TEES VALLEY HOSPITAL,C_140,Oral Surgery Service,417,5.1,
2026-05|NVC0R|C_160,2026-05,NVC0R,TEES VALLEY HOSPITAL,C_160,Plastic Surgery Service,443,4.5,
2026-05|NVC0R|C_301,2026-05,NVC0R,TEES VALLEY HOSPITAL,C_301,Gastroenterology Service,347,4.0,
2026-05|NVC0R|C_330,2026-05,NVC0R,TEES VALLEY HOSPITAL,C_330,Dermatology Service,338,9.4,
2026-05|NVC0R|C_502,2026-05,NVC0R,TEES VALLEY HOSPITAL,C_502,Gynaecology Service,419,15.9,
2026-05|NVC0R|C_999,2026-05,NVC0R,TEES VALLEY HOSPITAL,C_999,Total,4210,8.7,
2026-05|NVC0Y|C_101,2026-05,NVC0Y,EXETER MEDICAL,C_101,Urology Service,156,11.0,
2026-05|NVC0Y|C_110,2026-05,NVC0Y,EXETER MEDICAL,C_110,Trauma and Orthopaedic Service,52,10.0,
2026-05|NVC0Y|C_160,2026-05,NVC0Y,EXETER MEDICAL,C_160,Plastic Surgery Service,36,11.0,
2026-05|NVC0Y|C_330,2026-05,NVC0Y,EXETER MEDICAL,C_330,Dermatology Service,22,17.0,
2026-05|NVC0Y|C_999,2026-05,NVC0Y,EXETER MEDICAL,C_999,Total,266,10.8,
2026-05|NVC11|C_100,2026-05,NVC11,NORTH DOWNS HOSPITAL,C_100,General Surgery Service,171,9.9,
2026-05|NVC11|C_101,2026-05,NVC11,NORTH DOWNS HOSPITAL,C_101,Urology Service,81,14.2,
2026-05|NVC11|C_110,2026-05,NVC11,NORTH DOWNS HOSPITAL,C_110,Trauma and Orthopaedic Service,746,11.5,
2026-05|NVC11|C_130,2026-05,NVC11,NORTH DOWNS HOSPITAL,C_130,Ophthalmology Service,136,6.6,
2026-05|NVC11|C_160,2026-05,NVC11,NORTH DOWNS HOSPITAL,C_160,Plastic Surgery Service,17,16.5,
2026-05|NVC11|C_301,2026-05,NVC11,NORTH DOWNS HOSPITAL,C_301,Gastroenterology Service,35,10.8,
2026-05|NVC11|C_502,2026-05,NVC11,NORTH DOWNS HOSPITAL,C_502,Gynaecology Service,181,11.2,
2026-05|NVC11|C_999,2026-05,NVC11,NORTH DOWNS HOSPITAL,C_999,Total,1497,11.6,
2026-05|NVC11|X02,2026-05,NVC11,NORTH DOWNS HOSPITAL,X02,Other - Medical Services,129,17.1,
2026-05|NVC11|X06,2026-05,NVC11,NORTH DOWNS HOSPITAL,X06,Other - Other Services,1,57.5,
2026-05|NVC12|C_100,2026-05,NVC12,OAKLANDS HOSPITAL,C_100,General Surgery Service,805,10.6,
2026-05|NVC12|C_101,2026-05,NVC12,OAKLANDS HOSPITAL,C_101,Urology Service,112,8.8,
2026-05|NVC12|C_110,2026-05,NVC12,OAKLANDS HOSPITAL,C_110,Trauma and Orthopaedic Service,2620,12.7,
2026-05|NVC12|C_301,2026-05,NVC12,OAKLANDS HOSPITAL,C_301,Gastroenterology Service,39,4.2,
2026-05|NVC12|C_320,2026-05,NVC12,OAKLANDS HOSPITAL,C_320,Cardiology Service,7,3.5,
2026-05|NVC12|C_999,2026-05,NVC12,OAKLANDS HOSPITAL,C_999,Total,3583,12.0,
2026-05|NVC13|C_100,2026-05,NVC13,OAKS HOSPITAL,C_100,General Surgery Service,293,16.6,
2026-05|NVC13|C_101,2026-05,NVC13,OAKS HOSPITAL,C_101,Urology Service,17,38.8,
2026-05|NVC13|C_110,2026-05,NVC13,OAKS HOSPITAL,C_110,Trauma and Orthopaedic Service,377,14.9,
2026-05|NVC13|C_120,2026-05,NVC13,OAKS HOSPITAL,C_120,Ear Nose and Throat Service,89,16.9,
2026-05|NVC13|C_130,2026-05,NVC13,OAKS HOSPITAL,C_130,Ophthalmology Service,29,12.5,
2026-05|NVC13|C_301,2026-05,NVC13,OAKS HOSPITAL,C_301,Gastroenterology Service,9,6.5,
2026-05|NVC13|C_502,2026-05,NVC13,OAKS HOSPITAL,C_502,Gynaecology Service,153,13.9,
2026-05|NVC13|C_999,2026-05,NVC13,OAKS HOSPITAL,C_999,Total,1052,15.5,
2026-05|NVC13|X02,2026-05,NVC13,OAKS HOSPITAL,X02,Other - Medical Services,84,16.0,
2026-05|NVC13|X06,2026-05,NVC13,OAKS HOSPITAL,X06,Other - Other Services,1,26.5,
2026-05|NVC14|C_110,2026-05,NVC14,PARK HILL HOSPITAL,C_110,Trauma and Orthopaedic Service,723,9.5,
2026-05|NVC14|C_999,2026-05,NVC14,PARK HILL HOSPITAL,C_999,Total,723,9.5,
2026-05|NVC15|C_100,2026-05,NVC15,PINEHILL HOSPITAL,C_100,General Surgery Service,362,11.6,
2026-05|NVC15|C_101,2026-05,NVC15,PINEHILL HOSPITAL,C_101,Urology Service,42,19.0,
2026-05|NVC15|C_110,2026-05,NVC15,PINEHILL HOSPITAL,C_110,Trauma and Orthopaedic Service,1005,14.1,
2026-05|NVC15|C_120,2026-05,NVC15,PINEHILL HOSPITAL,C_120,Ear Nose and Throat Service,1,0.5,
2026-05|NVC15|C_130,2026-05,NVC15,PINEHILL HOSPITAL,C_130,Ophthalmology Service,126,8.9,
2026-05|NVC15|C_301,2026-05,NVC15,PINEHILL HOSPITAL,C_301,Gastroenterology Service,42,2.8,
2026-05|NVC15|C_999,2026-05,NVC15,PINEHILL HOSPITAL,C_999,Total,1842,13.4,
2026-05|NVC15|X02,2026-05,NVC15,PINEHILL HOSPITAL,X02,Other - Medical Services,149,13.9,
2026-05|NVC15|X06,2026-05,NVC15,PINEHILL HOSPITAL,X06,Other - Other Services,115,26.2,
2026-05|NVC16|C_100,2026-05,NVC16,RENACRES HOSPITAL,C_100,General Surgery Service,333,18.1,
2026-05|NVC16|C_101,2026-05,NVC16,RENACRES HOSPITAL,C_101,Urology Service,228,13.2,
2026-05|NVC16|C_110,2026-05,NVC16,RENACRES HOSPITAL,C_110,Trauma and Orthopaedic Service,2537,19.8,
2026-05|NVC16|C_120,2026-05,NVC16,RENACRES HOSPITAL,C_120,Ear Nose and Throat Service,129,17.3,
2026-05|NVC16|C_301,2026-05,NVC16,RENACRES HOSPITAL,C_301,Gastroenterology Service,259,10.5,
2026-05|NVC16|C_999,2026-05,NVC16,RENACRES HOSPITAL,C_999,Total,4874,19.7,
2026-05|NVC16|X02,2026-05,NVC16,RENACRES HOSPITAL,X02,Other - Medical Services,1385,23.6,
2026-05|NVC16|X05,2026-05,NVC16,RENACRES HOSPITAL,X05,Other - Surgical Services,1,49.5,
2026-05|NVC16|X06,2026-05,NVC16,RENACRES HOSPITAL,X06,Other - Other Services,2,16.0,
2026-05|NVC17|C_100,2026-05,NVC17,ROWLEY HALL HOSPITAL,C_100,General Surgery Service,132,12.5,
2026-05|NVC17|C_101,2026-05,NVC17,ROWLEY HALL HOSPITAL,C_101,Urology Service,1,11.5,
2026-05|NVC17|C_110,2026-05,NVC17,ROWLEY HALL HOSPITAL,C_110,Trauma and Orthopaedic Service,1755,13.6,
2026-05|NVC17|C_301,2026-05,NVC17,ROWLEY HALL HOSPITAL,C_301,Gastroenterology Service,120,11.5,
2026-05|NVC17|C_502,2026-05,NVC17,ROWLEY HALL HOSPITAL,C_502,Gynaecology Service,288,14.1,
2026-05|NVC17|C_999,2026-05,NVC17,ROWLEY HALL HOSPITAL,C_999,Total,2480,13.6,
2026-05|NVC17|X02,2026-05,NVC17,ROWLEY HALL HOSPITAL,X02,Other - Medical Services,183,16.1,
2026-05|NVC17|X06,2026-05,NVC17,ROWLEY HALL HOSPITAL,X06,Other - Other Services,1,35.5,
2026-05|NVC18|C_100,2026-05,NVC18,SPRINGFIELD HOSPITAL,C_100,General Surgery Service,593,11.7,
2026-05|NVC18|C_101,2026-05,NVC18,SPRINGFIELD HOSPITAL,C_101,Urology Service,733,12.4,
2026-05|NVC18|C_110,2026-05,NVC18,SPRINGFIELD HOSPITAL,C_110,Trauma and Orthopaedic Service,1603,14.8,
2026-05|NVC18|C_120,2026-05,NVC18,SPRINGFIELD HOSPITAL,C_120,Ear Nose and Throat Service,933,12.7,
2026-05|NVC18|C_160,2026-05,NVC18,SPRINGFIELD HOSPITAL,C_160,Plastic Surgery Service,3,19.5,
2026-05|NVC18|C_301,2026-05,NVC18,SPRINGFIELD HOSPITAL,C_301,Gastroenterology Service,246,7.3,
2026-05|NVC18|C_502,2026-05,NVC18,SPRINGFIELD HOSPITAL,C_502,Gynaecology Service,491,8.9,
2026-05|NVC18|C_999,2026-05,NVC18,SPRINGFIELD HOSPITAL,C_999,Total,4602,12.4,
2026-05|NVC19|C_100,2026-05,NVC19,RIVERS HOSPITAL,C_100,General Surgery Service,657,13.6,
2026-05|NVC19|C_101,2026-05,NVC19,RIVERS HOSPITAL,C_101,Urology Service,426,11.7,
2026-05|NVC19|C_110,2026-05,NVC19,RIVERS HOSPITAL,C_110,Trauma and Orthopaedic Service,1527,13.6,
2026-05|NVC19|C_120,2026-05,NVC19,RIVERS HOSPITAL,C_120,Ear Nose and Throat Service,208,17.3,
2026-05|NVC19|C_130,2026-05,NVC19,RIVERS HOSPITAL,C_130,Ophthalmology Service,416,9.5,
2026-05|NVC19|C_301,2026-05,NVC19,RIVERS HOSPITAL,C_301,Gastroenterology Service,600,9.4,
2026-05|NVC19|C_502,2026-05,NVC19,RIVERS HOSPITAL,C_502,Gynaecology Service,425,18.6,
2026-05|NVC19|C_999,2026-05,NVC19,RIVERS HOSPITAL,C_999,Total,4279,13.0,
2026-05|NVC19|X02,2026-05,NVC19,RIVERS HOSPITAL,X02,Other - Medical Services,2,2.0,
2026-05|NVC19|X06,2026-05,NVC19,RIVERS HOSPITAL,X06,Other - Other Services,18,14.0,
2026-05|NVC1H|C_100,2026-05,NVC1H,STOURSIDE HOSPITAL,C_100,General Surgery Service,441,7.5,
2026-05|NVC1H|C_101,2026-05,NVC1H,STOURSIDE HOSPITAL,C_101,Urology Service,213,17.4,
2026-05|NVC1H|C_110,2026-05,NVC1H,STOURSIDE HOSPITAL,C_110,Trauma and Orthopaedic Service,1264,10.3,
2026-05|NVC1H|C_130,2026-05,NVC1H,STOURSIDE HOSPITAL,C_130,Ophthalmology Service,310,8.8,
2026-05|NVC1H|C_160,2026-05,NVC1H,STOURSIDE HOSPITAL,C_160,Plastic Surgery Service,1,8.5,
2026-05|NVC1H|C_301,2026-05,NVC1H,STOURSIDE HOSPITAL,C_301,Gastroenterology Service,2,45.0,
2026-05|NVC1H|C_502,2026-05,NVC1H,STOURSIDE HOSPITAL,C_502,Gynaecology Service,423,12.8,
2026-05|NVC1H|C_999,2026-05,NVC1H,STOURSIDE HOSPITAL,C_999,Total,2978,10.2,
2026-05|NVC1H|X02,2026-05,NVC1H,STOURSIDE HOSPITAL,X02,Other - Medical Services,297,11.2,
2026-05|NVC1H|X06,2026-05,NVC1H,STOURSIDE HOSPITAL,X06,Other - Other Services,27,24.5,
2026-05|NVC20|C_100,2026-05,NVC20,THE YORKSHIRE CLINIC,C_100,General Surgery Service,705,13.2,
2026-05|NVC20|C_101,2026-05,NVC20,THE YORKSHIRE CLINIC,C_101,Urology Service,464,9.3,
2026-05|NVC20|C_110,2026-05,NVC20,THE YORKSHIRE CLINIC,C_110,Trauma and Orthopaedic Service,1355,11.8,
2026-05|NVC20|C_120,2026-05,NVC20,THE YORKSHIRE CLINIC,C_120,Ear Nose and Throat Service,565,12.6,
2026-05|NVC20|C_130,2026-05,NVC20,THE YORKSHIRE CLINIC,C_130,Ophthalmology Service,894,4.1,
2026-05|NVC20|C_160,2026-05,NVC20,THE YORKSHIRE CLINIC,C_160,Plastic Surgery Service,83,11.2,
2026-05|NVC20|C_300,2026-05,NVC20,THE YORKSHIRE CLINIC,C_300,General Internal Medicine Service,1,18.5,
2026-05|NVC20|C_301,2026-05,NVC20,THE YORKSHIRE CLINIC,C_301,Gastroenterology Service,1329,12.2,
2026-05|NVC20|C_340,2026-05,NVC20,THE YORKSHIRE CLINIC,C_340,Respiratory Medicine Service,769,7.0,
2026-05|NVC20|C_502,2026-05,NVC20,THE YORKSHIRE CLINIC,C_502,Gynaecology Service,232,10.6,
2026-05|NVC20|C_999,2026-05,NVC20,THE YORKSHIRE CLINIC,C_999,Total,7428,9.6,
2026-05|NVC20|X02,2026-05,NVC20,THE YORKSHIRE CLINIC,X02,Other - Medical Services,1025,10.3,
2026-05|NVC20|X06,2026-05,NVC20,THE YORKSHIRE CLINIC,X06,Other - Other Services,6,12.0,
2026-05|NVC21|C_100,2026-05,NVC21,WEST MIDLANDS HOSPITAL,C_100,General Surgery Service,23,8.5,
2026-05|NVC21|C_101,2026-05,NVC21,WEST MIDLANDS HOSPITAL,C_101,Urology Service,21,12.2,
2026-05|NVC21|C_110,2026-05,NVC21,WEST MIDLANDS HOSPITAL,C_110,Trauma and Orthopaedic Service,449,11.7,
2026-05|NVC21|C_502,2026-05,NVC21,WEST MIDLANDS HOSPITAL,C_502,Gynaecology Service,56,13.0,
2026-05|NVC21|C_999,2026-05,NVC21,WEST MIDLANDS HOSPITAL,C_999,Total,574,12.0,
2026-05|NVC21|X02,2026-05,NVC21,WEST MIDLANDS HOSPITAL,X02,Other - Medical Services,20,19.3,
2026-05|NVC21|X06,2026-05,NVC21,WEST MIDLANDS HOSPITAL,X06,Other - Other Services,5,29.5,
2026-05|NVC22|C_100,2026-05,NVC22,WINFIELD HOSPITAL,C_100,General Surgery Service,178,14.4,
2026-05|NVC22|C_101,2026-05,NVC22,WINFIELD HOSPITAL,C_101,Urology Service,59,8.8,
2026-05|NVC22|C_110,2026-05,NVC22,WINFIELD HOSPITAL,C_110,Trauma and Orthopaedic Service,877,11.3,
2026-05|NVC22|C_120,2026-05,NVC22,WINFIELD HOSPITAL,C_120,Ear Nose and Throat Service,4,26.0,
2026-05|NVC22|C_160,2026-05,NVC22,WINFIELD HOSPITAL,C_160,Plastic Surgery Service,6,6.0,
2026-05|NVC22|C_301,2026-05,NVC22,WINFIELD HOSPITAL,C_301,Gastroenterology Service,157,3.4,
2026-05|NVC22|C_999,2026-05,NVC22,WINFIELD HOSPITAL,C_999,Total,1281,10.3,
2026-05|NVC23|C_100,2026-05,NVC23,WOODLAND HOSPITAL,C_100,General Surgery Service,357,11.0,
2026-05|NVC23|C_101,2026-05,NVC23,WOODLAND HOSPITAL,C_101,Urology Service,470,13.1,
2026-05|NVC23|C_110,2026-05,NVC23,WOODLAND HOSPITAL,C_110,Trauma and Orthopaedic Service,3339,13.8,
2026-05|NVC23|C_130,2026-05,NVC23,WOODLAND HOSPITAL,C_130,Ophthalmology Service,2,4.0,
2026-05|NVC23|C_160,2026-05,NVC23,WOODLAND HOSPITAL,C_160,Plastic Surgery Service,2,9.0,
2026-05|NVC23|C_301,2026-05,NVC23,WOODLAND HOSPITAL,C_301,Gastroenterology Service,168,9.6,
2026-05|NVC23|C_330,2026-05,NVC23,WOODLAND HOSPITAL,C_330,Dermatology Service,24,7.0,
2026-05|NVC23|C_400,2026-05,NVC23,WOODLAND HOSPITAL,C_400,Neurology Service,1,29.5,
2026-05|NVC23|C_502,2026-05,NVC23,WOODLAND HOSPITAL,C_502,Gynaecology Service,450,21.0,
2026-05|NVC23|C_999,2026-05,NVC23,WOODLAND HOSPITAL,C_999,Total,4817,13.5,
2026-05|NVC23|X02,2026-05,NVC23,WOODLAND HOSPITAL,X02,Other - Medical Services,4,18.3,
2026-05|NVC25|C_110,2026-05,NVC25,THE CHERWELL HOSPITAL,C_110,Trauma and Orthopaedic Service,2090,11.6,
2026-05|NVC25|C_130,2026-05,NVC25,THE CHERWELL HOSPITAL,C_130,Ophthalmology Service,1,21.5,
2026-05|NVC25|C_999,2026-05,NVC25,THE CHERWELL HOSPITAL,C_999,Total,2092,11.6,
2026-05|NVC25|X06,2026-05,NVC25,THE CHERWELL HOSPITAL,X06,Other - Other Services,1,30.5,
2026-05|NVC27|C_100,2026-05,NVC27,BOSTON WEST HOSPITAL,C_100,General Surgery Service,164,9.0,
2026-05|NVC27|C_101,2026-05,NVC27,BOSTON WEST HOSPITAL,C_101,Urology Service,125,12.8,
2026-05|NVC27|C_110,2026-05,NVC27,BOSTON WEST HOSPITAL,C_110,Trauma and Orthopaedic Service,990,18.1,
2026-05|NVC27|C_130,2026-05,NVC27,BOSTON WEST HOSPITAL,C_130,Ophthalmology Service,648,10.0,
2026-05|NVC27|C_301,2026-05,NVC27,BOSTON WEST HOSPITAL,C_301,Gastroenterology Service,124,9.2,
2026-05|NVC27|C_502,2026-05,NVC27,BOSTON WEST HOSPITAL,C_502,Gynaecology Service,293,16.8,
2026-05|NVC27|C_999,2026-05,NVC27,BOSTON WEST HOSPITAL,C_999,Total,2346,13.3,
2026-05|NVC27|X02,2026-05,NVC27,BOSTON WEST HOSPITAL,X02,Other - Medical Services,1,37.5,
2026-05|NVC27|X06,2026-05,NVC27,BOSTON WEST HOSPITAL,X06,Other - Other Services,1,35.5,
2026-05|NVC28|C_110,2026-05,NVC28,CLIFTON PARK HOSPITAL,C_110,Trauma and Orthopaedic Service,1614,10.6,
2026-05|NVC28|C_999,2026-05,NVC28,CLIFTON PARK HOSPITAL,C_999,Total,1621,10.7,
2026-05|NVC28|X02,2026-05,NVC28,CLIFTON PARK HOSPITAL,X02,Other - Medical Services,7,23.5,
2026-05|NVC29|C_100,2026-05,NVC29,COBALT HOSPITAL,C_100,General Surgery Service,337,17.4,
2026-05|NVC29|C_110,2026-05,NVC29,COBALT HOSPITAL,C_110,Trauma and Orthopaedic Service,468,13.7,
2026-05|NVC29|C_160,2026-05,NVC29,COBALT HOSPITAL,C_160,Plastic Surgery Service,874,15.1,
2026-05|NVC29|C_301,2026-05,NVC29,COBALT HOSPITAL,C_301,Gastroenterology Service,373,6.3,
2026-05|NVC29|C_999,2026-05,NVC29,COBALT HOSPITAL,C_999,Total,2052,13.1,
2026-05|NVC31|C_100,2026-05,NVC31,BLAKELANDS HOSPITAL,C_100,General Surgery Service,325,9.4,
2026-05|NVC31|C_101,2026-05,NVC31,BLAKELANDS HOSPITAL,C_101,Urology Service,82,8.0,
2026-05|NVC31|C_110,2026-05,NVC31,BLAKELANDS HOSPITAL,C_110,Trauma and Orthopaedic Service,1041,14.6,
2026-05|NVC31|C_130,2026-05,NVC31,BLAKELANDS HOSPITAL,C_130,Ophthalmology Service,295,8.1,
2026-05|NVC31|C_301,2026-05,NVC31,BLAKELANDS HOSPITAL,C_301,Gastroenterology Service,213,7.3,
2026-05|NVC31|C_999,2026-05,NVC31,BLAKELANDS HOSPITAL,C_999,Total,2178,11.1,
2026-05|NVC31|X02,2026-05,NVC31,BLAKELANDS HOSPITAL,X02,Other - Medical Services,222,12.3,
2026-05|NVC40|C_100,2026-05,NVC40,WOODTHORPE HOSPITAL,C_100,General Surgery Service,137,12.5,
2026-05|NVC40|C_101,2026-05,NVC40,WOODTHORPE HOSPITAL,C_101,Urology Service,150,9.0,
2026-05|NVC40|C_110,2026-05,NVC40,WOODTHORPE HOSPITAL,C_110,Trauma and Orthopaedic Service,1988,9.9,
2026-05|NVC40|C_130,2026-05,NVC40,WOODTHORPE HOSPITAL,C_130,Ophthalmology Service,399,5.7,
2026-05|NVC40|C_300,2026-05,NVC40,WOODTHORPE HOSPITAL,C_300,General Internal Medicine Service,1,29.5,
2026-05|NVC40|C_301,2026-05,NVC40,WOODTHORPE HOSPITAL,C_301,Gastroenterology Service,150,6.5,
2026-05|NVC40|C_400,2026-05,NVC40,WOODTHORPE HOSPITAL,C_400,Neurology Service,1,17.5,
2026-05|NVC40|C_502,2026-05,NVC40,WOODTHORPE HOSPITAL,C_502,Gynaecology Service,720,13.1,
2026-05|NVC40|C_999,2026-05,NVC40,WOODTHORPE HOSPITAL,C_999,Total,3642,9.3,
2026-05|NVC40|X02,2026-05,NVC40,WOODTHORPE HOSPITAL,X02,Other - Medical Services,96,6.3,
2026-05|NVC44|C_100,2026-05,NVC44,THE WESTBOURNE CENTRE,C_100,General Surgery Service,251,10.2,
2026-05|NVC44|C_110,2026-05,NVC44,THE WESTBOURNE CENTRE,C_110,Trauma and Orthopaedic Service,297,11.1,
2026-05|NVC44|C_130,2026-05,NVC44,THE WESTBOURNE CENTRE,C_130,Ophthalmology Service,20,11.0,
2026-05|NVC44|C_140,2026-05,NVC44,THE WESTBOURNE CENTRE,C_140,Oral Surgery Service,2722,17.0,
2026-05|NVC44|C_999,2026-05,NVC44,THE WESTBOURNE CENTRE,C_999,Total,3290,15.8,
2026-05|NVM|C_100,2026-05,NVM,EPSOMEDICAL GROUP,C_100,General Surgery Service,233,8.5,
2026-05|NVM|C_101,2026-05,NVM,EPSOMEDICAL GROUP,C_101,Urology Service,116,7.5,
2026-05|NVM|C_110,2026-05,NVM,EPSOMEDICAL GROUP,C_110,Trauma and Orthopaedic Service,76,6.0,
2026-05|NVM|C_120,2026-05,NVM,EPSOMEDICAL GROUP,C_120,Ear Nose and Throat Service,253,5.1,
2026-05|NVM|C_130,2026-05,NVM,EPSOMEDICAL GROUP,C_130,Ophthalmology Service,409,4.9,
2026-05|NVM|C_160,2026-05,NVM,EPSOMEDICAL GROUP,C_160,Plastic Surgery Service,326,11.7,
2026-05|NVM|C_301,2026-05,NVM,EPSOMEDICAL GROUP,C_301,Gastroenterology Service,395,10.9,
2026-05|NVM|C_320,2026-05,NVM,EPSOMEDICAL GROUP,C_320,Cardiology Service,30,9.0,
2026-05|NVM|C_330,2026-05,NVM,EPSOMEDICAL GROUP,C_330,Dermatology Service,731,6.9,
2026-05|NVM|C_340,2026-05,NVM,EPSOMEDICAL GROUP,C_340,Respiratory Medicine Service,51,10.9,
2026-05|NVM|C_410,2026-05,NVM,EPSOMEDICAL GROUP,C_410,Rheumatology Service,62,7.2,
2026-05|NVM|C_502,2026-05,NVM,EPSOMEDICAL GROUP,C_502,Gynaecology Service,234,6.0,
2026-05|NVM|C_999,2026-05,NVM,EPSOMEDICAL GROUP,C_999,Total,3024,6.9,
2026-05|NVM|X05,2026-05,NVM,EPSOMEDICAL GROUP,X05,Other - Surgical Services,108,5.3,
2026-05|NWF01|C_100,2026-05,NWF01,BENENDEN HOSPITAL,C_100,General Surgery Service,133,6.2,
2026-05|NWF01|C_101,2026-05,NWF01,BENENDEN HOSPITAL,C_101,Urology Service,62,6.5,
2026-05|NWF01|C_110,2026-05,NWF01,BENENDEN HOSPITAL,C_110,Trauma and Orthopaedic Service,749,9.6,
2026-05|NWF01|C_120,2026-05,NWF01,BENENDEN HOSPITAL,C_120,Ear Nose and Throat Service,117,5.6,
2026-05|NWF01|C_130,2026-05,NWF01,BENENDEN HOSPITAL,C_130,Ophthalmology Service,94,3.1,
2026-05|NWF01|C_301,2026-05,NWF01,BENENDEN HOSPITAL,C_301,Gastroenterology Service,114,5.9,
2026-05|NWF01|C_502,2026-05,NWF01,BENENDEN HOSPITAL,C_502,Gynaecology Service,257,9.7,
2026-05|NWF01|C_999,2026-05,NWF01,BENENDEN HOSPITAL,C_999,Total,1526,8.5,
2026-05|NWV01|C_101,2026-05,NWV01,COHESE HEALTHCARE,C_101,Urology Service,1016,4.1,
2026-05|NWV01|C_999,2026-05,NWV01,COHESE HEALTHCARE,C_999,Total,1016,4.1,
2026-05|NX501|C_130,2026-05,NX501,ANGLIA COMMUNITY EYE SERVICE LTD,C_130,Ophthalmology Service,783,6.3,
2026-05|NX501|C_999,2026-05,NX501,ANGLIA COMMUNITY EYE SERVICE LTD,C_999,Total,783,6.3,
2026-05|NX504|C_130,2026-05,NX504,ANGLIA COMMUNITY EYE SERVICES FAKENHAM,C_130,Ophthalmology Service,401,5.6,
2026-05|NX504|C_999,2026-05,NX504,ANGLIA COMMUNITY EYE SERVICES FAKENHAM,C_999,Total,401,5.6,
2026-05|NX505|C_130,2026-05,NX505,ANGLIA COMMUNITY EYE SERVICE - FAKENHAM MEDICAL PRACTICE,C_130,Ophthalmology Service,4,19.5,
2026-05|NX505|C_999,2026-05,NX505,ANGLIA COMMUNITY EYE SERVICE - FAKENHAM MEDICAL PRACTICE,C_999,Total,4,19.5,
2026-05|NX507|C_130,2026-05,NX507,ANGLIA COMMUNITY EYE SERVICE - THETFORD HEALTHY LIVING CENTRE,C_130,Ophthalmology Service,267,5.2,
2026-05|NX507|C_999,2026-05,NX507,ANGLIA COMMUNITY EYE SERVICE - THETFORD HEALTHY LIVING CENTRE,C_999,Total,267,5.2,
2026-05|NXM01|C_110,2026-05,NXM01,THE HORDER CENTRE - ST JOHNS ROAD,C_110,Trauma and Orthopaedic Service,1297,16.9,
2026-05|NXM01|C_999,2026-05,NXM01,THE HORDER CENTRE - ST JOHNS ROAD,C_999,Total,1297,16.9,
2026-05|NXP|C_100,2026-05,NXP,INDEPENDENT HEALTH GROUP,C_100,General Surgery Service,297,4.3,
2026-05|NXP|C_101,2026-05,NXP,INDEPENDENT HEALTH GROUP,C_101,Urology Service,131,7.1,
2026-05|NXP|C_110,2026-05,NXP,INDEPENDENT HEALTH GROUP,C_110,Trauma and Orthopaedic Service,250,6.5,
2026-05|NXP|C_130,2026-05,NXP,INDEPENDENT HEALTH GROUP,C_130,Ophthalmology Service,309,3.4,
2026-05|NXP|C_999,2026-05,NXP,INDEPENDENT HEALTH GROUP,C_999,Total,987,4.7,
2026-05|NYG|C_330,2026-05,NYG,SUSSEX COMMUNITY DERMATOLOGY SERVICE,C_330,Dermatology Service,13952,6.9,
2026-05|NYG|C_999,2026-05,NYG,SUSSEX COMMUNITY DERMATOLOGY SERVICE,C_999,Total,13952,6.9,
2026-05|NYR|C_101,2026-05,NYR,CORA HEALTH DIAGNOSTICS (FORMERLY HEALTHSHARE DIAGNOSTICS),C_101,Urology Service,144,10.3,
2026-05|NYR|C_110,2026-05,NYR,CORA HEALTH DIAGNOSTICS (FORMERLY HEALTHSHARE DIAGNOSTICS),C_110,Trauma and Orthopaedic Service,361,11.9,
2026-05|NYR|C_130,2026-05,NYR,CORA HEALTH DIAGNOSTICS (FORMERLY HEALTHSHARE DIAGNOSTICS),C_130,Ophthalmology Service,26,13.0,
2026-05|NYR|C_160,2026-05,NYR,CORA HEALTH DIAGNOSTICS (FORMERLY HEALTHSHARE DIAGNOSTICS),C_160,Plastic Surgery Service,148,11.4,
2026-05|NYR|C_330,2026-05,NYR,CORA HEALTH DIAGNOSTICS (FORMERLY HEALTHSHARE DIAGNOSTICS),C_330,Dermatology Service,328,16.1,
2026-05|NYR|C_410,2026-05,NYR,CORA HEALTH DIAGNOSTICS (FORMERLY HEALTHSHARE DIAGNOSTICS),C_410,Rheumatology Service,82,10.7,
2026-05|NYR|C_502,2026-05,NYR,CORA HEALTH DIAGNOSTICS (FORMERLY HEALTHSHARE DIAGNOSTICS),C_502,Gynaecology Service,582,14.1,
2026-05|NYR|C_999,2026-05,NYR,CORA HEALTH DIAGNOSTICS (FORMERLY HEALTHSHARE DIAGNOSTICS),C_999,Total,1671,13.2,
2026-05|O1P6X|C_130,2026-05,O1P6X,SPAMEDICA OLDHAM,C_130,Ophthalmology Service,718,5.9,
2026-05|O1P6X|C_999,2026-05,O1P6X,SPAMEDICA OLDHAM,C_999,Total,718,5.9,
2026-05|O5Y9D|C_130,2026-05,O5Y9D,SPAMEDICA OXFORD,C_130,Ophthalmology Service,201,4.8,
2026-05|O5Y9D|C_999,2026-05,O5Y9D,SPAMEDICA OXFORD,C_999,Total,201,4.8,
2026-05|O6X7Z|C_130,2026-05,O6X7Z,SPAMEDICA CAMBRIDGE,C_130,Ophthalmology Service,488,5.8,
2026-05|O6X7Z|C_999,2026-05,O6X7Z,SPAMEDICA CAMBRIDGE,C_999,Total,488,5.8,
2026-05|O9Q4E|C_130,2026-05,O9Q4E,ANGLIA COMMUNITY EYE SERVICE - PETERBOROUGH,C_130,Ophthalmology Service,347,6.9,
2026-05|O9Q4E|C_999,2026-05,O9Q4E,ANGLIA COMMUNITY EYE SERVICE - PETERBOROUGH,C_999,Total,347,6.9,
2026-05|P0C3F|C_130,2026-05,P0C3F,SPAMEDICA LEEDS,C_130,Ophthalmology Service,382,6.7,
2026-05|P0C3F|C_999,2026-05,P0C3F,SPAMEDICA LEEDS,C_999,Total,382,6.7,
2026-05|P1B7M|C_130,2026-05,P1B7M,SPAMEDICA BRISTOL,C_130,Ophthalmology Service,304,3.8,
2026-05|P1B7M|C_999,2026-05,P1B7M,SPAMEDICA BRISTOL,C_999,Total,304,3.8,
2026-05|P1G3N|C_130,2026-05,P1G3N,ACES LEEDS WHITE ROSE,C_130,Ophthalmology Service,12,4.5,
2026-05|P1G3N|C_999,2026-05,P1G3N,ACES LEEDS WHITE ROSE,C_999,Total,12,4.5,
2026-05|P1N3Z|C_130,2026-05,P1N3Z,DEEPING SURGICAL,C_130,Ophthalmology Service,133,9.7,
2026-05|P1N3Z|C_999,2026-05,P1N3Z,DEEPING SURGICAL,C_999,Total,133,9.7,
2026-05|P5Y6K|C_130,2026-05,P5Y6K,NEWMEDICA - SHREWSBURY,C_130,Ophthalmology Service,457,8.0,
2026-05|P5Y6K|C_999,2026-05,P5Y6K,NEWMEDICA - SHREWSBURY,C_999,Total,457,8.0,
2026-05|Q1W6P|C_130,2026-05,Q1W6P,SPAMEDICA WATFORD,C_130,Ophthalmology Service,536,5.1,
2026-05|Q1W6P|C_999,2026-05,Q1W6P,SPAMEDICA WATFORD,C_999,Total,536,5.1,
2026-05|Q2Y5H|C_999,2026-05,Q2Y5H,OVIVA UK LTD,C_999,Total,8096,9.3,
2026-05|Q2Y5H|X02,2026-05,Q2Y5H,OVIVA UK LTD,X02,Other - Medical Services,8096,9.3,
2026-05|Q4W9A|C_130,2026-05,Q4W9A,ACES SOUTHAMPTON,C_130,Ophthalmology Service,42,5.8,
2026-05|Q4W9A|C_999,2026-05,Q4W9A,ACES SOUTHAMPTON,C_999,Total,42,5.8,
2026-05|Q6V1S|C_130,2026-05,Q6V1S,OPTEGRA EYE HOSPITAL SHEFFIELD,C_130,Ophthalmology Service,339,7.0,
2026-05|Q6V1S|C_999,2026-05,Q6V1S,OPTEGRA EYE HOSPITAL SHEFFIELD,C_999,Total,339,7.0,
2026-05|Q8X0X|C_130,2026-05,Q8X0X,SPAMEDICA ISLE OF WIGHT COMMUNITY DIAGNOSTIC & TREATMENT CENTRE,C_130,Ophthalmology Service,37,6.2,
2026-05|Q8X0X|C_999,2026-05,Q8X0X,SPAMEDICA ISLE OF WIGHT COMMUNITY DIAGNOSTIC & TREATMENT CENTRE,C_999,Total,37,6.2,
2026-05|R0A|C_100,2026-05,R0A,MANCHESTER UNIVERSITY NHS FOUNDATION TRUST,C_100,General Surgery Service,5274,15.0,
2026-05|R0A|C_101,2026-05,R0A,MANCHESTER UNIVERSITY NHS FOUNDATION TRUST,C_101,Urology Service,6459,15.6,
2026-05|R0A|C_110,2026-05,R0A,MANCHESTER UNIVERSITY NHS FOUNDATION TRUST,C_110,Trauma and Orthopaedic Service,12400,15.8,
2026-05|R0A|C_120,2026-05,R0A,MANCHESTER UNIVERSITY NHS FOUNDATION TRUST,C_120,Ear Nose and Throat Service,8867,15.0,
2026-05|R0A|C_130,2026-05,R0A,MANCHESTER UNIVERSITY NHS FOUNDATION TRUST,C_130,Ophthalmology Service,11587,11.6,
2026-05|R0A|C_140,2026-05,R0A,MANCHESTER UNIVERSITY NHS FOUNDATION TRUST,C_140,Oral Surgery Service,15894,16.2,
2026-05|R0A|C_160,2026-05,R0A,MANCHESTER UNIVERSITY NHS FOUNDATION TRUST,C_160,Plastic Surgery Service,4929,17.7,
2026-05|R0A|C_170,2026-05,R0A,MANCHESTER UNIVERSITY NHS FOUNDATION TRUST,C_170,Cardiothoracic Surgery Service,766,7.3,
2026-05|R0A|C_300,2026-05,R0A,MANCHESTER UNIVERSITY NHS FOUNDATION TRUST,C_300,General Internal Medicine Service,201,8.9,
2026-05|R0A|C_301,2026-05,R0A,MANCHESTER UNIVERSITY NHS FOUNDATION TRUST,C_301,Gastroenterology Service,7702,11.7,
2026-05|R0A|C_320,2026-05,R0A,MANCHESTER UNIVERSITY NHS FOUNDATION TRUST,C_320,Cardiology Service,8577,14.7,
2026-05|R0A|C_330,2026-05,R0A,MANCHESTER UNIVERSITY NHS FOUNDATION TRUST,C_330,Dermatology Service,1503,8.0,
2026-05|R0A|C_340,2026-05,R0A,MANCHESTER UNIVERSITY NHS FOUNDATION TRUST,C_340,Respiratory Medicine Service,3270,7.2,
2026-05|R0A|C_400,2026-05,R0A,MANCHESTER UNIVERSITY NHS FOUNDATION TRUST,C_400,Neurology Service,217,13.2,
2026-05|R0A|C_410,2026-05,R0A,MANCHESTER UNIVERSITY NHS FOUNDATION TRUST,C_410,Rheumatology Service,1066,6.1,
2026-05|R0A|C_430,2026-05,R0A,MANCHESTER UNIVERSITY NHS FOUNDATION TRUST,C_430,Elderly Medicine Service,695,13.8,
2026-05|R0A|C_502,2026-05,R0A,MANCHESTER UNIVERSITY NHS FOUNDATION TRUST,C_502,Gynaecology Service,18545,16.3,
2026-05|R0A|C_999,2026-05,R0A,MANCHESTER UNIVERSITY NHS FOUNDATION TRUST,C_999,Total,168762,13.3,
2026-05|R0A|X02,2026-05,R0A,MANCHESTER UNIVERSITY NHS FOUNDATION TRUST,X02,Other - Medical Services,23982,11.0,
2026-05|R0A|X03,2026-05,R0A,MANCHESTER UNIVERSITY NHS FOUNDATION TRUST,X03,Other - Mental Health Services,27,10.5,
2026-05|R0A|X04,2026-05,R0A,MANCHESTER UNIVERSITY NHS FOUNDATION TRUST,X04,Other - Paediatric Services,18450,15.2,
2026-05|R0A|X05,2026-05,R0A,MANCHESTER UNIVERSITY NHS FOUNDATION TRUST,X05,Other - Surgical Services,13775,10.7,
2026-05|R0A|X06,2026-05,R0A,MANCHESTER UNIVERSITY NHS FOUNDATION TRUST,X06,Other - Other Services,4576,9.8,
2026-05|R0B|C_100,2026-05,R0B,SOUTH TYNESIDE AND SUNDERLAND NHS FOUNDATION TRUST,C_100,General Surgery Service,4375,7.4,
2026-05|R0B|C_101,2026-05,R0B,SOUTH TYNESIDE AND SUNDERLAND NHS FOUNDATION TRUST,C_101,Urology Service,6227,12.2,
2026-05|R0B|C_110,2026-05,R0B,SOUTH TYNESIDE AND SUNDERLAND NHS FOUNDATION TRUST,C_110,Trauma and Orthopaedic Service,8308,15.0,
2026-05|R0B|C_120,2026-05,R0B,SOUTH TYNESIDE AND SUNDERLAND NHS FOUNDATION TRUST,C_120,Ear Nose and Throat Service,5210,8.5,
2026-05|R0B|C_130,2026-05,R0B,SOUTH TYNESIDE AND SUNDERLAND NHS FOUNDATION TRUST,C_130,Ophthalmology Service,8805,8.8,
2026-05|R0B|C_140,2026-05,R0B,SOUTH TYNESIDE AND SUNDERLAND NHS FOUNDATION TRUST,C_140,Oral Surgery Service,4919,12.7,
2026-05|R0B|C_301,2026-05,R0B,SOUTH TYNESIDE AND SUNDERLAND NHS FOUNDATION TRUST,C_301,Gastroenterology Service,1151,4.2,
2026-05|R0B|C_320,2026-05,R0B,SOUTH TYNESIDE AND SUNDERLAND NHS FOUNDATION TRUST,C_320,Cardiology Service,2200,7.0,
2026-05|R0B|C_340,2026-05,R0B,SOUTH TYNESIDE AND SUNDERLAND NHS FOUNDATION TRUST,C_340,Respiratory Medicine Service,2755,9.6,
2026-05|R0B|C_400,2026-05,R0B,SOUTH TYNESIDE AND SUNDERLAND NHS FOUNDATION TRUST,C_400,Neurology Service,1444,7.8,
2026-05|R0B|C_410,2026-05,R0B,SOUTH TYNESIDE AND SUNDERLAND NHS FOUNDATION TRUST,C_410,Rheumatology Service,1083,9.7,
2026-05|R0B|C_430,2026-05,R0B,SOUTH TYNESIDE AND SUNDERLAND NHS FOUNDATION TRUST,C_430,Elderly Medicine Service,1026,7.4,
2026-05|R0B|C_502,2026-05,R0B,SOUTH TYNESIDE AND SUNDERLAND NHS FOUNDATION TRUST,C_502,Gynaecology Service,3030,8.6,
2026-05|R0B|C_999,2026-05,R0B,SOUTH TYNESIDE AND SUNDERLAND NHS FOUNDATION TRUST,C_999,Total,58858,9.5,
2026-05|R0B|X02,2026-05,R0B,SOUTH TYNESIDE AND SUNDERLAND NHS FOUNDATION TRUST,X02,Other - Medical Services,1597,6.1,
2026-05|R0B|X04,2026-05,R0B,SOUTH TYNESIDE AND SUNDERLAND NHS FOUNDATION TRUST,X04,Other - Paediatric Services,3182,10.8,
2026-05|R0B|X05,2026-05,R0B,SOUTH TYNESIDE AND SUNDERLAND NHS FOUNDATION TRUST,X05,Other - Surgical Services,78,5.9,
2026-05|R0B|X06,2026-05,R0B,SOUTH TYNESIDE AND SUNDERLAND NHS FOUNDATION TRUST,X06,Other - Other Services,3468,3.7,
2026-05|R0D|C_100,2026-05,R0D,UNIVERSITY HOSPITALS DORSET NHS FOUNDATION TRUST,C_100,General Surgery Service,1019,4.0,
2026-05|R0D|C_101,2026-05,R0D,UNIVERSITY HOSPITALS DORSET NHS FOUNDATION TRUST,C_101,Urology Service,2694,10.3,
2026-05|R0D|C_110,2026-05,R0D,UNIVERSITY HOSPITALS DORSET NHS FOUNDATION TRUST,C_110,Trauma and Orthopaedic Service,8063,17.3,
2026-05|R0D|C_120,2026-05,R0D,UNIVERSITY HOSPITALS DORSET NHS FOUNDATION TRUST,C_120,Ear Nose and Throat Service,5684,14.2,
2026-05|R0D|C_130,2026-05,R0D,UNIVERSITY HOSPITALS DORSET NHS FOUNDATION TRUST,C_130,Ophthalmology Service,5420,11.2,
2026-05|R0D|C_140,2026-05,R0D,UNIVERSITY HOSPITALS DORSET NHS FOUNDATION TRUST,C_140,Oral Surgery Service,3148,15.9,
2026-05|R0D|C_300,2026-05,R0D,UNIVERSITY HOSPITALS DORSET NHS FOUNDATION TRUST,C_300,General Internal Medicine Service,161,3.7,
2026-05|R0D|C_301,2026-05,R0D,UNIVERSITY HOSPITALS DORSET NHS FOUNDATION TRUST,C_301,Gastroenterology Service,5158,9.7,
2026-05|R0D|C_320,2026-05,R0D,UNIVERSITY HOSPITALS DORSET NHS FOUNDATION TRUST,C_320,Cardiology Service,3914,10.0,
2026-05|R0D|C_330,2026-05,R0D,UNIVERSITY HOSPITALS DORSET NHS FOUNDATION TRUST,C_330,Dermatology Service,4477,11.8,
2026-05|R0D|C_340,2026-05,R0D,UNIVERSITY HOSPITALS DORSET NHS FOUNDATION TRUST,C_340,Respiratory Medicine Service,1587,13.5,
2026-05|R0D|C_400,2026-05,R0D,UNIVERSITY HOSPITALS DORSET NHS FOUNDATION TRUST,C_400,Neurology Service,2051,11.8,
2026-05|R0D|C_410,2026-05,R0D,UNIVERSITY HOSPITALS DORSET NHS FOUNDATION TRUST,C_410,Rheumatology Service,1348,9.1,
2026-05|R0D|C_430,2026-05,R0D,UNIVERSITY HOSPITALS DORSET NHS FOUNDATION TRUST,C_430,Elderly Medicine Service,808,9.0,
2026-05|R0D|C_502,2026-05,R0D,UNIVERSITY HOSPITALS DORSET NHS FOUNDATION TRUST,C_502,Gynaecology Service,6640,16.6,
2026-05|R0D|C_999,2026-05,R0D,UNIVERSITY HOSPITALS DORSET NHS FOUNDATION TRUST,C_999,Total,67497,12.2,
2026-05|R0D|X02,2026-05,R0D,UNIVERSITY HOSPITALS DORSET NHS FOUNDATION TRUST,X02,Other - Medical Services,3325,9.5,
2026-05|R0D|X04,2026-05,R0D,UNIVERSITY HOSPITALS DORSET NHS FOUNDATION TRUST,X04,Other - Paediatric Services,2923,12.0,
2026-05|R0D|X05,2026-05,R0D,UNIVERSITY HOSPITALS DORSET NHS FOUNDATION TRUST,X05,Other - Surgical Services,8574,12.8,
2026-05|R0D|X06,2026-05,R0D,UNIVERSITY HOSPITALS DORSET NHS FOUNDATION TRUST,X06,Other - Other Services,503,7.1,
2026-05|R0F4N|C_100,2026-05,R0F4N,NUFFIELD HEALTH PARKSIDE HOSPITAL,C_100,General Surgery Service,28,3.2,
2026-05|R0F4N|C_101,2026-05,R0F4N,NUFFIELD HEALTH PARKSIDE HOSPITAL,C_101,Urology Service,237,25.1,
2026-05|R0F4N|C_110,2026-05,R0F4N,NUFFIELD HEALTH PARKSIDE HOSPITAL,C_110,Trauma and Orthopaedic Service,388,7.9,
2026-05|R0F4N|C_120,2026-05,R0F4N,NUFFIELD HEALTH PARKSIDE HOSPITAL,C_120,Ear Nose and Throat Service,66,9.4,
2026-05|R0F4N|C_160,2026-05,R0F4N,NUFFIELD HEALTH PARKSIDE HOSPITAL,C_160,Plastic Surgery Service,68,14.2,
2026-05|R0F4N|C_999,2026-05,R0F4N,NUFFIELD HEALTH PARKSIDE HOSPITAL,C_999,Total,795,11.7,
2026-05|R0F4N|X02,2026-05,R0F4N,NUFFIELD HEALTH PARKSIDE HOSPITAL,X02,Other - Medical Services,2,3.0,
2026-05|R0F4N|X05,2026-05,R0F4N,NUFFIELD HEALTH PARKSIDE HOSPITAL,X05,Other - Surgical Services,5,44.5,
2026-05|R0F4N|X06,2026-05,R0F4N,NUFFIELD HEALTH PARKSIDE HOSPITAL,X06,Other - Other Services,1,104.5,
2026-05|R1A|C_110,2026-05,R1A,HEREFORDSHIRE AND WORCESTERSHIRE HEALTH AND CARE NHS TRUST,C_110,Trauma and Orthopaedic Service,22,5.5,
2026-05|R1A|C_999,2026-05,R1A,HEREFORDSHIRE AND WORCESTERSHIRE HEALTH AND CARE NHS TRUST,C_999,Total,22,5.5,
2026-05|R1D|C_100,2026-05,R1D,SHROPSHIRE COMMUNITY HEALTH NHS TRUST,C_100,General Surgery Service,40,8.0,
2026-05|R1D|C_110,2026-05,R1D,SHROPSHIRE COMMUNITY HEALTH NHS TRUST,C_110,Trauma and Orthopaedic Service,6973,9.8,
2026-05|R1D|C_120,2026-05,R1D,SHROPSHIRE COMMUNITY HEALTH NHS TRUST,C_120,Ear Nose and Throat Service,327,11.9,
2026-05|R1D|C_140,2026-05,R1D,SHROPSHIRE COMMUNITY HEALTH NHS TRUST,C_140,Oral Surgery Service,339,17.5,
2026-05|R1D|C_320,2026-05,R1D,SHROPSHIRE COMMUNITY HEALTH NHS TRUST,C_320,Cardiology Service,81,13.4,
2026-05|R1D|C_340,2026-05,R1D,SHROPSHIRE COMMUNITY HEALTH NHS TRUST,C_340,Respiratory Medicine Service,55,15.8,
2026-05|R1D|C_410,2026-05,R1D,SHROPSHIRE COMMUNITY HEALTH NHS TRUST,C_410,Rheumatology Service,22,11.0,
2026-05|R1D|C_502,2026-05,R1D,SHROPSHIRE COMMUNITY HEALTH NHS TRUST,C_502,Gynaecology Service,94,11.6,
2026-05|R1D|C_999,2026-05,R1D,SHROPSHIRE COMMUNITY HEALTH NHS TRUST,C_999,Total,7977,10.3,
2026-05|R1D|X04,2026-05,R1D,SHROPSHIRE COMMUNITY HEALTH NHS TRUST,X04,Other - Paediatric Services,46,10.8,
2026-05|R1F|C_100,2026-05,R1F,ISLE OF WIGHT NHS TRUST,C_100,General Surgery Service,714,17.6,
2026-05|R1F|C_101,2026-05,R1F,ISLE OF WIGHT NHS TRUST,C_101,Urology Service,386,5.4,
2026-05|R1F|C_110,2026-05,R1F,ISLE OF WIGHT NHS TRUST,C_110,Trauma and Orthopaedic Service,2134,19.9,
2026-05|R1F|C_120,2026-05,R1F,ISLE OF WIGHT NHS TRUST,C_120,Ear Nose and Throat Service,1064,14.6,
2026-05|R1F|C_130,2026-05,R1F,ISLE OF WIGHT NHS TRUST,C_130,Ophthalmology Service,2299,15.1,
2026-05|R1F|C_140,2026-05,R1F,ISLE OF WIGHT NHS TRUST,C_140,Oral Surgery Service,510,19.8,
2026-05|R1F|C_300,2026-05,R1F,ISLE OF WIGHT NHS TRUST,C_300,General Internal Medicine Service,8,1.8,
2026-05|R1F|C_301,2026-05,R1F,ISLE OF WIGHT NHS TRUST,C_301,Gastroenterology Service,796,11.2,
2026-05|R1F|C_320,2026-05,R1F,ISLE OF WIGHT NHS TRUST,C_320,Cardiology Service,911,17.7,
2026-05|R1F|C_340,2026-05,R1F,ISLE OF WIGHT NHS TRUST,C_340,Respiratory Medicine Service,271,9.7,
2026-05|R1F|C_400,2026-05,R1F,ISLE OF WIGHT NHS TRUST,C_400,Neurology Service,1,10.5,
2026-05|R1F|C_410,2026-05,R1F,ISLE OF WIGHT NHS TRUST,C_410,Rheumatology Service,611,7.1,
2026-05|R1F|C_430,2026-05,R1F,ISLE OF WIGHT NHS TRUST,C_430,Elderly Medicine Service,28,2.7,
2026-05|R1F|C_502,2026-05,R1F,ISLE OF WIGHT NHS TRUST,C_502,Gynaecology Service,898,7.6,
2026-05|R1F|C_999,2026-05,R1F,ISLE OF WIGHT NHS TRUST,C_999,Total,12762,12.4,
2026-05|R1F|X02,2026-05,R1F,ISLE OF WIGHT NHS TRUST,X02,Other - Medical Services,927,6.8,
2026-05|R1F|X03,2026-05,R1F,ISLE OF WIGHT NHS TRUST,X03,Other - Mental Health Services,7,9.5,
2026-05|R1F|X04,2026-05,R1F,ISLE OF WIGHT NHS TRUST,X04,Other - Paediatric Services,15,0.5,
2026-05|R1F|X05,2026-05,R1F,ISLE OF WIGHT NHS TRUST,X05,Other - Surgical Services,1126,8.7,
2026-05|R1F|X06,2026-05,R1F,ISLE OF WIGHT NHS TRUST,X06,Other - Other Services,56,5.0,
2026-05|R1G7E|C_130,2026-05,R1G7E,SPAMEDICA KENDAL,C_130,Ophthalmology Service,453,4.1,
2026-05|R1G7E|C_999,2026-05,R1G7E,SPAMEDICA KENDAL,C_999,Total,453,4.1,
2026-05|R1H|C_100,2026-05,R1H,BARTS HEALTH NHS TRUST,C_100,General Surgery Service,4634,13.4,
2026-05|R1H|C_101,2026-05,R1H,BARTS HEALTH NHS TRUST,C_101,Urology Service,6346,15.1,
2026-05|R1H|C_110,2026-05,R1H,BARTS HEALTH NHS TRUST,C_110,Trauma and Orthopaedic Service,8647,15.2,
2026-05|R1H|C_120,2026-05,R1H,BARTS HEALTH NHS TRUST,C_120,Ear Nose and Throat Service,6232,20.0,
2026-05|R1H|C_130,2026-05,R1H,BARTS HEALTH NHS TRUST,C_130,Ophthalmology Service,5917,11.8,
2026-05|R1H|C_140,2026-05,R1H,BARTS HEALTH NHS TRUST,C_140,Oral Surgery Service,3502,14.6,
2026-05|R1H|C_150,2026-05,R1H,BARTS HEALTH NHS TRUST,C_150,Neurosurgical Service,1588,15.1,
2026-05|R1H|C_160,2026-05,R1H,BARTS HEALTH NHS TRUST,C_160,Plastic Surgery Service,1220,16.9,
2026-05|R1H|C_170,2026-05,R1H,BARTS HEALTH NHS TRUST,C_170,Cardiothoracic Surgery Service,14,7.0,
2026-05|R1H|C_300,2026-05,R1H,BARTS HEALTH NHS TRUST,C_300,General Internal Medicine Service,80,15.8,
2026-05|R1H|C_301,2026-05,R1H,BARTS HEALTH NHS TRUST,C_301,Gastroenterology Service,7919,13.8,
2026-05|R1H|C_320,2026-05,R1H,BARTS HEALTH NHS TRUST,C_320,Cardiology Service,8733,10.0,
2026-05|R1H|C_330,2026-05,R1H,BARTS HEALTH NHS TRUST,C_330,Dermatology Service,7216,16.3,
2026-05|R1H|C_340,2026-05,R1H,BARTS HEALTH NHS TRUST,C_340,Respiratory Medicine Service,5406,12.6,
2026-05|R1H|C_400,2026-05,R1H,BARTS HEALTH NHS TRUST,C_400,Neurology Service,2870,15.5,
2026-05|R1H|C_410,2026-05,R1H,BARTS HEALTH NHS TRUST,C_410,Rheumatology Service,1195,8.8,
2026-05|R1H|C_430,2026-05,R1H,BARTS HEALTH NHS TRUST,C_430,Elderly Medicine Service,174,6.0,
2026-05|R1H|C_502,2026-05,R1H,BARTS HEALTH NHS TRUST,C_502,Gynaecology Service,8808,12.7,
2026-05|R1H|C_999,2026-05,R1H,BARTS HEALTH NHS TRUST,C_999,Total,121706,13.2,
2026-05|R1H|X02,2026-05,R1H,BARTS HEALTH NHS TRUST,X02,Other - Medical Services,19430,11.9,
2026-05|R1H|X04,2026-05,R1H,BARTS HEALTH NHS TRUST,X04,Other - Paediatric Services,9651,15.1,
2026-05|R1H|X05,2026-05,R1H,BARTS HEALTH NHS TRUST,X05,Other - Surgical Services,10950,10.5,
2026-05|R1H|X06,2026-05,R1H,BARTS HEALTH NHS TRUST,X06,Other - Other Services,1174,10.8,
2026-05|R1K|C_100,2026-05,R1K,LONDON NORTH WEST UNIVERSITY HEALTHCARE NHS TRUST,C_100,General Surgery Service,3403,13.9,
2026-05|R1K|C_101,2026-05,R1K,LONDON NORTH WEST UNIVERSITY HEALTHCARE NHS TRUST,C_101,Urology Service,4223,11.0,
2026-05|R1K|C_110,2026-05,R1K,LONDON NORTH WEST UNIVERSITY HEALTHCARE NHS TRUST,C_110,Trauma and Orthopaedic Service,6720,15.4,
2026-05|R1K|C_120,2026-05,R1K,LONDON NORTH WEST UNIVERSITY HEALTHCARE NHS TRUST,C_120,Ear Nose and Throat Service,8277,18.7,
2026-05|R1K|C_130,2026-05,R1K,LONDON NORTH WEST UNIVERSITY HEALTHCARE NHS TRUST,C_130,Ophthalmology Service,1540,6.7,
2026-05|R1K|C_140,2026-05,R1K,LONDON NORTH WEST UNIVERSITY HEALTHCARE NHS TRUST,C_140,Oral Surgery Service,8485,18.4,
2026-05|R1K|C_150,2026-05,R1K,LONDON NORTH WEST UNIVERSITY HEALTHCARE NHS TRUST,C_150,Neurosurgical Service,1,7.5,
2026-05|R1K|C_160,2026-05,R1K,LONDON NORTH WEST UNIVERSITY HEALTHCARE NHS TRUST,C_160,Plastic Surgery Service,22,13.8,
2026-05|R1K|C_300,2026-05,R1K,LONDON NORTH WEST UNIVERSITY HEALTHCARE NHS TRUST,C_300,General Internal Medicine Service,1,0.5,
2026-05|R1K|C_301,2026-05,R1K,LONDON NORTH WEST UNIVERSITY HEALTHCARE NHS TRUST,C_301,Gastroenterology Service,7085,13.4,
2026-05|R1K|C_320,2026-05,R1K,LONDON NORTH WEST UNIVERSITY HEALTHCARE NHS TRUST,C_320,Cardiology Service,5010,14.6,
2026-05|R1K|C_330,2026-05,R1K,LONDON NORTH WEST UNIVERSITY HEALTHCARE NHS TRUST,C_330,Dermatology Service,3702,17.9,
2026-05|R1K|C_340,2026-05,R1K,LONDON NORTH WEST UNIVERSITY HEALTHCARE NHS TRUST,C_340,Respiratory Medicine Service,3439,13.7,
2026-05|R1K|C_400,2026-05,R1K,LONDON NORTH WEST UNIVERSITY HEALTHCARE NHS TRUST,C_400,Neurology Service,1251,11.3,
2026-05|R1K|C_410,2026-05,R1K,LONDON NORTH WEST UNIVERSITY HEALTHCARE NHS TRUST,C_410,Rheumatology Service,862,4.5,
2026-05|R1K|C_430,2026-05,R1K,LONDON NORTH WEST UNIVERSITY HEALTHCARE NHS TRUST,C_430,Elderly Medicine Service,99,2.4,
2026-05|R1K|C_502,2026-05,R1K,LONDON NORTH WEST UNIVERSITY HEALTHCARE NHS TRUST,C_502,Gynaecology Service,5796,12.0,
2026-05|R1K|C_999,2026-05,R1K,LONDON NORTH WEST UNIVERSITY HEALTHCARE NHS TRUST,C_999,Total,82280,13.4,
2026-05|R1K|X02,2026-05,R1K,LONDON NORTH WEST UNIVERSITY HEALTHCARE NHS TRUST,X02,Other - Medical Services,11437,10.7,
2026-05|R1K|X03,2026-05,R1K,LONDON NORTH WEST UNIVERSITY HEALTHCARE NHS TRUST,X03,Other - Mental Health Services,8,4.0,
2026-05|R1K|X04,2026-05,R1K,LONDON NORTH WEST UNIVERSITY HEALTHCARE NHS TRUST,X04,Other - Paediatric Services,1539,9.5,
2026-05|R1K|X05,2026-05,R1K,LONDON NORTH WEST UNIVERSITY HEALTHCARE NHS TRUST,X05,Other - Surgical Services,9352,11.4,
2026-05|R1K|X06,2026-05,R1K,LONDON NORTH WEST UNIVERSITY HEALTHCARE NHS TRUST,X06,Other - Other Services,28,2.8,
2026-05|R5J3Z|C_130,2026-05,R5J3Z,BORDER HEALTH ALLIANCE LIMITED,C_130,Ophthalmology Service,641,11.4,
2026-05|R5J3Z|C_999,2026-05,R5J3Z,BORDER HEALTH ALLIANCE LIMITED,C_999,Total,641,11.4,
2026-05|R6B6E|C_130,2026-05,R6B6E,ACES DARLINGTON,C_130,Ophthalmology Service,1,6.5,
2026-05|R6B6E|C_999,2026-05,R6B6E,ACES DARLINGTON,C_999,Total,1,6.5,
2026-05|R6X7C|C_130,2026-05,R6X7C,SPAMEDICA MACCLESFIELD COMMUNITY DIAGNOSTIC & TREATMENT CENTRE,C_130,Ophthalmology Service,83,6.0,
2026-05|R6X7C|C_999,2026-05,R6X7C,SPAMEDICA MACCLESFIELD COMMUNITY DIAGNOSTIC & TREATMENT CENTRE,C_999,Total,83,6.0,
2026-05|R7W2O|C_130,2026-05,R7W2O,NEWCASTLE NEWMEDICA LTD,C_130,Ophthalmology Service,865,5.6,
2026-05|R7W2O|C_999,2026-05,R7W2O,NEWCASTLE NEWMEDICA LTD,C_999,Total,865,5.6,
2026-05|RA2|C_100,2026-05,RA2,ROYAL SURREY NHS FOUNDATION TRUST,C_100,General Surgery Service,2823,9.7,
2026-05|RA2|C_101,2026-05,RA2,ROYAL SURREY NHS FOUNDATION TRUST,C_101,Urology Service,1402,10.7,
2026-05|RA2|C_110,2026-05,RA2,ROYAL SURREY NHS FOUNDATION TRUST,C_110,Trauma and Orthopaedic Service,5728,15.5,
2026-05|RA2|C_120,2026-05,RA2,ROYAL SURREY NHS FOUNDATION TRUST,C_120,Ear Nose and Throat Service,3271,14.7,
2026-05|RA2|C_130,2026-05,RA2,ROYAL SURREY NHS FOUNDATION TRUST,C_130,Ophthalmology Service,2247,13.9,
2026-05|RA2|C_140,2026-05,RA2,ROYAL SURREY NHS FOUNDATION TRUST,C_140,Oral Surgery Service,3833,18.7,
2026-05|RA2|C_160,2026-05,RA2,ROYAL SURREY NHS FOUNDATION TRUST,C_160,Plastic Surgery Service,138,6.5,
2026-05|RA2|C_301,2026-05,RA2,ROYAL SURREY NHS FOUNDATION TRUST,C_301,Gastroenterology Service,1296,15.0,
2026-05|RA2|C_320,2026-05,RA2,ROYAL SURREY NHS FOUNDATION TRUST,C_320,Cardiology Service,1132,12.9,
2026-05|RA2|C_340,2026-05,RA2,ROYAL SURREY NHS FOUNDATION TRUST,C_340,Respiratory Medicine Service,461,10.0,
2026-05|RA2|C_400,2026-05,RA2,ROYAL SURREY NHS FOUNDATION TRUST,C_400,Neurology Service,741,14.2,
2026-05|RA2|C_410,2026-05,RA2,ROYAL SURREY NHS FOUNDATION TRUST,C_410,Rheumatology Service,304,5.2,
2026-05|RA2|C_502,2026-05,RA2,ROYAL SURREY NHS FOUNDATION TRUST,C_502,Gynaecology Service,2257,13.1,
2026-05|RA2|C_999,2026-05,RA2,ROYAL SURREY NHS FOUNDATION TRUST,C_999,Total,31101,12.7,
2026-05|RA2|X02,2026-05,RA2,ROYAL SURREY NHS FOUNDATION TRUST,X02,Other - Medical Services,3306,11.0,
2026-05|RA2|X04,2026-05,RA2,ROYAL SURREY NHS FOUNDATION TRUST,X04,Other - Paediatric Services,537,7.3,
2026-05|RA2|X05,2026-05,RA2,ROYAL SURREY NHS FOUNDATION TRUST,X05,Other - Surgical Services,765,6.6,
2026-05|RA2|X06,2026-05,RA2,ROYAL SURREY NHS FOUNDATION TRUST,X06,Other - Other Services,860,6.8,
2026-05|RA7|C_100,2026-05,RA7,UNIVERSITY HOSPITALS BRISTOL AND WESTON NHS FOUNDATION TRUST,C_100,General Surgery Service,108,6.5,
2026-05|RA7|C_110,2026-05,RA7,UNIVERSITY HOSPITALS BRISTOL AND WESTON NHS FOUNDATION TRUST,C_110,Trauma and Orthopaedic Service,1688,13.2,
2026-05|RA7|C_120,2026-05,RA7,UNIVERSITY HOSPITALS BRISTOL AND WESTON NHS FOUNDATION TRUST,C_120,Ear Nose and Throat Service,5266,11.7,
2026-05|RA7|C_130,2026-05,RA7,UNIVERSITY HOSPITALS BRISTOL AND WESTON NHS FOUNDATION TRUST,C_130,Ophthalmology Service,6903,8.1,
2026-05|RA7|C_140,2026-05,RA7,UNIVERSITY HOSPITALS BRISTOL AND WESTON NHS FOUNDATION TRUST,C_140,Oral Surgery Service,2639,12.5,
2026-05|RA7|C_170,2026-05,RA7,UNIVERSITY HOSPITALS BRISTOL AND WESTON NHS FOUNDATION TRUST,C_170,Cardiothoracic Surgery Service,386,13.0,
2026-05|RA7|C_300,2026-05,RA7,UNIVERSITY HOSPITALS BRISTOL AND WESTON NHS FOUNDATION TRUST,C_300,General Internal Medicine Service,1,10.5,
2026-05|RA7|C_301,2026-05,RA7,UNIVERSITY HOSPITALS BRISTOL AND WESTON NHS FOUNDATION TRUST,C_301,Gastroenterology Service,990,11.4,
2026-05|RA7|C_320,2026-05,RA7,UNIVERSITY HOSPITALS BRISTOL AND WESTON NHS FOUNDATION TRUST,C_320,Cardiology Service,4570,15.6,
2026-05|RA7|C_330,2026-05,RA7,UNIVERSITY HOSPITALS BRISTOL AND WESTON NHS FOUNDATION TRUST,C_330,Dermatology Service,2174,6.8,
2026-05|RA7|C_340,2026-05,RA7,UNIVERSITY HOSPITALS BRISTOL AND WESTON NHS FOUNDATION TRUST,C_340,Respiratory Medicine Service,1283,9.9,
2026-05|RA7|C_400,2026-05,RA7,UNIVERSITY HOSPITALS BRISTOL AND WESTON NHS FOUNDATION TRUST,C_400,Neurology Service,635,9.4,
2026-05|RA7|C_410,2026-05,RA7,UNIVERSITY HOSPITALS BRISTOL AND WESTON NHS FOUNDATION TRUST,C_410,Rheumatology Service,627,5.3,
2026-05|RA7|C_430,2026-05,RA7,UNIVERSITY HOSPITALS BRISTOL AND WESTON NHS FOUNDATION TRUST,C_430,Elderly Medicine Service,190,7.1,
2026-05|RA7|C_502,2026-05,RA7,UNIVERSITY HOSPITALS BRISTOL AND WESTON NHS FOUNDATION TRUST,C_502,Gynaecology Service,3671,13.4,
2026-05|RA7|C_999,2026-05,RA7,UNIVERSITY HOSPITALS BRISTOL AND WESTON NHS FOUNDATION TRUST,C_999,Total,50245,11.4,
2026-05|RA7|X02,2026-05,RA7,UNIVERSITY HOSPITALS BRISTOL AND WESTON NHS FOUNDATION TRUST,X02,Other - Medical Services,4849,9.6,
2026-05|RA7|X03,2026-05,RA7,UNIVERSITY HOSPITALS BRISTOL AND WESTON NHS FOUNDATION TRUST,X03,Other - Mental Health Services,30,4.0,
2026-05|RA7|X04,2026-05,RA7,UNIVERSITY HOSPITALS BRISTOL AND WESTON NHS FOUNDATION TRUST,X04,Other - Paediatric Services,9419,14.8,
2026-05|RA7|X05,2026-05,RA7,UNIVERSITY HOSPITALS BRISTOL AND WESTON NHS FOUNDATION TRUST,X05,Other - Surgical Services,4393,11.5,
2026-05|RA7|X06,2026-05,RA7,UNIVERSITY HOSPITALS BRISTOL AND WESTON NHS FOUNDATION TRUST,X06,Other - Other Services,423,2.4,
2026-05|RAE|C_100,2026-05,RAE,BRADFORD TEACHING HOSPITALS NHS FOUNDATION TRUST,C_100,General Surgery Service,347,14.4,
2026-05|RAE|C_101,2026-05,RAE,BRADFORD TEACHING HOSPITALS NHS FOUNDATION TRUST,C_101,Urology Service,1987,14.2,
2026-05|RAE|C_110,2026-05,RAE,BRADFORD TEACHING HOSPITALS NHS FOUNDATION TRUST,C_110,Trauma and Orthopaedic Service,1982,16.8,
2026-05|RAE|C_120,2026-05,RAE,BRADFORD TEACHING HOSPITALS NHS FOUNDATION TRUST,C_120,Ear Nose and Throat Service,3323,13.2,
2026-05|RAE|C_130,2026-05,RAE,BRADFORD TEACHING HOSPITALS NHS FOUNDATION TRUST,C_130,Ophthalmology Service,2295,10.3,
2026-05|RAE|C_140,2026-05,RAE,BRADFORD TEACHING HOSPITALS NHS FOUNDATION TRUST,C_140,Oral Surgery Service,1784,17.6,
2026-05|RAE|C_160,2026-05,RAE,BRADFORD TEACHING HOSPITALS NHS FOUNDATION TRUST,C_160,Plastic Surgery Service,962,14.3,
2026-05|RAE|C_300,2026-05,RAE,BRADFORD TEACHING HOSPITALS NHS FOUNDATION TRUST,C_300,General Internal Medicine Service,56,5.2,
2026-05|RAE|C_301,2026-05,RAE,BRADFORD TEACHING HOSPITALS NHS FOUNDATION TRUST,C_301,Gastroenterology Service,1209,10.2,
2026-05|RAE|C_320,2026-05,RAE,BRADFORD TEACHING HOSPITALS NHS FOUNDATION TRUST,C_320,Cardiology Service,929,9.4,
2026-05|RAE|C_330,2026-05,RAE,BRADFORD TEACHING HOSPITALS NHS FOUNDATION TRUST,C_330,Dermatology Service,1034,3.7,
2026-05|RAE|C_340,2026-05,RAE,BRADFORD TEACHING HOSPITALS NHS FOUNDATION TRUST,C_340,Respiratory Medicine Service,934,11.8,
2026-05|RAE|C_400,2026-05,RAE,BRADFORD TEACHING HOSPITALS NHS FOUNDATION TRUST,C_400,Neurology Service,1295,15.9,
2026-05|RAE|C_410,2026-05,RAE,BRADFORD TEACHING HOSPITALS NHS FOUNDATION TRUST,C_410,Rheumatology Service,446,7.2,
2026-05|RAE|C_430,2026-05,RAE,BRADFORD TEACHING HOSPITALS NHS FOUNDATION TRUST,C_430,Elderly Medicine Service,62,4.3,
2026-05|RAE|C_502,2026-05,RAE,BRADFORD TEACHING HOSPITALS NHS FOUNDATION TRUST,C_502,Gynaecology Service,2720,11.3,
2026-05|RAE|C_999,2026-05,RAE,BRADFORD TEACHING HOSPITALS NHS FOUNDATION TRUST,C_999,Total,31525,11.6,
2026-05|RAE|X02,2026-05,RAE,BRADFORD TEACHING HOSPITALS NHS FOUNDATION TRUST,X02,Other - Medical Services,4300,11.7,
2026-05|RAE|X04,2026-05,RAE,BRADFORD TEACHING HOSPITALS NHS FOUNDATION TRUST,X04,Other - Paediatric Services,1888,11.8,
2026-05|RAE|X05,2026-05,RAE,BRADFORD TEACHING HOSPITALS NHS FOUNDATION TRUST,X05,Other - Surgical Services,3475,8.1,
2026-05|RAE|X06,2026-05,RAE,BRADFORD TEACHING HOSPITALS NHS FOUNDATION TRUST,X06,Other - Other Services,497,7.0,
2026-05|RAJ|C_100,2026-05,RAJ,MID AND SOUTH ESSEX NHS FOUNDATION TRUST,C_100,General Surgery Service,9308,18.5,
2026-05|RAJ|C_101,2026-05,RAJ,MID AND SOUTH ESSEX NHS FOUNDATION TRUST,C_101,Urology Service,10945,17.6,
2026-05|RAJ|C_110,2026-05,RAJ,MID AND SOUTH ESSEX NHS FOUNDATION TRUST,C_110,Trauma and Orthopaedic Service,14678,28.7,
2026-05|RAJ|C_120,2026-05,RAJ,MID AND SOUTH ESSEX NHS FOUNDATION TRUST,C_120,Ear Nose and Throat Service,16108,26.2,
2026-05|RAJ|C_130,2026-05,RAJ,MID AND SOUTH ESSEX NHS FOUNDATION TRUST,C_130,Ophthalmology Service,13356,14.4,
2026-05|RAJ|C_140,2026-05,RAJ,MID AND SOUTH ESSEX NHS FOUNDATION TRUST,C_140,Oral Surgery Service,6992,28.0,
2026-05|RAJ|C_150,2026-05,RAJ,MID AND SOUTH ESSEX NHS FOUNDATION TRUST,C_150,Neurosurgical Service,62,28.0,
2026-05|RAJ|C_160,2026-05,RAJ,MID AND SOUTH ESSEX NHS FOUNDATION TRUST,C_160,Plastic Surgery Service,6309,20.8,
2026-05|RAJ|C_170,2026-05,RAJ,MID AND SOUTH ESSEX NHS FOUNDATION TRUST,C_170,Cardiothoracic Surgery Service,2,4.0,
2026-05|RAJ|C_300,2026-05,RAJ,MID AND SOUTH ESSEX NHS FOUNDATION TRUST,C_300,General Internal Medicine Service,2446,11.8,
2026-05|RAJ|C_301,2026-05,RAJ,MID AND SOUTH ESSEX NHS FOUNDATION TRUST,C_301,Gastroenterology Service,9825,16.6,
2026-05|RAJ|C_320,2026-05,RAJ,MID AND SOUTH ESSEX NHS FOUNDATION TRUST,C_320,Cardiology Service,11131,11.8,
2026-05|RAJ|C_330,2026-05,RAJ,MID AND SOUTH ESSEX NHS FOUNDATION TRUST,C_330,Dermatology Service,10169,23.7,
2026-05|RAJ|C_340,2026-05,RAJ,MID AND SOUTH ESSEX NHS FOUNDATION TRUST,C_340,Respiratory Medicine Service,4294,13.1,
2026-05|RAJ|C_400,2026-05,RAJ,MID AND SOUTH ESSEX NHS FOUNDATION TRUST,C_400,Neurology Service,5640,17.8,
2026-05|RAJ|C_410,2026-05,RAJ,MID AND SOUTH ESSEX NHS FOUNDATION TRUST,C_410,Rheumatology Service,2441,16.5,
2026-05|RAJ|C_430,2026-05,RAJ,MID AND SOUTH ESSEX NHS FOUNDATION TRUST,C_430,Elderly Medicine Service,646,9.7,
2026-05|RAJ|C_502,2026-05,RAJ,MID AND SOUTH ESSEX NHS FOUNDATION TRUST,C_502,Gynaecology Service,15105,17.1,
2026-05|RAJ|C_999,2026-05,RAJ,MID AND SOUTH ESSEX NHS FOUNDATION TRUST,C_999,Total,171496,17.9,
2026-05|RAJ|X02,2026-05,RAJ,MID AND SOUTH ESSEX NHS FOUNDATION TRUST,X02,Other - Medical Services,16373,15.2,
2026-05|RAJ|X03,2026-05,RAJ,MID AND SOUTH ESSEX NHS FOUNDATION TRUST,X03,Other - Mental Health Services,1,25.5,
2026-05|RAJ|X04,2026-05,RAJ,MID AND SOUTH ESSEX NHS FOUNDATION TRUST,X04,Other - Paediatric Services,5047,19.9,
2026-05|RAJ|X05,2026-05,RAJ,MID AND SOUTH ESSEX NHS FOUNDATION TRUST,X05,Other - Surgical Services,7454,13.8,
2026-05|RAJ|X06,2026-05,RAJ,MID AND SOUTH ESSEX NHS FOUNDATION TRUST,X06,Other - Other Services,3164,10.7,
2026-05|RAL|C_100,2026-05,RAL,ROYAL FREE LONDON NHS FOUNDATION TRUST,C_100,General Surgery Service,4306,21.8,
2026-05|RAL|C_101,2026-05,RAL,ROYAL FREE LONDON NHS FOUNDATION TRUST,C_101,Urology Service,8892,16.2,
2026-05|RAL|C_110,2026-05,RAL,ROYAL FREE LONDON NHS FOUNDATION TRUST,C_110,Trauma and Orthopaedic Service,10778,18.6,
2026-05|RAL|C_120,2026-05,RAL,ROYAL FREE LONDON NHS FOUNDATION TRUST,C_120,Ear Nose and Throat Service,10363,14.7,
2026-05|RAL|C_130,2026-05,RAL,ROYAL FREE LONDON NHS FOUNDATION TRUST,C_130,Ophthalmology Service,7186,12.5,
2026-05|RAL|C_140,2026-05,RAL,ROYAL FREE LONDON NHS FOUNDATION TRUST,C_140,Oral Surgery Service,4966,14.5,
2026-05|RAL|C_150,2026-05,RAL,ROYAL FREE LONDON NHS FOUNDATION TRUST,C_150,Neurosurgical Service,1,29.5,
2026-05|RAL|C_160,2026-05,RAL,ROYAL FREE LONDON NHS FOUNDATION TRUST,C_160,Plastic Surgery Service,3022,13.2,
2026-05|RAL|C_300,2026-05,RAL,ROYAL FREE LONDON NHS FOUNDATION TRUST,C_300,General Internal Medicine Service,298,9.5,
2026-05|RAL|C_301,2026-05,RAL,ROYAL FREE LONDON NHS FOUNDATION TRUST,C_301,Gastroenterology Service,7870,12.1,
2026-05|RAL|C_320,2026-05,RAL,ROYAL FREE LONDON NHS FOUNDATION TRUST,C_320,Cardiology Service,9006,13.9,
2026-05|RAL|C_330,2026-05,RAL,ROYAL FREE LONDON NHS FOUNDATION TRUST,C_330,Dermatology Service,9334,9.1,
2026-05|RAL|C_340,2026-05,RAL,ROYAL FREE LONDON NHS FOUNDATION TRUST,C_340,Respiratory Medicine Service,6009,11.8,
2026-05|RAL|C_400,2026-05,RAL,ROYAL FREE LONDON NHS FOUNDATION TRUST,C_400,Neurology Service,5833,14.3,
2026-05|RAL|C_410,2026-05,RAL,ROYAL FREE LONDON NHS FOUNDATION TRUST,C_410,Rheumatology Service,3073,15.0,
2026-05|RAL|C_430,2026-05,RAL,ROYAL FREE LONDON NHS FOUNDATION TRUST,C_430,Elderly Medicine Service,116,5.8,
2026-05|RAL|C_502,2026-05,RAL,ROYAL FREE LONDON NHS FOUNDATION TRUST,C_502,Gynaecology Service,8734,13.1,
2026-05|RAL|C_999,2026-05,RAL,ROYAL FREE LONDON NHS FOUNDATION TRUST,C_999,Total,139283,13.3,
2026-05|RAL|X02,2026-05,RAL,ROYAL FREE LONDON NHS FOUNDATION TRUST,X02,Other - Medical Services,17676,10.6,
2026-05|RAL|X03,2026-05,RAL,ROYAL FREE LONDON NHS FOUNDATION TRUST,X03,Other - Mental Health Services,4,11.3,
2026-05|RAL|X04,2026-05,RAL,ROYAL FREE LONDON NHS FOUNDATION TRUST,X04,Other - Paediatric Services,5821,15.1,
2026-05|RAL|X05,2026-05,RAL,ROYAL FREE LONDON NHS FOUNDATION TRUST,X05,Other - Surgical Services,14716,13.2,
2026-05|RAL|X06,2026-05,RAL,ROYAL FREE LONDON NHS FOUNDATION TRUST,X06,Other - Other Services,1279,11.5,
2026-05|RAN|C_101,2026-05,RAN,ROYAL NATIONAL ORTHOPAEDIC HOSPITAL NHS TRUST,C_101,Urology Service,118,6.9,
2026-05|RAN|C_110,2026-05,RAN,ROYAL NATIONAL ORTHOPAEDIC HOSPITAL NHS TRUST,C_110,Trauma and Orthopaedic Service,4465,10.1,
2026-05|RAN|C_160,2026-05,RAN,ROYAL NATIONAL ORTHOPAEDIC HOSPITAL NHS TRUST,C_160,Plastic Surgery Service,2,1.0,
2026-05|RAN|C_301,2026-05,RAN,ROYAL NATIONAL ORTHOPAEDIC HOSPITAL NHS TRUST,C_301,Gastroenterology Service,4,1.7,
2026-05|RAN|C_410,2026-05,RAN,ROYAL NATIONAL ORTHOPAEDIC HOSPITAL NHS TRUST,C_410,Rheumatology Service,450,7.9,
2026-05|RAN|C_999,2026-05,RAN,ROYAL NATIONAL ORTHOPAEDIC HOSPITAL NHS TRUST,C_999,Total,8800,9.8,
2026-05|RAN|X02,2026-05,RAN,ROYAL NATIONAL ORTHOPAEDIC HOSPITAL NHS TRUST,X02,Other - Medical Services,745,9.4,
2026-05|RAN|X03,2026-05,RAN,ROYAL NATIONAL ORTHOPAEDIC HOSPITAL NHS TRUST,X03,Other - Mental Health Services,15,2.5,
2026-05|RAN|X04,2026-05,RAN,ROYAL NATIONAL ORTHOPAEDIC HOSPITAL NHS TRUST,X04,Other - Paediatric Services,590,6.8,
2026-05|RAN|X05,2026-05,RAN,ROYAL NATIONAL ORTHOPAEDIC HOSPITAL NHS TRUST,X05,Other - Surgical Services,2107,12.0,
2026-05|RAN|X06,2026-05,RAN,ROYAL NATIONAL ORTHOPAEDIC HOSPITAL NHS TRUST,X06,Other - Other Services,304,4.8,
2026-05|RAS|C_100,2026-05,RAS,THE HILLINGDON HOSPITALS NHS FOUNDATION TRUST,C_100,General Surgery Service,1344,13.8,
2026-05|RAS|C_101,2026-05,RAS,THE HILLINGDON HOSPITALS NHS FOUNDATION TRUST,C_101,Urology Service,2099,15.5,
2026-05|RAS|C_110,2026-05,RAS,THE HILLINGDON HOSPITALS NHS FOUNDATION TRUST,C_110,Trauma and Orthopaedic Service,5539,14.3,
2026-05|RAS|C_120,2026-05,RAS,THE HILLINGDON HOSPITALS NHS FOUNDATION TRUST,C_120,Ear Nose and Throat Service,3573,19.6,
2026-05|RAS|C_130,2026-05,RAS,THE HILLINGDON HOSPITALS NHS FOUNDATION TRUST,C_130,Ophthalmology Service,2989,10.0,
2026-05|RAS|C_140,2026-05,RAS,THE HILLINGDON HOSPITALS NHS FOUNDATION TRUST,C_140,Oral Surgery Service,2289,16.0,
2026-05|RAS|C_160,2026-05,RAS,THE HILLINGDON HOSPITALS NHS FOUNDATION TRUST,C_160,Plastic Surgery Service,23,12.2,
2026-05|RAS|C_300,2026-05,RAS,THE HILLINGDON HOSPITALS NHS FOUNDATION TRUST,C_300,General Internal Medicine Service,3,3.5,
2026-05|RAS|C_301,2026-05,RAS,THE HILLINGDON HOSPITALS NHS FOUNDATION TRUST,C_301,Gastroenterology Service,1086,11.2,
2026-05|RAS|C_320,2026-05,RAS,THE HILLINGDON HOSPITALS NHS FOUNDATION TRUST,C_320,Cardiology Service,2240,18.2,
2026-05|RAS|C_330,2026-05,RAS,THE HILLINGDON HOSPITALS NHS FOUNDATION TRUST,C_330,Dermatology Service,996,5.9,
2026-05|RAS|C_340,2026-05,RAS,THE HILLINGDON HOSPITALS NHS FOUNDATION TRUST,C_340,Respiratory Medicine Service,1025,11.4,
2026-05|RAS|C_400,2026-05,RAS,THE HILLINGDON HOSPITALS NHS FOUNDATION TRUST,C_400,Neurology Service,542,11.2,
2026-05|RAS|C_410,2026-05,RAS,THE HILLINGDON HOSPITALS NHS FOUNDATION TRUST,C_410,Rheumatology Service,574,12.0,
2026-05|RAS|C_430,2026-05,RAS,THE HILLINGDON HOSPITALS NHS FOUNDATION TRUST,C_430,Elderly Medicine Service,91,4.9,
2026-05|RAS|C_502,2026-05,RAS,THE HILLINGDON HOSPITALS NHS FOUNDATION TRUST,C_502,Gynaecology Service,1416,5.5,
2026-05|RAS|C_999,2026-05,RAS,THE HILLINGDON HOSPITALS NHS FOUNDATION TRUST,C_999,Total,33233,13.2,
2026-05|RAS|X02,2026-05,RAS,THE HILLINGDON HOSPITALS NHS FOUNDATION TRUST,X02,Other - Medical Services,3968,12.3,
2026-05|RAS|X04,2026-05,RAS,THE HILLINGDON HOSPITALS NHS FOUNDATION TRUST,X04,Other - Paediatric Services,1035,9.4,
2026-05|RAS|X05,2026-05,RAS,THE HILLINGDON HOSPITALS NHS FOUNDATION TRUST,X05,Other - Surgical Services,2019,14.9,
2026-05|RAS|X06,2026-05,RAS,THE HILLINGDON HOSPITALS NHS FOUNDATION TRUST,X06,Other - Other Services,382,6.8,
2026-05|RAX|C_100,2026-05,RAX,KINGSTON AND RICHMOND NHS FOUNDATION TRUST,C_100,General Surgery Service,1372,16.4,
2026-05|RAX|C_101,2026-05,RAX,KINGSTON AND RICHMOND NHS FOUNDATION TRUST,C_101,Urology Service,1735,8.6,
2026-05|RAX|C_110,2026-05,RAX,KINGSTON AND RICHMOND NHS FOUNDATION TRUST,C_110,Trauma and Orthopaedic Service,3316,17.2,
2026-05|RAX|C_120,2026-05,RAX,KINGSTON AND RICHMOND NHS FOUNDATION TRUST,C_120,Ear Nose and Throat Service,3898,13.1,
2026-05|RAX|C_130,2026-05,RAX,KINGSTON AND RICHMOND NHS FOUNDATION TRUST,C_130,Ophthalmology Service,4693,8.8,
2026-05|RAX|C_140,2026-05,RAX,KINGSTON AND RICHMOND NHS FOUNDATION TRUST,C_140,Oral Surgery Service,1173,10.9,
2026-05|RAX|C_160,2026-05,RAX,KINGSTON AND RICHMOND NHS FOUNDATION TRUST,C_160,Plastic Surgery Service,260,7.4,
2026-05|RAX|C_300,2026-05,RAX,KINGSTON AND RICHMOND NHS FOUNDATION TRUST,C_300,General Internal Medicine Service,438,18.6,
2026-05|RAX|C_301,2026-05,RAX,KINGSTON AND RICHMOND NHS FOUNDATION TRUST,C_301,Gastroenterology Service,2828,16.2,
2026-05|RAX|C_320,2026-05,RAX,KINGSTON AND RICHMOND NHS FOUNDATION TRUST,C_320,Cardiology Service,2275,10.8,
2026-05|RAX|C_330,2026-05,RAX,KINGSTON AND RICHMOND NHS FOUNDATION TRUST,C_330,Dermatology Service,3312,16.8,
2026-05|RAX|C_340,2026-05,RAX,KINGSTON AND RICHMOND NHS FOUNDATION TRUST,C_340,Respiratory Medicine Service,682,11.1,
2026-05|RAX|C_400,2026-05,RAX,KINGSTON AND RICHMOND NHS FOUNDATION TRUST,C_400,Neurology Service,882,8.0,
2026-05|RAX|C_410,2026-05,RAX,KINGSTON AND RICHMOND NHS FOUNDATION TRUST,C_410,Rheumatology Service,429,3.0,
2026-05|RAX|C_430,2026-05,RAX,KINGSTON AND RICHMOND NHS FOUNDATION TRUST,C_430,Elderly Medicine Service,17,4.1,
2026-05|RAX|C_502,2026-05,RAX,KINGSTON AND RICHMOND NHS FOUNDATION TRUST,C_502,Gynaecology Service,4188,10.4,
2026-05|RAX|C_999,2026-05,RAX,KINGSTON AND RICHMOND NHS FOUNDATION TRUST,C_999,Total,40333,11.8,
2026-05|RAX|X02,2026-05,RAX,KINGSTON AND RICHMOND NHS FOUNDATION TRUST,X02,Other - Medical Services,1287,7.6,
2026-05|RAX|X04,2026-05,RAX,KINGSTON AND RICHMOND NHS FOUNDATION TRUST,X04,Other - Paediatric Services,1446,11.5,
2026-05|RAX|X05,2026-05,RAX,KINGSTON AND RICHMOND NHS FOUNDATION TRUST,X05,Other - Surgical Services,6067,12.3,
2026-05|RAX|X06,2026-05,RAX,KINGSTON AND RICHMOND NHS FOUNDATION TRUST,X06,Other - Other Services,35,8.8,
2026-05|RBD|C_100,2026-05,RBD,DORSET COUNTY HOSPITAL NHS FOUNDATION TRUST,C_100,General Surgery Service,1255,17.7,
2026-05|RBD|C_101,2026-05,RBD,DORSET COUNTY HOSPITAL NHS FOUNDATION TRUST,C_101,Urology Service,1355,12.8,
2026-05|RBD|C_110,2026-05,RBD,DORSET COUNTY HOSPITAL NHS FOUNDATION TRUST,C_110,Trauma and Orthopaedic Service,3554,21.1,
2026-05|RBD|C_120,2026-05,RBD,DORSET COUNTY HOSPITAL NHS FOUNDATION TRUST,C_120,Ear Nose and Throat Service,2999,16.3,
2026-05|RBD|C_130,2026-05,RBD,DORSET COUNTY HOSPITAL NHS FOUNDATION TRUST,C_130,Ophthalmology Service,2281,9.7,
2026-05|RBD|C_140,2026-05,RBD,DORSET COUNTY HOSPITAL NHS FOUNDATION TRUST,C_140,Oral Surgery Service,1644,15.2,
2026-05|RBD|C_300,2026-05,RBD,DORSET COUNTY HOSPITAL NHS FOUNDATION TRUST,C_300,General Internal Medicine Service,11,8.5,
2026-05|RBD|C_301,2026-05,RBD,DORSET COUNTY HOSPITAL NHS FOUNDATION TRUST,C_301,Gastroenterology Service,963,10.5,
2026-05|RBD|C_320,2026-05,RBD,DORSET COUNTY HOSPITAL NHS FOUNDATION TRUST,C_320,Cardiology Service,1711,14.9,
2026-05|RBD|C_330,2026-05,RBD,DORSET COUNTY HOSPITAL NHS FOUNDATION TRUST,C_330,Dermatology Service,1374,12.9,
2026-05|RBD|C_340,2026-05,RBD,DORSET COUNTY HOSPITAL NHS FOUNDATION TRUST,C_340,Respiratory Medicine Service,352,10.4,
2026-05|RBD|C_430,2026-05,RBD,DORSET COUNTY HOSPITAL NHS FOUNDATION TRUST,C_430,Elderly Medicine Service,76,13.0,
2026-05|RBD|C_502,2026-05,RBD,DORSET COUNTY HOSPITAL NHS FOUNDATION TRUST,C_502,Gynaecology Service,1404,12.6,
2026-05|RBD|C_999,2026-05,RBD,DORSET COUNTY HOSPITAL NHS FOUNDATION TRUST,C_999,Total,22351,13.9,
2026-05|RBD|X02,2026-05,RBD,DORSET COUNTY HOSPITAL NHS FOUNDATION TRUST,X02,Other - Medical Services,1626,11.4,
2026-05|RBD|X04,2026-05,RBD,DORSET COUNTY HOSPITAL NHS FOUNDATION TRUST,X04,Other - Paediatric Services,282,16.6,
2026-05|RBD|X05,2026-05,RBD,DORSET COUNTY HOSPITAL NHS FOUNDATION TRUST,X05,Other - Surgical Services,1464,7.9,
2026-05|RBK|C_100,2026-05,RBK,WALSALL HEALTHCARE NHS TRUST,C_100,General Surgery Service,1768,15.8,
2026-05|RBK|C_110,2026-05,RBK,WALSALL HEALTHCARE NHS TRUST,C_110,Trauma and Orthopaedic Service,3753,12.5,
2026-05|RBK|C_120,2026-05,RBK,WALSALL HEALTHCARE NHS TRUST,C_120,Ear Nose and Throat Service,2735,12.1,
2026-05|RBK|C_130,2026-05,RBK,WALSALL HEALTHCARE NHS TRUST,C_130,Ophthalmology Service,889,6.2,
2026-05|RBK|C_140,2026-05,RBK,WALSALL HEALTHCARE NHS TRUST,C_140,Oral Surgery Service,2099,14.0,
2026-05|RBK|C_301,2026-05,RBK,WALSALL HEALTHCARE NHS TRUST,C_301,Gastroenterology Service,1079,9.3,
2026-05|RBK|C_320,2026-05,RBK,WALSALL HEALTHCARE NHS TRUST,C_320,Cardiology Service,1868,7.8,
2026-05|RBK|C_330,2026-05,RBK,WALSALL HEALTHCARE NHS TRUST,C_330,Dermatology Service,1085,9.8,
2026-05|RBK|C_340,2026-05,RBK,WALSALL HEALTHCARE NHS TRUST,C_340,Respiratory Medicine Service,766,7.9,
2026-05|RBK|C_400,2026-05,RBK,WALSALL HEALTHCARE NHS TRUST,C_400,Neurology Service,620,7.1,
2026-05|RBK|C_410,2026-05,RBK,WALSALL HEALTHCARE NHS TRUST,C_410,Rheumatology Service,908,12.5,
2026-05|RBK|C_430,2026-05,RBK,WALSALL HEALTHCARE NHS TRUST,C_430,Elderly Medicine Service,197,5.6,
2026-05|RBK|C_502,2026-05,RBK,WALSALL HEALTHCARE NHS TRUST,C_502,Gynaecology Service,2391,9.8,
2026-05|RBK|C_999,2026-05,RBK,WALSALL HEALTHCARE NHS TRUST,C_999,Total,27784,10.1,
2026-05|RBK|X02,2026-05,RBK,WALSALL HEALTHCARE NHS TRUST,X02,Other - Medical Services,2528,12.7,
2026-05|RBK|X04,2026-05,RBK,WALSALL HEALTHCARE NHS TRUST,X04,Other - Paediatric Services,3043,7.1,
2026-05|RBK|X05,2026-05,RBK,WALSALL HEALTHCARE NHS TRUST,X05,Other - Surgical Services,1905,8.7,
2026-05|RBK|X06,2026-05,RBK,WALSALL HEALTHCARE NHS TRUST,X06,Other - Other Services,150,6.9,
2026-05|RBL|C_100,2026-05,RBL,WIRRAL UNIVERSITY TEACHING HOSPITAL NHS FOUNDATION TRUST,C_100,General Surgery Service,453,10.8,
2026-05|RBL|C_101,2026-05,RBL,WIRRAL UNIVERSITY TEACHING HOSPITAL NHS FOUNDATION TRUST,C_101,Urology Service,2244,9.9,
2026-05|RBL|C_110,2026-05,RBL,WIRRAL UNIVERSITY TEACHING HOSPITAL NHS FOUNDATION TRUST,C_110,Trauma and Orthopaedic Service,2539,17.9,
2026-05|RBL|C_120,2026-05,RBL,WIRRAL UNIVERSITY TEACHING HOSPITAL NHS FOUNDATION TRUST,C_120,Ear Nose and Throat Service,4045,15.3,
2026-05|RBL|C_130,2026-05,RBL,WIRRAL UNIVERSITY TEACHING HOSPITAL NHS FOUNDATION TRUST,C_130,Ophthalmology Service,3454,14.0,
2026-05|RBL|C_140,2026-05,RBL,WIRRAL UNIVERSITY TEACHING HOSPITAL NHS FOUNDATION TRUST,C_140,Oral Surgery Service,2686,18.1,
2026-05|RBL|C_300,2026-05,RBL,WIRRAL UNIVERSITY TEACHING HOSPITAL NHS FOUNDATION TRUST,C_300,General Internal Medicine Service,58,3.6,
2026-05|RBL|C_301,2026-05,RBL,WIRRAL UNIVERSITY TEACHING HOSPITAL NHS FOUNDATION TRUST,C_301,Gastroenterology Service,3176,12.3,
2026-05|RBL|C_320,2026-05,RBL,WIRRAL UNIVERSITY TEACHING HOSPITAL NHS FOUNDATION TRUST,C_320,Cardiology Service,1399,11.7,
2026-05|RBL|C_330,2026-05,RBL,WIRRAL UNIVERSITY TEACHING HOSPITAL NHS FOUNDATION TRUST,C_330,Dermatology Service,3154,12.9,
2026-05|RBL|C_340,2026-05,RBL,WIRRAL UNIVERSITY TEACHING HOSPITAL NHS FOUNDATION TRUST,C_340,Respiratory Medicine Service,3709,14.6,
2026-05|RBL|C_410,2026-05,RBL,WIRRAL UNIVERSITY TEACHING HOSPITAL NHS FOUNDATION TRUST,C_410,Rheumatology Service,1243,17.4,
2026-05|RBL|C_430,2026-05,RBL,WIRRAL UNIVERSITY TEACHING HOSPITAL NHS FOUNDATION TRUST,C_430,Elderly Medicine Service,162,5.5,
2026-05|RBL|C_502,2026-05,RBL,WIRRAL UNIVERSITY TEACHING HOSPITAL NHS FOUNDATION TRUST,C_502,Gynaecology Service,2949,13.3,
2026-05|RBL|C_999,2026-05,RBL,WIRRAL UNIVERSITY TEACHING HOSPITAL NHS FOUNDATION TRUST,C_999,Total,45415,12.1,
2026-05|RBL|X02,2026-05,RBL,WIRRAL UNIVERSITY TEACHING HOSPITAL NHS FOUNDATION TRUST,X02,Other - Medical Services,3773,10.3,
2026-05|RBL|X04,2026-05,RBL,WIRRAL UNIVERSITY TEACHING HOSPITAL NHS FOUNDATION TRUST,X04,Other - Paediatric Services,2386,9.3,
2026-05|RBL|X05,2026-05,RBL,WIRRAL UNIVERSITY TEACHING HOSPITAL NHS FOUNDATION TRUST,X05,Other - Surgical Services,4095,11.8,
2026-05|RBL|X06,2026-05,RBL,WIRRAL UNIVERSITY TEACHING HOSPITAL NHS FOUNDATION TRUST,X06,Other - Other Services,3890,6.2,
2026-05|RBN|C_100,2026-05,RBN,MERSEY AND WEST LANCASHIRE TEACHING HOSPITALS NHS TRUST,C_100,General Surgery Service,6606,13.0,
2026-05|RBN|C_101,2026-05,RBN,MERSEY AND WEST LANCASHIRE TEACHING HOSPITALS NHS TRUST,C_101,Urology Service,5844,12.4,
2026-05|RBN|C_110,2026-05,RBN,MERSEY AND WEST LANCASHIRE TEACHING HOSPITALS NHS TRUST,C_110,Trauma and Orthopaedic Service,7608,10.7,
2026-05|RBN|C_120,2026-05,RBN,MERSEY AND WEST LANCASHIRE TEACHING HOSPITALS NHS TRUST,C_120,Ear Nose and Throat Service,6627,13.2,
2026-05|RBN|C_130,2026-05,RBN,MERSEY AND WEST LANCASHIRE TEACHING HOSPITALS NHS TRUST,C_130,Ophthalmology Service,3485,11.1,
2026-05|RBN|C_140,2026-05,RBN,MERSEY AND WEST LANCASHIRE TEACHING HOSPITALS NHS TRUST,C_140,Oral Surgery Service,2117,15.1,
2026-05|RBN|C_150,2026-05,RBN,MERSEY AND WEST LANCASHIRE TEACHING HOSPITALS NHS TRUST,C_150,Neurosurgical Service,50,17.3,
2026-05|RBN|C_160,2026-05,RBN,MERSEY AND WEST LANCASHIRE TEACHING HOSPITALS NHS TRUST,C_160,Plastic Surgery Service,8541,15.6,
2026-05|RBN|C_300,2026-05,RBN,MERSEY AND WEST LANCASHIRE TEACHING HOSPITALS NHS TRUST,C_300,General Internal Medicine Service,361,5.7,
2026-05|RBN|C_301,2026-05,RBN,MERSEY AND WEST LANCASHIRE TEACHING HOSPITALS NHS TRUST,C_301,Gastroenterology Service,7558,10.6,
2026-05|RBN|C_320,2026-05,RBN,MERSEY AND WEST LANCASHIRE TEACHING HOSPITALS NHS TRUST,C_320,Cardiology Service,2847,11.8,
2026-05|RBN|C_330,2026-05,RBN,MERSEY AND WEST LANCASHIRE TEACHING HOSPITALS NHS TRUST,C_330,Dermatology Service,7576,16.4,
2026-05|RBN|C_340,2026-05,RBN,MERSEY AND WEST LANCASHIRE TEACHING HOSPITALS NHS TRUST,C_340,Respiratory Medicine Service,1157,10.0,
2026-05|RBN|C_410,2026-05,RBN,MERSEY AND WEST LANCASHIRE TEACHING HOSPITALS NHS TRUST,C_410,Rheumatology Service,1431,13.5,
2026-05|RBN|C_430,2026-05,RBN,MERSEY AND WEST LANCASHIRE TEACHING HOSPITALS NHS TRUST,C_430,Elderly Medicine Service,348,8.7,
2026-05|RBN|C_502,2026-05,RBN,MERSEY AND WEST LANCASHIRE TEACHING HOSPITALS NHS TRUST,C_502,Gynaecology Service,5522,12.1,
2026-05|RBN|C_999,2026-05,RBN,MERSEY AND WEST LANCASHIRE TEACHING HOSPITALS NHS TRUST,C_999,Total,80984,12.3,
2026-05|RBN|X02,2026-05,RBN,MERSEY AND WEST LANCASHIRE TEACHING HOSPITALS NHS TRUST,X02,Other - Medical Services,7520,11.6,
2026-05|RBN|X04,2026-05,RBN,MERSEY AND WEST LANCASHIRE TEACHING HOSPITALS NHS TRUST,X04,Other - Paediatric Services,2885,6.2,
2026-05|RBN|X05,2026-05,RBN,MERSEY AND WEST LANCASHIRE TEACHING HOSPITALS NHS TRUST,X05,Other - Surgical Services,2656,15.5,
2026-05|RBN|X06,2026-05,RBN,MERSEY AND WEST LANCASHIRE TEACHING HOSPITALS NHS TRUST,X06,Other - Other Services,245,6.8,
2026-05|RBQ|C_170,2026-05,RBQ,LIVERPOOL HEART AND CHEST HOSPITAL NHS FOUNDATION TRUST,C_170,Cardiothoracic Surgery Service,1038,14.2,
2026-05|RBQ|C_320,2026-05,RBQ,LIVERPOOL HEART AND CHEST HOSPITAL NHS FOUNDATION TRUST,C_320,Cardiology Service,3280,9.6,
2026-05|RBQ|C_340,2026-05,RBQ,LIVERPOOL HEART AND CHEST HOSPITAL NHS FOUNDATION TRUST,C_340,Respiratory Medicine Service,698,6.3,
2026-05|RBQ|C_999,2026-05,RBQ,LIVERPOOL HEART AND CHEST HOSPITAL NHS FOUNDATION TRUST,C_999,Total,5796,9.2,
2026-05|RBQ|X02,2026-05,RBQ,LIVERPOOL HEART AND CHEST HOSPITAL NHS FOUNDATION TRUST,X02,Other - Medical Services,780,6.6,
2026-05|RBS|C_999,2026-05,RBS,ALDER HEY CHILDREN'S NHS FOUNDATION TRUST,C_999,Total,16962,11.6,
2026-05|RBS|X04,2026-05,RBS,ALDER HEY CHILDREN'S NHS FOUNDATION TRUST,X04,Other - Paediatric Services,16962,11.6,
2026-05|RBT|C_100,2026-05,RBT,MID CHESHIRE HOSPITALS NHS FOUNDATION TRUST,C_100,General Surgery Service,1311,20.7,
2026-05|RBT|C_101,2026-05,RBT,MID CHESHIRE HOSPITALS NHS FOUNDATION TRUST,C_101,Urology Service,1580,9.3,
2026-05|RBT|C_110,2026-05,RBT,MID CHESHIRE HOSPITALS NHS FOUNDATION TRUST,C_110,Trauma and Orthopaedic Service,3133,15.6,
2026-05|RBT|C_120,2026-05,RBT,MID CHESHIRE HOSPITALS NHS FOUNDATION TRUST,C_120,Ear Nose and Throat Service,4607,13.8,
2026-05|RBT|C_130,2026-05,RBT,MID CHESHIRE HOSPITALS NHS FOUNDATION TRUST,C_130,Ophthalmology Service,2572,7.3,
2026-05|RBT|C_300,2026-05,RBT,MID CHESHIRE HOSPITALS NHS FOUNDATION TRUST,C_300,General Internal Medicine Service,3,33.5,
2026-05|RBT|C_301,2026-05,RBT,MID CHESHIRE HOSPITALS NHS FOUNDATION TRUST,C_301,Gastroenterology Service,1574,21.5,
2026-05|RBT|C_320,2026-05,RBT,MID CHESHIRE HOSPITALS NHS FOUNDATION TRUST,C_320,Cardiology Service,1298,9.3,
2026-05|RBT|C_330,2026-05,RBT,MID CHESHIRE HOSPITALS NHS FOUNDATION TRUST,C_330,Dermatology Service,4109,10.6,
2026-05|RBT|C_340,2026-05,RBT,MID CHESHIRE HOSPITALS NHS FOUNDATION TRUST,C_340,Respiratory Medicine Service,319,8.9,
2026-05|RBT|C_410,2026-05,RBT,MID CHESHIRE HOSPITALS NHS FOUNDATION TRUST,C_410,Rheumatology Service,973,18.8,
2026-05|RBT|C_430,2026-05,RBT,MID CHESHIRE HOSPITALS NHS FOUNDATION TRUST,C_430,Elderly Medicine Service,24,5.6,
2026-05|RBT|C_502,2026-05,RBT,MID CHESHIRE HOSPITALS NHS FOUNDATION TRUST,C_502,Gynaecology Service,2254,13.5,
2026-05|RBT|C_999,2026-05,RBT,MID CHESHIRE HOSPITALS NHS FOUNDATION TRUST,C_999,Total,29111,11.7,
2026-05|RBT|X02,2026-05,RBT,MID CHESHIRE HOSPITALS NHS FOUNDATION TRUST,X02,Other - Medical Services,1254,7.2,
2026-05|RBT|X05,2026-05,RBT,MID CHESHIRE HOSPITALS NHS FOUNDATION TRUST,X05,Other - Surgical Services,2968,12.1,
2026-05|RBT|X06,2026-05,RBT,MID CHESHIRE HOSPITALS NHS FOUNDATION TRUST,X06,Other - Other Services,1132,4.6,
2026-05|RBV|C_101,2026-05,RBV,THE CHRISTIE NHS FOUNDATION TRUST,C_101,Urology Service,164,6.7,
2026-05|RBV|C_160,2026-05,RBV,THE CHRISTIE NHS FOUNDATION TRUST,C_160,Plastic Surgery Service,154,3.2,
2026-05|RBV|C_502,2026-05,RBV,THE CHRISTIE NHS FOUNDATION TRUST,C_502,Gynaecology Service,53,5.9,
2026-05|RBV|C_999,2026-05,RBV,THE CHRISTIE NHS FOUNDATION TRUST,C_999,Total,3037,4.3,
2026-05|RBV|X02,2026-05,RBV,THE CHRISTIE NHS FOUNDATION TRUST,X02,Other - Medical Services,2422,4.0,
2026-05|RBV|X05,2026-05,RBV,THE CHRISTIE NHS FOUNDATION TRUST,X05,Other - Surgical Services,244,7.0,
2026-05|RC9|C_100,2026-05,RC9,BEDFORDSHIRE HOSPITALS NHS FOUNDATION TRUST,C_100,General Surgery Service,3953,15.1,
2026-05|RC9|C_101,2026-05,RC9,BEDFORDSHIRE HOSPITALS NHS FOUNDATION TRUST,C_101,Urology Service,4574,13.0,
2026-05|RC9|C_110,2026-05,RC9,BEDFORDSHIRE HOSPITALS NHS FOUNDATION TRUST,C_110,Trauma and Orthopaedic Service,6688,21.7,
2026-05|RC9|C_120,2026-05,RC9,BEDFORDSHIRE HOSPITALS NHS FOUNDATION TRUST,C_120,Ear Nose and Throat Service,7397,15.2,
2026-05|RC9|C_130,2026-05,RC9,BEDFORDSHIRE HOSPITALS NHS FOUNDATION TRUST,C_130,Ophthalmology Service,3447,12.3,
2026-05|RC9|C_140,2026-05,RC9,BEDFORDSHIRE HOSPITALS NHS FOUNDATION TRUST,C_140,Oral Surgery Service,7024,20.1,
2026-05|RC9|C_160,2026-05,RC9,BEDFORDSHIRE HOSPITALS NHS FOUNDATION TRUST,C_160,Plastic Surgery Service,1594,14.8,
2026-05|RC9|C_300,2026-05,RC9,BEDFORDSHIRE HOSPITALS NHS FOUNDATION TRUST,C_300,General Internal Medicine Service,852,5.6,
2026-05|RC9|C_301,2026-05,RC9,BEDFORDSHIRE HOSPITALS NHS FOUNDATION TRUST,C_301,Gastroenterology Service,3400,11.8,
2026-05|RC9|C_320,2026-05,RC9,BEDFORDSHIRE HOSPITALS NHS FOUNDATION TRUST,C_320,Cardiology Service,6532,13.7,
2026-05|RC9|C_330,2026-05,RC9,BEDFORDSHIRE HOSPITALS NHS FOUNDATION TRUST,C_330,Dermatology Service,7722,16.1,
2026-05|RC9|C_340,2026-05,RC9,BEDFORDSHIRE HOSPITALS NHS FOUNDATION TRUST,C_340,Respiratory Medicine Service,3438,12.2,
2026-05|RC9|C_400,2026-05,RC9,BEDFORDSHIRE HOSPITALS NHS FOUNDATION TRUST,C_400,Neurology Service,2605,15.2,
2026-05|RC9|C_410,2026-05,RC9,BEDFORDSHIRE HOSPITALS NHS FOUNDATION TRUST,C_410,Rheumatology Service,1060,7.9,
2026-05|RC9|C_430,2026-05,RC9,BEDFORDSHIRE HOSPITALS NHS FOUNDATION TRUST,C_430,Elderly Medicine Service,296,9.3,
2026-05|RC9|C_502,2026-05,RC9,BEDFORDSHIRE HOSPITALS NHS FOUNDATION TRUST,C_502,Gynaecology Service,6117,12.5,
2026-05|RC9|C_999,2026-05,RC9,BEDFORDSHIRE HOSPITALS NHS FOUNDATION TRUST,C_999,Total,81846,14.1,
2026-05|RC9|X02,2026-05,RC9,BEDFORDSHIRE HOSPITALS NHS FOUNDATION TRUST,X02,Other - Medical Services,2727,9.6,
2026-05|RC9|X04,2026-05,RC9,BEDFORDSHIRE HOSPITALS NHS FOUNDATION TRUST,X04,Other - Paediatric Services,5169,14.3,
2026-05|RC9|X05,2026-05,RC9,BEDFORDSHIRE HOSPITALS NHS FOUNDATION TRUST,X05,Other - Surgical Services,6262,10.7,
2026-05|RC9|X06,2026-05,RC9,BEDFORDSHIRE HOSPITALS NHS FOUNDATION TRUST,X06,Other - Other Services,989,12.0,
2026-05|RCB|C_100,2026-05,RCB,YORK AND SCARBOROUGH TEACHING HOSPITALS NHS FOUNDATION TRUST,C_100,General Surgery Service,47,2.4,
2026-05|RCB|C_101,2026-05,RCB,YORK AND SCARBOROUGH TEACHING HOSPITALS NHS FOUNDATION TRUST,C_101,Urology Service,3144,14.6,
2026-05|RCB|C_110,2026-05,RCB,YORK AND SCARBOROUGH TEACHING HOSPITALS NHS FOUNDATION TRUST,C_110,Trauma and Orthopaedic Service,4690,13.9,
2026-05|RCB|C_120,2026-05,RCB,YORK AND SCARBOROUGH TEACHING HOSPITALS NHS FOUNDATION TRUST,C_120,Ear Nose and Throat Service,7221,16.0,
2026-05|RCB|C_130,2026-05,RCB,YORK AND SCARBOROUGH TEACHING HOSPITALS NHS FOUNDATION TRUST,C_130,Ophthalmology Service,5685,10.2,
2026-05|RCB|C_140,2026-05,RCB,YORK AND SCARBOROUGH TEACHING HOSPITALS NHS FOUNDATION TRUST,C_140,Oral Surgery Service,3900,19.0,
2026-05|RCB|C_160,2026-05,RCB,YORK AND SCARBOROUGH TEACHING HOSPITALS NHS FOUNDATION TRUST,C_160,Plastic Surgery Service,273,11.7,
2026-05|RCB|C_300,2026-05,RCB,YORK AND SCARBOROUGH TEACHING HOSPITALS NHS FOUNDATION TRUST,C_300,General Internal Medicine Service,1,6.5,
2026-05|RCB|C_301,2026-05,RCB,YORK AND SCARBOROUGH TEACHING HOSPITALS NHS FOUNDATION TRUST,C_301,Gastroenterology Service,1736,12.4,
2026-05|RCB|C_320,2026-05,RCB,YORK AND SCARBOROUGH TEACHING HOSPITALS NHS FOUNDATION TRUST,C_320,Cardiology Service,2634,13.9,
2026-05|RCB|C_330,2026-05,RCB,YORK AND SCARBOROUGH TEACHING HOSPITALS NHS FOUNDATION TRUST,C_330,Dermatology Service,3071,16.1,
2026-05|RCB|C_340,2026-05,RCB,YORK AND SCARBOROUGH TEACHING HOSPITALS NHS FOUNDATION TRUST,C_340,Respiratory Medicine Service,2834,17.5,
2026-05|RCB|C_400,2026-05,RCB,YORK AND SCARBOROUGH TEACHING HOSPITALS NHS FOUNDATION TRUST,C_400,Neurology Service,1162,10.2,
2026-05|RCB|C_410,2026-05,RCB,YORK AND SCARBOROUGH TEACHING HOSPITALS NHS FOUNDATION TRUST,C_410,Rheumatology Service,686,7.6,
2026-05|RCB|C_430,2026-05,RCB,YORK AND SCARBOROUGH TEACHING HOSPITALS NHS FOUNDATION TRUST,C_430,Elderly Medicine Service,239,4.4,
2026-05|RCB|C_502,2026-05,RCB,YORK AND SCARBOROUGH TEACHING HOSPITALS NHS FOUNDATION TRUST,C_502,Gynaecology Service,3567,17.8,
2026-05|RCB|C_999,2026-05,RCB,YORK AND SCARBOROUGH TEACHING HOSPITALS NHS FOUNDATION TRUST,C_999,Total,55885,14.4,
2026-05|RCB|X02,2026-05,RCB,YORK AND SCARBOROUGH TEACHING HOSPITALS NHS FOUNDATION TRUST,X02,Other - Medical Services,7022,14.3,
2026-05|RCB|X04,2026-05,RCB,YORK AND SCARBOROUGH TEACHING HOSPITALS NHS FOUNDATION TRUST,X04,Other - Paediatric Services,1,21.5,
2026-05|RCB|X05,2026-05,RCB,YORK AND SCARBOROUGH TEACHING HOSPITALS NHS FOUNDATION TRUST,X05,Other - Surgical Services,7845,13.8,
2026-05|RCB|X06,2026-05,RCB,YORK AND SCARBOROUGH TEACHING HOSPITALS NHS FOUNDATION TRUST,X06,Other - Other Services,127,13.8,
2026-05|RCD|C_100,2026-05,RCD,HARROGATE AND DISTRICT NHS FOUNDATION TRUST,C_100,General Surgery Service,2408,10.2,
2026-05|RCD|C_101,2026-05,RCD,HARROGATE AND DISTRICT NHS FOUNDATION TRUST,C_101,Urology Service,1265,6.0,
2026-05|RCD|C_110,2026-05,RCD,HARROGATE AND DISTRICT NHS FOUNDATION TRUST,C_110,Trauma and Orthopaedic Service,3558,13.6,
2026-05|RCD|C_120,2026-05,RCD,HARROGATE AND DISTRICT NHS FOUNDATION TRUST,C_120,Ear Nose and Throat Service,2497,11.5,
2026-05|RCD|C_130,2026-05,RCD,HARROGATE AND DISTRICT NHS FOUNDATION TRUST,C_130,Ophthalmology Service,1653,8.0,
2026-05|RCD|C_140,2026-05,RCD,HARROGATE AND DISTRICT NHS FOUNDATION TRUST,C_140,Oral Surgery Service,877,12.9,
2026-05|RCD|C_300,2026-05,RCD,HARROGATE AND DISTRICT NHS FOUNDATION TRUST,C_300,General Internal Medicine Service,1,0.5,
2026-05|RCD|C_301,2026-05,RCD,HARROGATE AND DISTRICT NHS FOUNDATION TRUST,C_301,Gastroenterology Service,851,8.2,
2026-05|RCD|C_320,2026-05,RCD,HARROGATE AND DISTRICT NHS FOUNDATION TRUST,C_320,Cardiology Service,1240,11.4,
2026-05|RCD|C_330,2026-05,RCD,HARROGATE AND DISTRICT NHS FOUNDATION TRUST,C_330,Dermatology Service,1497,5.1,
2026-05|RCD|C_340,2026-05,RCD,HARROGATE AND DISTRICT NHS FOUNDATION TRUST,C_340,Respiratory Medicine Service,337,5.9,
2026-05|RCD|C_400,2026-05,RCD,HARROGATE AND DISTRICT NHS FOUNDATION TRUST,C_400,Neurology Service,983,15.1,
2026-05|RCD|C_410,2026-05,RCD,HARROGATE AND DISTRICT NHS FOUNDATION TRUST,C_410,Rheumatology Service,331,5.7,
2026-05|RCD|C_430,2026-05,RCD,HARROGATE AND DISTRICT NHS FOUNDATION TRUST,C_430,Elderly Medicine Service,97,8.7,
2026-05|RCD|C_502,2026-05,RCD,HARROGATE AND DISTRICT NHS FOUNDATION TRUST,C_502,Gynaecology Service,1459,8.7,
2026-05|RCD|C_999,2026-05,RCD,HARROGATE AND DISTRICT NHS FOUNDATION TRUST,C_999,Total,21881,9.5,
2026-05|RCD|X02,2026-05,RCD,HARROGATE AND DISTRICT NHS FOUNDATION TRUST,X02,Other - Medical Services,1023,6.8,
2026-05|RCD|X04,2026-05,RCD,HARROGATE AND DISTRICT NHS FOUNDATION TRUST,X04,Other - Paediatric Services,812,6.2,
2026-05|RCD|X05,2026-05,RCD,HARROGATE AND DISTRICT NHS FOUNDATION TRUST,X05,Other - Surgical Services,789,10.9,
2026-05|RCD|X06,2026-05,RCD,HARROGATE AND DISTRICT NHS FOUNDATION TRUST,X06,Other - Other Services,203,8.9,
2026-05|RCF|C_100,2026-05,RCF,AIREDALE NHS FOUNDATION TRUST,C_100,General Surgery Service,1656,10.3,
2026-05|RCF|C_101,2026-05,RCF,AIREDALE NHS FOUNDATION TRUST,C_101,Urology Service,936,10.1,
2026-05|RCF|C_110,2026-05,RCF,AIREDALE NHS FOUNDATION TRUST,C_110,Trauma and Orthopaedic Service,1422,13.2,
2026-05|RCF|C_120,2026-05,RCF,AIREDALE NHS FOUNDATION TRUST,C_120,Ear Nose and Throat Service,1278,13.3,
2026-05|RCF|C_130,2026-05,RCF,AIREDALE NHS FOUNDATION TRUST,C_130,Ophthalmology Service,550,8.0,
2026-05|RCF|C_140,2026-05,RCF,AIREDALE NHS FOUNDATION TRUST,C_140,Oral Surgery Service,440,11.5,
2026-05|RCF|C_160,2026-05,RCF,AIREDALE NHS FOUNDATION TRUST,C_160,Plastic Surgery Service,44,4.8,
2026-05|RCF|C_300,2026-05,RCF,AIREDALE NHS FOUNDATION TRUST,C_300,General Internal Medicine Service,5,2.8,
2026-05|RCF|C_301,2026-05,RCF,AIREDALE NHS FOUNDATION TRUST,C_301,Gastroenterology Service,779,10.1,
2026-05|RCF|C_320,2026-05,RCF,AIREDALE NHS FOUNDATION TRUST,C_320,Cardiology Service,1638,10.3,
2026-05|RCF|C_330,2026-05,RCF,AIREDALE NHS FOUNDATION TRUST,C_330,Dermatology Service,43,4.3,
2026-05|RCF|C_340,2026-05,RCF,AIREDALE NHS FOUNDATION TRUST,C_340,Respiratory Medicine Service,620,11.9,
2026-05|RCF|C_400,2026-05,RCF,AIREDALE NHS FOUNDATION TRUST,C_400,Neurology Service,932,12.1,
2026-05|RCF|C_410,2026-05,RCF,AIREDALE NHS FOUNDATION TRUST,C_410,Rheumatology Service,414,11.5,
2026-05|RCF|C_430,2026-05,RCF,AIREDALE NHS FOUNDATION TRUST,C_430,Elderly Medicine Service,38,5.5,
2026-05|RCF|C_502,2026-05,RCF,AIREDALE NHS FOUNDATION TRUST,C_502,Gynaecology Service,1722,14.8,
2026-05|RCF|C_999,2026-05,RCF,AIREDALE NHS FOUNDATION TRUST,C_999,Total,14234,11.0,
2026-05|RCF|X02,2026-05,RCF,AIREDALE NHS FOUNDATION TRUST,X02,Other - Medical Services,1000,7.3,
2026-05|RCF|X04,2026-05,RCF,AIREDALE NHS FOUNDATION TRUST,X04,Other - Paediatric Services,653,10.4,
2026-05|RCF|X05,2026-05,RCF,AIREDALE NHS FOUNDATION TRUST,X05,Other - Surgical Services,62,15.5,
2026-05|RCF|X06,2026-05,RCF,AIREDALE NHS FOUNDATION TRUST,X06,Other - Other Services,2,5.0,
2026-05|RCU|C_140,2026-05,RCU,SHEFFIELD CHILDREN'S NHS FOUNDATION TRUST,C_140,Oral Surgery Service,38,31.0,
2026-05|RCU|C_999,2026-05,RCU,SHEFFIELD CHILDREN'S NHS FOUNDATION TRUST,C_999,Total,11305,9.7,
2026-05|RCU|X04,2026-05,RCU,SHEFFIELD CHILDREN'S NHS FOUNDATION TRUST,X04,Other - Paediatric Services,11267,9.7,
2026-05|RCX|C_100,2026-05,RCX,"THE QUEEN ELIZABETH HOSPITAL, KING'S LYNN, NHS FOUNDATION TRUST",C_100,General Surgery Service,1623,20.4,
2026-05|RCX|C_101,2026-05,RCX,"THE QUEEN ELIZABETH HOSPITAL, KING'S LYNN, NHS FOUNDATION TRUST",C_101,Urology Service,1573,12.6,
2026-05|RCX|C_110,2026-05,RCX,"THE QUEEN ELIZABETH HOSPITAL, KING'S LYNN, NHS FOUNDATION TRUST",C_110,Trauma and Orthopaedic Service,2295,16.7,
2026-05|RCX|C_120,2026-05,RCX,"THE QUEEN ELIZABETH HOSPITAL, KING'S LYNN, NHS FOUNDATION TRUST",C_120,Ear Nose and Throat Service,3186,17.6,
2026-05|RCX|C_130,2026-05,RCX,"THE QUEEN ELIZABETH HOSPITAL, KING'S LYNN, NHS FOUNDATION TRUST",C_130,Ophthalmology Service,2103,12.1,
2026-05|RCX|C_140,2026-05,RCX,"THE QUEEN ELIZABETH HOSPITAL, KING'S LYNN, NHS FOUNDATION TRUST",C_140,Oral Surgery Service,419,7.6,
2026-05|RCX|C_160,2026-05,RCX,"THE QUEEN ELIZABETH HOSPITAL, KING'S LYNN, NHS FOUNDATION TRUST",C_160,Plastic Surgery Service,60,11.0,
2026-05|RCX|C_170,2026-05,RCX,"THE QUEEN ELIZABETH HOSPITAL, KING'S LYNN, NHS FOUNDATION TRUST",C_170,Cardiothoracic Surgery Service,2,2.0,
2026-05|RCX|C_300,2026-05,RCX,"THE QUEEN ELIZABETH HOSPITAL, KING'S LYNN, NHS FOUNDATION TRUST",C_300,General Internal Medicine Service,99,1.0,
2026-05|RCX|C_301,2026-05,RCX,"THE QUEEN ELIZABETH HOSPITAL, KING'S LYNN, NHS FOUNDATION TRUST",C_301,Gastroenterology Service,1356,15.3,
2026-05|RCX|C_320,2026-05,RCX,"THE QUEEN ELIZABETH HOSPITAL, KING'S LYNN, NHS FOUNDATION TRUST",C_320,Cardiology Service,1618,11.6,
2026-05|RCX|C_330,2026-05,RCX,"THE QUEEN ELIZABETH HOSPITAL, KING'S LYNN, NHS FOUNDATION TRUST",C_330,Dermatology Service,2089,10.8,
2026-05|RCX|C_340,2026-05,RCX,"THE QUEEN ELIZABETH HOSPITAL, KING'S LYNN, NHS FOUNDATION TRUST",C_340,Respiratory Medicine Service,843,15.3,
2026-05|RCX|C_400,2026-05,RCX,"THE QUEEN ELIZABETH HOSPITAL, KING'S LYNN, NHS FOUNDATION TRUST",C_400,Neurology Service,1181,14.1,
2026-05|RCX|C_410,2026-05,RCX,"THE QUEEN ELIZABETH HOSPITAL, KING'S LYNN, NHS FOUNDATION TRUST",C_410,Rheumatology Service,651,11.2,
2026-05|RCX|C_430,2026-05,RCX,"THE QUEEN ELIZABETH HOSPITAL, KING'S LYNN, NHS FOUNDATION TRUST",C_430,Elderly Medicine Service,66,6.2,
2026-05|RCX|C_502,2026-05,RCX,"THE QUEEN ELIZABETH HOSPITAL, KING'S LYNN, NHS FOUNDATION TRUST",C_502,Gynaecology Service,1557,11.5,
2026-05|RCX|C_999,2026-05,RCX,"THE QUEEN ELIZABETH HOSPITAL, KING'S LYNN, NHS FOUNDATION TRUST",C_999,Total,25600,13.4,
2026-05|RCX|X02,2026-05,RCX,"THE QUEEN ELIZABETH HOSPITAL, KING'S LYNN, NHS FOUNDATION TRUST",X02,Other - Medical Services,1218,10.3,
2026-05|RCX|X04,2026-05,RCX,"THE QUEEN ELIZABETH HOSPITAL, KING'S LYNN, NHS FOUNDATION TRUST",X04,Other - Paediatric Services,733,9.1,
2026-05|RCX|X05,2026-05,RCX,"THE QUEEN ELIZABETH HOSPITAL, KING'S LYNN, NHS FOUNDATION TRUST",X05,Other - Surgical Services,2445,14.6,
2026-05|RCX|X06,2026-05,RCX,"THE QUEEN ELIZABETH HOSPITAL, KING'S LYNN, NHS FOUNDATION TRUST",X06,Other - Other Services,483,11.7,
2026-05|RD1|C_100,2026-05,RD1,ROYAL UNITED HOSPITALS BATH NHS FOUNDATION TRUST,C_100,General Surgery Service,3839,14.7,
2026-05|RD1|C_101,2026-05,RD1,ROYAL UNITED HOSPITALS BATH NHS FOUNDATION TRUST,C_101,Urology Service,2038,11.4,
2026-05|RD1|C_110,2026-05,RD1,ROYAL UNITED HOSPITALS BATH NHS FOUNDATION TRUST,C_110,Trauma and Orthopaedic Service,2065,13.9,
2026-05|RD1|C_120,2026-05,RD1,ROYAL UNITED HOSPITALS BATH NHS FOUNDATION TRUST,C_120,Ear Nose and Throat Service,2867,16.7,
2026-05|RD1|C_130,2026-05,RD1,ROYAL UNITED HOSPITALS BATH NHS FOUNDATION TRUST,C_130,Ophthalmology Service,2831,6.8,
2026-05|RD1|C_140,2026-05,RD1,ROYAL UNITED HOSPITALS BATH NHS FOUNDATION TRUST,C_140,Oral Surgery Service,3223,15.2,
2026-05|RD1|C_300,2026-05,RD1,ROYAL UNITED HOSPITALS BATH NHS FOUNDATION TRUST,C_300,General Internal Medicine Service,42,7.0,
2026-05|RD1|C_301,2026-05,RD1,ROYAL UNITED HOSPITALS BATH NHS FOUNDATION TRUST,C_301,Gastroenterology Service,2079,8.6,
2026-05|RD1|C_320,2026-05,RD1,ROYAL UNITED HOSPITALS BATH NHS FOUNDATION TRUST,C_320,Cardiology Service,3911,12.4,
2026-05|RD1|C_330,2026-05,RD1,ROYAL UNITED HOSPITALS BATH NHS FOUNDATION TRUST,C_330,Dermatology Service,2247,7.2,
2026-05|RD1|C_340,2026-05,RD1,ROYAL UNITED HOSPITALS BATH NHS FOUNDATION TRUST,C_340,Respiratory Medicine Service,545,6.8,
2026-05|RD1|C_400,2026-05,RD1,ROYAL UNITED HOSPITALS BATH NHS FOUNDATION TRUST,C_400,Neurology Service,1738,19.5,
2026-05|RD1|C_410,2026-05,RD1,ROYAL UNITED HOSPITALS BATH NHS FOUNDATION TRUST,C_410,Rheumatology Service,1471,11.1,
2026-05|RD1|C_430,2026-05,RD1,ROYAL UNITED HOSPITALS BATH NHS FOUNDATION TRUST,C_430,Elderly Medicine Service,142,4.9,
2026-05|RD1|C_502,2026-05,RD1,ROYAL UNITED HOSPITALS BATH NHS FOUNDATION TRUST,C_502,Gynaecology Service,2842,10.1,
2026-05|RD1|C_999,2026-05,RD1,ROYAL UNITED HOSPITALS BATH NHS FOUNDATION TRUST,C_999,Total,40061,11.5,
2026-05|RD1|X02,2026-05,RD1,ROYAL UNITED HOSPITALS BATH NHS FOUNDATION TRUST,X02,Other - Medical Services,3850,9.7,
2026-05|RD1|X04,2026-05,RD1,ROYAL UNITED HOSPITALS BATH NHS FOUNDATION TRUST,X04,Other - Paediatric Services,1470,15.9,
2026-05|RD1|X05,2026-05,RD1,ROYAL UNITED HOSPITALS BATH NHS FOUNDATION TRUST,X05,Other - Surgical Services,2045,8.9,
2026-05|RD1|X06,2026-05,RD1,ROYAL UNITED HOSPITALS BATH NHS FOUNDATION TRUST,X06,Other - Other Services,816,6.0,
2026-05|RD8|C_100,2026-05,RD8,MILTON KEYNES UNIVERSITY HOSPITAL NHS FOUNDATION TRUST,C_100,General Surgery Service,2003,20.1,
2026-05|RD8|C_101,2026-05,RD8,MILTON KEYNES UNIVERSITY HOSPITAL NHS FOUNDATION TRUST,C_101,Urology Service,2570,12.4,
2026-05|RD8|C_110,2026-05,RD8,MILTON KEYNES UNIVERSITY HOSPITAL NHS FOUNDATION TRUST,C_110,Trauma and Orthopaedic Service,3131,18.1,
2026-05|RD8|C_120,2026-05,RD8,MILTON KEYNES UNIVERSITY HOSPITAL NHS FOUNDATION TRUST,C_120,Ear Nose and Throat Service,4547,16.0,
2026-05|RD8|C_130,2026-05,RD8,MILTON KEYNES UNIVERSITY HOSPITAL NHS FOUNDATION TRUST,C_130,Ophthalmology Service,4351,17.3,
2026-05|RD8|C_140,2026-05,RD8,MILTON KEYNES UNIVERSITY HOSPITAL NHS FOUNDATION TRUST,C_140,Oral Surgery Service,1296,13.6,
2026-05|RD8|C_170,2026-05,RD8,MILTON KEYNES UNIVERSITY HOSPITAL NHS FOUNDATION TRUST,C_170,Cardiothoracic Surgery Service,70,32.8,
2026-05|RD8|C_300,2026-05,RD8,MILTON KEYNES UNIVERSITY HOSPITAL NHS FOUNDATION TRUST,C_300,General Internal Medicine Service,51,2.7,
2026-05|RD8|C_301,2026-05,RD8,MILTON KEYNES UNIVERSITY HOSPITAL NHS FOUNDATION TRUST,C_301,Gastroenterology Service,1186,7.7,
2026-05|RD8|C_320,2026-05,RD8,MILTON KEYNES UNIVERSITY HOSPITAL NHS FOUNDATION TRUST,C_320,Cardiology Service,2030,10.0,
2026-05|RD8|C_330,2026-05,RD8,MILTON KEYNES UNIVERSITY HOSPITAL NHS FOUNDATION TRUST,C_330,Dermatology Service,840,4.5,
2026-05|RD8|C_340,2026-05,RD8,MILTON KEYNES UNIVERSITY HOSPITAL NHS FOUNDATION TRUST,C_340,Respiratory Medicine Service,1165,8.3,
2026-05|RD8|C_400,2026-05,RD8,MILTON KEYNES UNIVERSITY HOSPITAL NHS FOUNDATION TRUST,C_400,Neurology Service,998,13.8,
2026-05|RD8|C_410,2026-05,RD8,MILTON KEYNES UNIVERSITY HOSPITAL NHS FOUNDATION TRUST,C_410,Rheumatology Service,1436,21.8,
2026-05|RD8|C_430,2026-05,RD8,MILTON KEYNES UNIVERSITY HOSPITAL NHS FOUNDATION TRUST,C_430,Elderly Medicine Service,15,9.8,
2026-05|RD8|C_502,2026-05,RD8,MILTON KEYNES UNIVERSITY HOSPITAL NHS FOUNDATION TRUST,C_502,Gynaecology Service,3968,17.1,
2026-05|RD8|C_999,2026-05,RD8,MILTON KEYNES UNIVERSITY HOSPITAL NHS FOUNDATION TRUST,C_999,Total,36450,14.4,
2026-05|RD8|X02,2026-05,RD8,MILTON KEYNES UNIVERSITY HOSPITAL NHS FOUNDATION TRUST,X02,Other - Medical Services,3450,12.9,
2026-05|RD8|X04,2026-05,RD8,MILTON KEYNES UNIVERSITY HOSPITAL NHS FOUNDATION TRUST,X04,Other - Paediatric Services,956,19.9,
2026-05|RD8|X05,2026-05,RD8,MILTON KEYNES UNIVERSITY HOSPITAL NHS FOUNDATION TRUST,X05,Other - Surgical Services,2335,14.6,
2026-05|RD8|X06,2026-05,RD8,MILTON KEYNES UNIVERSITY HOSPITAL NHS FOUNDATION TRUST,X06,Other - Other Services,52,20.0,
2026-05|RDE|C_100,2026-05,RDE,EAST SUFFOLK AND NORTH ESSEX NHS FOUNDATION TRUST,C_100,General Surgery Service,5848,17.0,
2026-05|RDE|C_101,2026-05,RDE,EAST SUFFOLK AND NORTH ESSEX NHS FOUNDATION TRUST,C_101,Urology Service,5986,15.2,
2026-05|RDE|C_110,2026-05,RDE,EAST SUFFOLK AND NORTH ESSEX NHS FOUNDATION TRUST,C_110,Trauma and Orthopaedic Service,9967,18.3,
2026-05|RDE|C_120,2026-05,RDE,EAST SUFFOLK AND NORTH ESSEX NHS FOUNDATION TRUST,C_120,Ear Nose and Throat Service,10289,16.0,
2026-05|RDE|C_130,2026-05,RDE,EAST SUFFOLK AND NORTH ESSEX NHS FOUNDATION TRUST,C_130,Ophthalmology Service,8680,12.1,
2026-05|RDE|C_140,2026-05,RDE,EAST SUFFOLK AND NORTH ESSEX NHS FOUNDATION TRUST,C_140,Oral Surgery Service,3861,16.8,
2026-05|RDE|C_160,2026-05,RDE,EAST SUFFOLK AND NORTH ESSEX NHS FOUNDATION TRUST,C_160,Plastic Surgery Service,312,11.9,
2026-05|RDE|C_300,2026-05,RDE,EAST SUFFOLK AND NORTH ESSEX NHS FOUNDATION TRUST,C_300,General Internal Medicine Service,830,15.2,
2026-05|RDE|C_301,2026-05,RDE,EAST SUFFOLK AND NORTH ESSEX NHS FOUNDATION TRUST,C_301,Gastroenterology Service,3922,11.7,
2026-05|RDE|C_320,2026-05,RDE,EAST SUFFOLK AND NORTH ESSEX NHS FOUNDATION TRUST,C_320,Cardiology Service,3091,9.7,
2026-05|RDE|C_330,2026-05,RDE,EAST SUFFOLK AND NORTH ESSEX NHS FOUNDATION TRUST,C_330,Dermatology Service,9620,11.1,
2026-05|RDE|C_340,2026-05,RDE,EAST SUFFOLK AND NORTH ESSEX NHS FOUNDATION TRUST,C_340,Respiratory Medicine Service,1480,8.6,
2026-05|RDE|C_400,2026-05,RDE,EAST SUFFOLK AND NORTH ESSEX NHS FOUNDATION TRUST,C_400,Neurology Service,3843,17.4,
2026-05|RDE|C_410,2026-05,RDE,EAST SUFFOLK AND NORTH ESSEX NHS FOUNDATION TRUST,C_410,Rheumatology Service,2363,15.9,
2026-05|RDE|C_430,2026-05,RDE,EAST SUFFOLK AND NORTH ESSEX NHS FOUNDATION TRUST,C_430,Elderly Medicine Service,222,6.7,
2026-05|RDE|C_502,2026-05,RDE,EAST SUFFOLK AND NORTH ESSEX NHS FOUNDATION TRUST,C_502,Gynaecology Service,8589,15.0,
2026-05|RDE|C_999,2026-05,RDE,EAST SUFFOLK AND NORTH ESSEX NHS FOUNDATION TRUST,C_999,Total,90293,13.8,
2026-05|RDE|X02,2026-05,RDE,EAST SUFFOLK AND NORTH ESSEX NHS FOUNDATION TRUST,X02,Other - Medical Services,4060,9.8,
2026-05|RDE|X04,2026-05,RDE,EAST SUFFOLK AND NORTH ESSEX NHS FOUNDATION TRUST,X04,Other - Paediatric Services,753,13.1,
2026-05|RDE|X05,2026-05,RDE,EAST SUFFOLK AND NORTH ESSEX NHS FOUNDATION TRUST,X05,Other - Surgical Services,6312,11.0,
2026-05|RDE|X06,2026-05,RDE,EAST SUFFOLK AND NORTH ESSEX NHS FOUNDATION TRUST,X06,Other - Other Services,265,9.0,
2026-05|RDR|C_110,2026-05,RDR,SUSSEX COMMUNITY NHS FOUNDATION TRUST,C_110,Trauma and Orthopaedic Service,12717,16.7,
2026-05|RDR|C_999,2026-05,RDR,SUSSEX COMMUNITY NHS FOUNDATION TRUST,C_999,Total,12717,16.7,
2026-05|RDU|C_100,2026-05,RDU,FRIMLEY HEALTH NHS FOUNDATION TRUST,C_100,General Surgery Service,596,15.2,
2026-05|RDU|C_101,2026-05,RDU,FRIMLEY HEALTH NHS FOUNDATION TRUST,C_101,Urology Service,4617,12.5,
2026-05|RDU|C_110,2026-05,RDU,FRIMLEY HEALTH NHS FOUNDATION TRUST,C_110,Trauma and Orthopaedic Service,11858,16.8,
2026-05|RDU|C_120,2026-05,RDU,FRIMLEY HEALTH NHS FOUNDATION TRUST,C_120,Ear Nose and Throat Service,5145,11.6,
2026-05|RDU|C_130,2026-05,RDU,FRIMLEY HEALTH NHS FOUNDATION TRUST,C_130,Ophthalmology Service,4458,9.8,
2026-05|RDU|C_140,2026-05,RDU,FRIMLEY HEALTH NHS FOUNDATION TRUST,C_140,Oral Surgery Service,2808,25.7,
2026-05|RDU|C_160,2026-05,RDU,FRIMLEY HEALTH NHS FOUNDATION TRUST,C_160,Plastic Surgery Service,2636,19.2,
2026-05|RDU|C_300,2026-05,RDU,FRIMLEY HEALTH NHS FOUNDATION TRUST,C_300,General Internal Medicine Service,5,0.8,
2026-05|RDU|C_301,2026-05,RDU,FRIMLEY HEALTH NHS FOUNDATION TRUST,C_301,Gastroenterology Service,1886,9.8,
2026-05|RDU|C_320,2026-05,RDU,FRIMLEY HEALTH NHS FOUNDATION TRUST,C_320,Cardiology Service,3253,10.2,
2026-05|RDU|C_330,2026-05,RDU,FRIMLEY HEALTH NHS FOUNDATION TRUST,C_330,Dermatology Service,4165,10.2,
2026-05|RDU|C_340,2026-05,RDU,FRIMLEY HEALTH NHS FOUNDATION TRUST,C_340,Respiratory Medicine Service,1787,6.4,
2026-05|RDU|C_400,2026-05,RDU,FRIMLEY HEALTH NHS FOUNDATION TRUST,C_400,Neurology Service,3693,24.0,
2026-05|RDU|C_410,2026-05,RDU,FRIMLEY HEALTH NHS FOUNDATION TRUST,C_410,Rheumatology Service,521,4.5,
2026-05|RDU|C_430,2026-05,RDU,FRIMLEY HEALTH NHS FOUNDATION TRUST,C_430,Elderly Medicine Service,68,7.0,
2026-05|RDU|C_502,2026-05,RDU,FRIMLEY HEALTH NHS FOUNDATION TRUST,C_502,Gynaecology Service,3799,9.7,
2026-05|RDU|C_999,2026-05,RDU,FRIMLEY HEALTH NHS FOUNDATION TRUST,C_999,Total,66704,13.0,
2026-05|RDU|X02,2026-05,RDU,FRIMLEY HEALTH NHS FOUNDATION TRUST,X02,Other - Medical Services,5643,11.3,
2026-05|RDU|X04,2026-05,RDU,FRIMLEY HEALTH NHS FOUNDATION TRUST,X04,Other - Paediatric Services,1037,18.5,
2026-05|RDU|X05,2026-05,RDU,FRIMLEY HEALTH NHS FOUNDATION TRUST,X05,Other - Surgical Services,7963,12.2,
2026-05|RDU|X06,2026-05,RDU,FRIMLEY HEALTH NHS FOUNDATION TRUST,X06,Other - Other Services,766,18.0,
2026-05|REF|C_100,2026-05,REF,ROYAL CORNWALL HOSPITALS NHS TRUST,C_100,General Surgery Service,1957,13.8,
2026-05|REF|C_101,2026-05,REF,ROYAL CORNWALL HOSPITALS NHS TRUST,C_101,Urology Service,1722,14.0,
2026-05|REF|C_110,2026-05,REF,ROYAL CORNWALL HOSPITALS NHS TRUST,C_110,Trauma and Orthopaedic Service,5495,18.6,
2026-05|REF|C_120,2026-05,REF,ROYAL CORNWALL HOSPITALS NHS TRUST,C_120,Ear Nose and Throat Service,3160,9.2,
2026-05|REF|C_130,2026-05,REF,ROYAL CORNWALL HOSPITALS NHS TRUST,C_130,Ophthalmology Service,4171,7.7,
2026-05|REF|C_140,2026-05,REF,ROYAL CORNWALL HOSPITALS NHS TRUST,C_140,Oral Surgery Service,2394,10.2,
2026-05|REF|C_301,2026-05,REF,ROYAL CORNWALL HOSPITALS NHS TRUST,C_301,Gastroenterology Service,2440,5.2,
2026-05|REF|C_320,2026-05,REF,ROYAL CORNWALL HOSPITALS NHS TRUST,C_320,Cardiology Service,2508,12.8,
2026-05|REF|C_330,2026-05,REF,ROYAL CORNWALL HOSPITALS NHS TRUST,C_330,Dermatology Service,3298,5.8,
2026-05|REF|C_340,2026-05,REF,ROYAL CORNWALL HOSPITALS NHS TRUST,C_340,Respiratory Medicine Service,583,8.5,
2026-05|REF|C_400,2026-05,REF,ROYAL CORNWALL HOSPITALS NHS TRUST,C_400,Neurology Service,748,8.0,
2026-05|REF|C_410,2026-05,REF,ROYAL CORNWALL HOSPITALS NHS TRUST,C_410,Rheumatology Service,640,5.6,
2026-05|REF|C_430,2026-05,REF,ROYAL CORNWALL HOSPITALS NHS TRUST,C_430,Elderly Medicine Service,327,6.8,
2026-05|REF|C_502,2026-05,REF,ROYAL CORNWALL HOSPITALS NHS TRUST,C_502,Gynaecology Service,3211,12.2,
2026-05|REF|C_999,2026-05,REF,ROYAL CORNWALL HOSPITALS NHS TRUST,C_999,Total,42577,9.3,
2026-05|REF|X02,2026-05,REF,ROYAL CORNWALL HOSPITALS NHS TRUST,X02,Other - Medical Services,5312,6.8,
2026-05|REF|X04,2026-05,REF,ROYAL CORNWALL HOSPITALS NHS TRUST,X04,Other - Paediatric Services,723,8.5,
2026-05|REF|X05,2026-05,REF,ROYAL CORNWALL HOSPITALS NHS TRUST,X05,Other - Surgical Services,2890,8.1,
2026-05|REF|X06,2026-05,REF,ROYAL CORNWALL HOSPITALS NHS TRUST,X06,Other - Other Services,998,4.3,
2026-05|REM|C_100,2026-05,REM,LIVERPOOL UNIVERSITY HOSPITALS NHS FOUNDATION TRUST,C_100,General Surgery Service,1982,20.9,
2026-05|REM|C_101,2026-05,REM,LIVERPOOL UNIVERSITY HOSPITALS NHS FOUNDATION TRUST,C_101,Urology Service,3452,17.8,
2026-05|REM|C_110,2026-05,REM,LIVERPOOL UNIVERSITY HOSPITALS NHS FOUNDATION TRUST,C_110,Trauma and Orthopaedic Service,4659,17.0,
2026-05|REM|C_120,2026-05,REM,LIVERPOOL UNIVERSITY HOSPITALS NHS FOUNDATION TRUST,C_120,Ear Nose and Throat Service,5292,16.6,
2026-05|REM|C_130,2026-05,REM,LIVERPOOL UNIVERSITY HOSPITALS NHS FOUNDATION TRUST,C_130,Ophthalmology Service,7560,9.8,
2026-05|REM|C_140,2026-05,REM,LIVERPOOL UNIVERSITY HOSPITALS NHS FOUNDATION TRUST,C_140,Oral Surgery Service,4271,18.0,
2026-05|REM|C_160,2026-05,REM,LIVERPOOL UNIVERSITY HOSPITALS NHS FOUNDATION TRUST,C_160,Plastic Surgery Service,210,28.5,
2026-05|REM|C_300,2026-05,REM,LIVERPOOL UNIVERSITY HOSPITALS NHS FOUNDATION TRUST,C_300,General Internal Medicine Service,35,1.9,
2026-05|REM|C_301,2026-05,REM,LIVERPOOL UNIVERSITY HOSPITALS NHS FOUNDATION TRUST,C_301,Gastroenterology Service,6618,14.8,
2026-05|REM|C_320,2026-05,REM,LIVERPOOL UNIVERSITY HOSPITALS NHS FOUNDATION TRUST,C_320,Cardiology Service,2855,10.4,
2026-05|REM|C_330,2026-05,REM,LIVERPOOL UNIVERSITY HOSPITALS NHS FOUNDATION TRUST,C_330,Dermatology Service,3822,11.9,
2026-05|REM|C_340,2026-05,REM,LIVERPOOL UNIVERSITY HOSPITALS NHS FOUNDATION TRUST,C_340,Respiratory Medicine Service,1306,9.0,
2026-05|REM|C_410,2026-05,REM,LIVERPOOL UNIVERSITY HOSPITALS NHS FOUNDATION TRUST,C_410,Rheumatology Service,490,9.3,
2026-05|REM|C_430,2026-05,REM,LIVERPOOL UNIVERSITY HOSPITALS NHS FOUNDATION TRUST,C_430,Elderly Medicine Service,1044,15.7,
2026-05|REM|C_999,2026-05,REM,LIVERPOOL UNIVERSITY HOSPITALS NHS FOUNDATION TRUST,C_999,Total,61413,14.0,
2026-05|REM|X02,2026-05,REM,LIVERPOOL UNIVERSITY HOSPITALS NHS FOUNDATION TRUST,X02,Other - Medical Services,4328,11.6,
2026-05|REM|X04,2026-05,REM,LIVERPOOL UNIVERSITY HOSPITALS NHS FOUNDATION TRUST,X04,Other - Paediatric Services,928,14.9,
2026-05|REM|X05,2026-05,REM,LIVERPOOL UNIVERSITY HOSPITALS NHS FOUNDATION TRUST,X05,Other - Surgical Services,9035,16.1,
2026-05|REM|X06,2026-05,REM,LIVERPOOL UNIVERSITY HOSPITALS NHS FOUNDATION TRUST,X06,Other - Other Services,3526,12.2,
2026-05|REN|C_999,2026-05,REN,THE CLATTERBRIDGE CANCER CENTRE NHS FOUNDATION TRUST,C_999,Total,629,5.3,
2026-05|REN|X02,2026-05,REN,THE CLATTERBRIDGE CANCER CENTRE NHS FOUNDATION TRUST,X02,Other - Medical Services,330,5.0,
2026-05|REN|X06,2026-05,REN,THE CLATTERBRIDGE CANCER CENTRE NHS FOUNDATION TRUST,X06,Other - Other Services,299,6.0,
2026-05|REP|C_502,2026-05,REP,LIVERPOOL WOMEN'S NHS FOUNDATION TRUST,C_502,Gynaecology Service,10301,14.2,
2026-05|REP|C_999,2026-05,REP,LIVERPOOL WOMEN'S NHS FOUNDATION TRUST,C_999,Total,11610,13.5,
2026-05|REP|X06,2026-05,REP,LIVERPOOL WOMEN'S NHS FOUNDATION TRUST,X06,Other - Other Services,1309,9.7,
2026-05|RET|C_130,2026-05,RET,THE WALTON CENTRE NHS FOUNDATION TRUST,C_130,Ophthalmology Service,13,4.8,
2026-05|RET|C_150,2026-05,RET,THE WALTON CENTRE NHS FOUNDATION TRUST,C_150,Neurosurgical Service,4121,11.7,
2026-05|RET|C_400,2026-05,RET,THE WALTON CENTRE NHS FOUNDATION TRUST,C_400,Neurology Service,7702,11.5,
2026-05|RET|C_999,2026-05,RET,THE WALTON CENTRE NHS FOUNDATION TRUST,C_999,Total,15364,12.0,
2026-05|RET|X02,2026-05,RET,THE WALTON CENTRE NHS FOUNDATION TRUST,X02,Other - Medical Services,3051,13.4,
2026-05|RET|X03,2026-05,RET,THE WALTON CENTRE NHS FOUNDATION TRUST,X03,Other - Mental Health Services,28,5.5,
2026-05|RET|X05,2026-05,RET,THE WALTON CENTRE NHS FOUNDATION TRUST,X05,Other - Surgical Services,445,19.8,
2026-05|RET|X06,2026-05,RET,THE WALTON CENTRE NHS FOUNDATION TRUST,X06,Other - Other Services,4,4.0,
2026-05|RF4|C_100,2026-05,RF4,"BARKING, HAVERING AND REDBRIDGE UNIVERSITY HOSPITALS NHS TRUST",C_100,General Surgery Service,7104,16.8,
2026-05|RF4|C_101,2026-05,RF4,"BARKING, HAVERING AND REDBRIDGE UNIVERSITY HOSPITALS NHS TRUST",C_101,Urology Service,4426,11.9,
2026-05|RF4|C_110,2026-05,RF4,"BARKING, HAVERING AND REDBRIDGE UNIVERSITY HOSPITALS NHS TRUST",C_110,Trauma and Orthopaedic Service,5371,14.0,
2026-05|RF4|C_120,2026-05,RF4,"BARKING, HAVERING AND REDBRIDGE UNIVERSITY HOSPITALS NHS TRUST",C_120,Ear Nose and Throat Service,5711,13.3,
2026-05|RF4|C_130,2026-05,RF4,"BARKING, HAVERING AND REDBRIDGE UNIVERSITY HOSPITALS NHS TRUST",C_130,Ophthalmology Service,3935,8.0,
2026-05|RF4|C_140,2026-05,RF4,"BARKING, HAVERING AND REDBRIDGE UNIVERSITY HOSPITALS NHS TRUST",C_140,Oral Surgery Service,2297,7.7,
2026-05|RF4|C_150,2026-05,RF4,"BARKING, HAVERING AND REDBRIDGE UNIVERSITY HOSPITALS NHS TRUST",C_150,Neurosurgical Service,2422,9.9,
2026-05|RF4|C_300,2026-05,RF4,"BARKING, HAVERING AND REDBRIDGE UNIVERSITY HOSPITALS NHS TRUST",C_300,General Internal Medicine Service,20,5.4,
2026-05|RF4|C_301,2026-05,RF4,"BARKING, HAVERING AND REDBRIDGE UNIVERSITY HOSPITALS NHS TRUST",C_301,Gastroenterology Service,4261,10.6,
2026-05|RF4|C_320,2026-05,RF4,"BARKING, HAVERING AND REDBRIDGE UNIVERSITY HOSPITALS NHS TRUST",C_320,Cardiology Service,4247,10.0,
2026-05|RF4|C_330,2026-05,RF4,"BARKING, HAVERING AND REDBRIDGE UNIVERSITY HOSPITALS NHS TRUST",C_330,Dermatology Service,3346,15.8,
2026-05|RF4|C_340,2026-05,RF4,"BARKING, HAVERING AND REDBRIDGE UNIVERSITY HOSPITALS NHS TRUST",C_340,Respiratory Medicine Service,2706,5.9,
2026-05|RF4|C_400,2026-05,RF4,"BARKING, HAVERING AND REDBRIDGE UNIVERSITY HOSPITALS NHS TRUST",C_400,Neurology Service,3039,14.0,
2026-05|RF4|C_410,2026-05,RF4,"BARKING, HAVERING AND REDBRIDGE UNIVERSITY HOSPITALS NHS TRUST",C_410,Rheumatology Service,1048,10.7,
2026-05|RF4|C_430,2026-05,RF4,"BARKING, HAVERING AND REDBRIDGE UNIVERSITY HOSPITALS NHS TRUST",C_430,Elderly Medicine Service,735,5.0,
2026-05|RF4|C_502,2026-05,RF4,"BARKING, HAVERING AND REDBRIDGE UNIVERSITY HOSPITALS NHS TRUST",C_502,Gynaecology Service,6028,19.0,
2026-05|RF4|C_999,2026-05,RF4,"BARKING, HAVERING AND REDBRIDGE UNIVERSITY HOSPITALS NHS TRUST",C_999,Total,68706,11.9,
2026-05|RF4|X02,2026-05,RF4,"BARKING, HAVERING AND REDBRIDGE UNIVERSITY HOSPITALS NHS TRUST",X02,Other - Medical Services,7521,10.6,
2026-05|RF4|X04,2026-05,RF4,"BARKING, HAVERING AND REDBRIDGE UNIVERSITY HOSPITALS NHS TRUST",X04,Other - Paediatric Services,357,14.5,
2026-05|RF4|X05,2026-05,RF4,"BARKING, HAVERING AND REDBRIDGE UNIVERSITY HOSPITALS NHS TRUST",X05,Other - Surgical Services,3429,11.7,
2026-05|RF4|X06,2026-05,RF4,"BARKING, HAVERING AND REDBRIDGE UNIVERSITY HOSPITALS NHS TRUST",X06,Other - Other Services,703,8.1,
2026-05|RFF|C_100,2026-05,RFF,BARNSLEY HOSPITAL NHS FOUNDATION TRUST,C_100,General Surgery Service,2107,9.6,
2026-05|RFF|C_101,2026-05,RFF,BARNSLEY HOSPITAL NHS FOUNDATION TRUST,C_101,Urology Service,1206,11.2,
2026-05|RFF|C_110,2026-05,RFF,BARNSLEY HOSPITAL NHS FOUNDATION TRUST,C_110,Trauma and Orthopaedic Service,2756,15.1,
2026-05|RFF|C_120,2026-05,RFF,BARNSLEY HOSPITAL NHS FOUNDATION TRUST,C_120,Ear Nose and Throat Service,3312,12.6,
2026-05|RFF|C_130,2026-05,RFF,BARNSLEY HOSPITAL NHS FOUNDATION TRUST,C_130,Ophthalmology Service,3468,11.1,
2026-05|RFF|C_140,2026-05,RFF,BARNSLEY HOSPITAL NHS FOUNDATION TRUST,C_140,Oral Surgery Service,1526,16.2,
2026-05|RFF|C_300,2026-05,RFF,BARNSLEY HOSPITAL NHS FOUNDATION TRUST,C_300,General Internal Medicine Service,34,4.2,
2026-05|RFF|C_301,2026-05,RFF,BARNSLEY HOSPITAL NHS FOUNDATION TRUST,C_301,Gastroenterology Service,1257,8.0,
2026-05|RFF|C_320,2026-05,RFF,BARNSLEY HOSPITAL NHS FOUNDATION TRUST,C_320,Cardiology Service,703,6.5,
2026-05|RFF|C_330,2026-05,RFF,BARNSLEY HOSPITAL NHS FOUNDATION TRUST,C_330,Dermatology Service,1622,10.1,
2026-05|RFF|C_340,2026-05,RFF,BARNSLEY HOSPITAL NHS FOUNDATION TRUST,C_340,Respiratory Medicine Service,388,4.5,
2026-05|RFF|C_410,2026-05,RFF,BARNSLEY HOSPITAL NHS FOUNDATION TRUST,C_410,Rheumatology Service,215,2.6,
2026-05|RFF|C_430,2026-05,RFF,BARNSLEY HOSPITAL NHS FOUNDATION TRUST,C_430,Elderly Medicine Service,127,6.8,
2026-05|RFF|C_502,2026-05,RFF,BARNSLEY HOSPITAL NHS FOUNDATION TRUST,C_502,Gynaecology Service,2200,11.6,
2026-05|RFF|C_999,2026-05,RFF,BARNSLEY HOSPITAL NHS FOUNDATION TRUST,C_999,Total,22324,10.8,
2026-05|RFF|X02,2026-05,RFF,BARNSLEY HOSPITAL NHS FOUNDATION TRUST,X02,Other - Medical Services,489,5.7,
2026-05|RFF|X04,2026-05,RFF,BARNSLEY HOSPITAL NHS FOUNDATION TRUST,X04,Other - Paediatric Services,886,10.4,
2026-05|RFF|X06,2026-05,RFF,BARNSLEY HOSPITAL NHS FOUNDATION TRUST,X06,Other - Other Services,28,10.0,
2026-05|RFR|C_100,2026-05,RFR,THE ROTHERHAM NHS FOUNDATION TRUST,C_100,General Surgery Service,1830,14.8,
2026-05|RFR|C_101,2026-05,RFR,THE ROTHERHAM NHS FOUNDATION TRUST,C_101,Urology Service,1673,12.3,
2026-05|RFR|C_110,2026-05,RFR,THE ROTHERHAM NHS FOUNDATION TRUST,C_110,Trauma and Orthopaedic Service,4563,16.6,
2026-05|RFR|C_120,2026-05,RFR,THE ROTHERHAM NHS FOUNDATION TRUST,C_120,Ear Nose and Throat Service,2391,8.9,
2026-05|RFR|C_130,2026-05,RFR,THE ROTHERHAM NHS FOUNDATION TRUST,C_130,Ophthalmology Service,1896,7.8,
2026-05|RFR|C_140,2026-05,RFR,THE ROTHERHAM NHS FOUNDATION TRUST,C_140,Oral Surgery Service,2514,20.8,
2026-05|RFR|C_300,2026-05,RFR,THE ROTHERHAM NHS FOUNDATION TRUST,C_300,General Internal Medicine Service,21,6.4,
2026-05|RFR|C_301,2026-05,RFR,THE ROTHERHAM NHS FOUNDATION TRUST,C_301,Gastroenterology Service,1864,11.9,
2026-05|RFR|C_320,2026-05,RFR,THE ROTHERHAM NHS FOUNDATION TRUST,C_320,Cardiology Service,1596,9.7,
2026-05|RFR|C_330,2026-05,RFR,THE ROTHERHAM NHS FOUNDATION TRUST,C_330,Dermatology Service,2255,9.9,
2026-05|RFR|C_340,2026-05,RFR,THE ROTHERHAM NHS FOUNDATION TRUST,C_340,Respiratory Medicine Service,855,8.9,
2026-05|RFR|C_410,2026-05,RFR,THE ROTHERHAM NHS FOUNDATION TRUST,C_410,Rheumatology Service,737,6.7,
2026-05|RFR|C_430,2026-05,RFR,THE ROTHERHAM NHS FOUNDATION TRUST,C_430,Elderly Medicine Service,86,5.2,
2026-05|RFR|C_502,2026-05,RFR,THE ROTHERHAM NHS FOUNDATION TRUST,C_502,Gynaecology Service,3726,12.8,
2026-05|RFR|C_999,2026-05,RFR,THE ROTHERHAM NHS FOUNDATION TRUST,C_999,Total,29741,11.4,
2026-05|RFR|X02,2026-05,RFR,THE ROTHERHAM NHS FOUNDATION TRUST,X02,Other - Medical Services,696,8.2,
2026-05|RFR|X04,2026-05,RFR,THE ROTHERHAM NHS FOUNDATION TRUST,X04,Other - Paediatric Services,1152,9.0,
2026-05|RFR|X05,2026-05,RFR,THE ROTHERHAM NHS FOUNDATION TRUST,X05,Other - Surgical Services,1886,6.3,
2026-05|RFS|C_100,2026-05,RFS,CHESTERFIELD ROYAL HOSPITAL NHS FOUNDATION TRUST,C_100,General Surgery Service,1399,20.0,
2026-05|RFS|C_101,2026-05,RFS,CHESTERFIELD ROYAL HOSPITAL NHS FOUNDATION TRUST,C_101,Urology Service,1833,14.6,
2026-05|RFS|C_110,2026-05,RFS,CHESTERFIELD ROYAL HOSPITAL NHS FOUNDATION TRUST,C_110,Trauma and Orthopaedic Service,2314,18.7,
2026-05|RFS|C_120,2026-05,RFS,CHESTERFIELD ROYAL HOSPITAL NHS FOUNDATION TRUST,C_120,Ear Nose and Throat Service,2612,12.4,
2026-05|RFS|C_130,2026-05,RFS,CHESTERFIELD ROYAL HOSPITAL NHS FOUNDATION TRUST,C_130,Ophthalmology Service,2126,10.8,
2026-05|RFS|C_140,2026-05,RFS,CHESTERFIELD ROYAL HOSPITAL NHS FOUNDATION TRUST,C_140,Oral Surgery Service,1193,15.1,
2026-05|RFS|C_300,2026-05,RFS,CHESTERFIELD ROYAL HOSPITAL NHS FOUNDATION TRUST,C_300,General Internal Medicine Service,474,10.1,
2026-05|RFS|C_301,2026-05,RFS,CHESTERFIELD ROYAL HOSPITAL NHS FOUNDATION TRUST,C_301,Gastroenterology Service,1565,11.8,
2026-05|RFS|C_320,2026-05,RFS,CHESTERFIELD ROYAL HOSPITAL NHS FOUNDATION TRUST,C_320,Cardiology Service,1115,11.5,
2026-05|RFS|C_330,2026-05,RFS,CHESTERFIELD ROYAL HOSPITAL NHS FOUNDATION TRUST,C_330,Dermatology Service,2188,12.8,
2026-05|RFS|C_340,2026-05,RFS,CHESTERFIELD ROYAL HOSPITAL NHS FOUNDATION TRUST,C_340,Respiratory Medicine Service,491,9.8,
2026-05|RFS|C_410,2026-05,RFS,CHESTERFIELD ROYAL HOSPITAL NHS FOUNDATION TRUST,C_410,Rheumatology Service,370,7.4,
2026-05|RFS|C_502,2026-05,RFS,CHESTERFIELD ROYAL HOSPITAL NHS FOUNDATION TRUST,C_502,Gynaecology Service,2539,14.0,
2026-05|RFS|C_999,2026-05,RFS,CHESTERFIELD ROYAL HOSPITAL NHS FOUNDATION TRUST,C_999,Total,27341,13.1,
2026-05|RFS|X02,2026-05,RFS,CHESTERFIELD ROYAL HOSPITAL NHS FOUNDATION TRUST,X02,Other - Medical Services,2113,13.9,
2026-05|RFS|X04,2026-05,RFS,CHESTERFIELD ROYAL HOSPITAL NHS FOUNDATION TRUST,X04,Other - Paediatric Services,2120,11.2,
2026-05|RFS|X05,2026-05,RFS,CHESTERFIELD ROYAL HOSPITAL NHS FOUNDATION TRUST,X05,Other - Surgical Services,2889,13.8,
2026-05|RGM|C_170,2026-05,RGM,ROYAL PAPWORTH HOSPITAL NHS FOUNDATION TRUST,C_170,Cardiothoracic Surgery Service,520,9.6,
2026-05|RGM|C_320,2026-05,RGM,ROYAL PAPWORTH HOSPITAL NHS FOUNDATION TRUST,C_320,Cardiology Service,2205,13.5,
2026-05|RGM|C_340,2026-05,RGM,ROYAL PAPWORTH HOSPITAL NHS FOUNDATION TRUST,C_340,Respiratory Medicine Service,2678,5.9,
2026-05|RGM|C_999,2026-05,RGM,ROYAL PAPWORTH HOSPITAL NHS FOUNDATION TRUST,C_999,Total,5403,8.4,
2026-05|RGN|C_100,2026-05,RGN,NORTH WEST ANGLIA NHS FOUNDATION TRUST,C_100,General Surgery Service,6034,13.5,
2026-05|RGN|C_101,2026-05,RGN,NORTH WEST ANGLIA NHS FOUNDATION TRUST,C_101,Urology Service,5279,11.5,
2026-05|RGN|C_110,2026-05,RGN,NORTH WEST ANGLIA NHS FOUNDATION TRUST,C_110,Trauma and Orthopaedic Service,6996,16.2,
2026-05|RGN|C_120,2026-05,RGN,NORTH WEST ANGLIA NHS FOUNDATION TRUST,C_120,Ear Nose and Throat Service,7681,16.4,
2026-05|RGN|C_130,2026-05,RGN,NORTH WEST ANGLIA NHS FOUNDATION TRUST,C_130,Ophthalmology Service,6431,13.3,
2026-05|RGN|C_140,2026-05,RGN,NORTH WEST ANGLIA NHS FOUNDATION TRUST,C_140,Oral Surgery Service,2826,18.2,
2026-05|RGN|C_160,2026-05,RGN,NORTH WEST ANGLIA NHS FOUNDATION TRUST,C_160,Plastic Surgery Service,1465,13.0,
2026-05|RGN|C_300,2026-05,RGN,NORTH WEST ANGLIA NHS FOUNDATION TRUST,C_300,General Internal Medicine Service,112,8.0,
2026-05|RGN|C_301,2026-05,RGN,NORTH WEST ANGLIA NHS FOUNDATION TRUST,C_301,Gastroenterology Service,5873,12.7,
2026-05|RGN|C_320,2026-05,RGN,NORTH WEST ANGLIA NHS FOUNDATION TRUST,C_320,Cardiology Service,8804,13.5,
2026-05|RGN|C_330,2026-05,RGN,NORTH WEST ANGLIA NHS FOUNDATION TRUST,C_330,Dermatology Service,4894,13.1,
2026-05|RGN|C_340,2026-05,RGN,NORTH WEST ANGLIA NHS FOUNDATION TRUST,C_340,Respiratory Medicine Service,1287,7.7,
2026-05|RGN|C_400,2026-05,RGN,NORTH WEST ANGLIA NHS FOUNDATION TRUST,C_400,Neurology Service,1591,16.9,
2026-05|RGN|C_410,2026-05,RGN,NORTH WEST ANGLIA NHS FOUNDATION TRUST,C_410,Rheumatology Service,1248,12.6,
2026-05|RGN|C_430,2026-05,RGN,NORTH WEST ANGLIA NHS FOUNDATION TRUST,C_430,Elderly Medicine Service,374,8.1,
2026-05|RGN|C_502,2026-05,RGN,NORTH WEST ANGLIA NHS FOUNDATION TRUST,C_502,Gynaecology Service,6333,16.3,
2026-05|RGN|C_999,2026-05,RGN,NORTH WEST ANGLIA NHS FOUNDATION TRUST,C_999,Total,78222,13.9,
2026-05|RGN|X02,2026-05,RGN,NORTH WEST ANGLIA NHS FOUNDATION TRUST,X02,Other - Medical Services,7987,13.6,
2026-05|RGN|X04,2026-05,RGN,NORTH WEST ANGLIA NHS FOUNDATION TRUST,X04,Other - Paediatric Services,826,11.4,
2026-05|RGN|X05,2026-05,RGN,NORTH WEST ANGLIA NHS FOUNDATION TRUST,X05,Other - Surgical Services,1618,9.9,
2026-05|RGN|X06,2026-05,RGN,NORTH WEST ANGLIA NHS FOUNDATION TRUST,X06,Other - Other Services,563,18.7,
2026-05|RGP|C_100,2026-05,RGP,JAMES PAGET UNIVERSITY HOSPITALS NHS FOUNDATION TRUST,C_100,General Surgery Service,3343,13.5,
2026-05|RGP|C_101,2026-05,RGP,JAMES PAGET UNIVERSITY HOSPITALS NHS FOUNDATION TRUST,C_101,Urology Service,1905,19.8,
2026-05|RGP|C_110,2026-05,RGP,JAMES PAGET UNIVERSITY HOSPITALS NHS FOUNDATION TRUST,C_110,Trauma and Orthopaedic Service,2244,11.6,
2026-05|RGP|C_120,2026-05,RGP,JAMES PAGET UNIVERSITY HOSPITALS NHS FOUNDATION TRUST,C_120,Ear Nose and Throat Service,3626,21.8,
2026-05|RGP|C_130,2026-05,RGP,JAMES PAGET UNIVERSITY HOSPITALS NHS FOUNDATION TRUST,C_130,Ophthalmology Service,3381,13.4,
2026-05|RGP|C_140,2026-05,RGP,JAMES PAGET UNIVERSITY HOSPITALS NHS FOUNDATION TRUST,C_140,Oral Surgery Service,895,17.3,
2026-05|RGP|C_160,2026-05,RGP,JAMES PAGET UNIVERSITY HOSPITALS NHS FOUNDATION TRUST,C_160,Plastic Surgery Service,151,15.1,
2026-05|RGP|C_300,2026-05,RGP,JAMES PAGET UNIVERSITY HOSPITALS NHS FOUNDATION TRUST,C_300,General Internal Medicine Service,21,10.2,
2026-05|RGP|C_301,2026-05,RGP,JAMES PAGET UNIVERSITY HOSPITALS NHS FOUNDATION TRUST,C_301,Gastroenterology Service,2275,19.9,
2026-05|RGP|C_320,2026-05,RGP,JAMES PAGET UNIVERSITY HOSPITALS NHS FOUNDATION TRUST,C_320,Cardiology Service,1807,17.7,
2026-05|RGP|C_330,2026-05,RGP,JAMES PAGET UNIVERSITY HOSPITALS NHS FOUNDATION TRUST,C_330,Dermatology Service,1827,10.3,
2026-05|RGP|C_340,2026-05,RGP,JAMES PAGET UNIVERSITY HOSPITALS NHS FOUNDATION TRUST,C_340,Respiratory Medicine Service,1090,10.6,
2026-05|RGP|C_400,2026-05,RGP,JAMES PAGET UNIVERSITY HOSPITALS NHS FOUNDATION TRUST,C_400,Neurology Service,2435,21.9,
2026-05|RGP|C_410,2026-05,RGP,JAMES PAGET UNIVERSITY HOSPITALS NHS FOUNDATION TRUST,C_410,Rheumatology Service,554,9.0,
2026-05|RGP|C_430,2026-05,RGP,JAMES PAGET UNIVERSITY HOSPITALS NHS FOUNDATION TRUST,C_430,Elderly Medicine Service,17,4.6,
2026-05|RGP|C_502,2026-05,RGP,JAMES PAGET UNIVERSITY HOSPITALS NHS FOUNDATION TRUST,C_502,Gynaecology Service,2104,13.1,
2026-05|RGP|C_999,2026-05,RGP,JAMES PAGET UNIVERSITY HOSPITALS NHS FOUNDATION TRUST,C_999,Total,32805,14.8,
2026-05|RGP|X02,2026-05,RGP,JAMES PAGET UNIVERSITY HOSPITALS NHS FOUNDATION TRUST,X02,Other - Medical Services,634,6.6,
2026-05|RGP|X04,2026-05,RGP,JAMES PAGET UNIVERSITY HOSPITALS NHS FOUNDATION TRUST,X04,Other - Paediatric Services,2434,14.2,
2026-05|RGP|X05,2026-05,RGP,JAMES PAGET UNIVERSITY HOSPITALS NHS FOUNDATION TRUST,X05,Other - Surgical Services,2024,11.5,
2026-05|RGP|X06,2026-05,RGP,JAMES PAGET UNIVERSITY HOSPITALS NHS FOUNDATION TRUST,X06,Other - Other Services,38,1.0,
2026-05|RGR|C_100,2026-05,RGR,WEST SUFFOLK NHS FOUNDATION TRUST,C_100,General Surgery Service,2097,17.0,
2026-05|RGR|C_101,2026-05,RGR,WEST SUFFOLK NHS FOUNDATION TRUST,C_101,Urology Service,2063,12.6,
2026-05|RGR|C_110,2026-05,RGR,WEST SUFFOLK NHS FOUNDATION TRUST,C_110,Trauma and Orthopaedic Service,4269,17.4,
2026-05|RGR|C_120,2026-05,RGR,WEST SUFFOLK NHS FOUNDATION TRUST,C_120,Ear Nose and Throat Service,3037,11.0,
2026-05|RGR|C_130,2026-05,RGR,WEST SUFFOLK NHS FOUNDATION TRUST,C_130,Ophthalmology Service,2375,11.5,
2026-05|RGR|C_160,2026-05,RGR,WEST SUFFOLK NHS FOUNDATION TRUST,C_160,Plastic Surgery Service,818,19.2,
2026-05|RGR|C_300,2026-05,RGR,WEST SUFFOLK NHS FOUNDATION TRUST,C_300,General Internal Medicine Service,702,11.3,
2026-05|RGR|C_301,2026-05,RGR,WEST SUFFOLK NHS FOUNDATION TRUST,C_301,Gastroenterology Service,905,12.1,
2026-05|RGR|C_320,2026-05,RGR,WEST SUFFOLK NHS FOUNDATION TRUST,C_320,Cardiology Service,1253,10.4,
2026-05|RGR|C_330,2026-05,RGR,WEST SUFFOLK NHS FOUNDATION TRUST,C_330,Dermatology Service,2294,7.4,
2026-05|RGR|C_340,2026-05,RGR,WEST SUFFOLK NHS FOUNDATION TRUST,C_340,Respiratory Medicine Service,708,8.5,
2026-05|RGR|C_400,2026-05,RGR,WEST SUFFOLK NHS FOUNDATION TRUST,C_400,Neurology Service,926,14.3,
2026-05|RGR|C_410,2026-05,RGR,WEST SUFFOLK NHS FOUNDATION TRUST,C_410,Rheumatology Service,728,8.0,
2026-05|RGR|C_430,2026-05,RGR,WEST SUFFOLK NHS FOUNDATION TRUST,C_430,Elderly Medicine Service,22,5.5,
2026-05|RGR|C_502,2026-05,RGR,WEST SUFFOLK NHS FOUNDATION TRUST,C_502,Gynaecology Service,3165,16.3,
2026-05|RGR|C_999,2026-05,RGR,WEST SUFFOLK NHS FOUNDATION TRUST,C_999,Total,33140,12.5,
2026-05|RGR|X02,2026-05,RGR,WEST SUFFOLK NHS FOUNDATION TRUST,X02,Other - Medical Services,2146,13.6,
2026-05|RGR|X03,2026-05,RGR,WEST SUFFOLK NHS FOUNDATION TRUST,X03,Other - Mental Health Services,1,2.5,
2026-05|RGR|X04,2026-05,RGR,WEST SUFFOLK NHS FOUNDATION TRUST,X04,Other - Paediatric Services,1597,12.9,
2026-05|RGR|X05,2026-05,RGR,WEST SUFFOLK NHS FOUNDATION TRUST,X05,Other - Surgical Services,3897,12.0,
2026-05|RGR|X06,2026-05,RGR,WEST SUFFOLK NHS FOUNDATION TRUST,X06,Other - Other Services,137,15.6,
2026-05|RGT|C_100,2026-05,RGT,CAMBRIDGE UNIVERSITY HOSPITALS NHS FOUNDATION TRUST,C_100,General Surgery Service,1481,17.1,
2026-05|RGT|C_101,2026-05,RGT,CAMBRIDGE UNIVERSITY HOSPITALS NHS FOUNDATION TRUST,C_101,Urology Service,2326,12.5,
2026-05|RGT|C_110,2026-05,RGT,CAMBRIDGE UNIVERSITY HOSPITALS NHS FOUNDATION TRUST,C_110,Trauma and Orthopaedic Service,4410,16.3,
2026-05|RGT|C_120,2026-05,RGT,CAMBRIDGE UNIVERSITY HOSPITALS NHS FOUNDATION TRUST,C_120,Ear Nose and Throat Service,3628,16.9,
2026-05|RGT|C_130,2026-05,RGT,CAMBRIDGE UNIVERSITY HOSPITALS NHS FOUNDATION TRUST,C_130,Ophthalmology Service,4157,11.4,
2026-05|RGT|C_140,2026-05,RGT,CAMBRIDGE UNIVERSITY HOSPITALS NHS FOUNDATION TRUST,C_140,Oral Surgery Service,3757,22.4,
2026-05|RGT|C_150,2026-05,RGT,CAMBRIDGE UNIVERSITY HOSPITALS NHS FOUNDATION TRUST,C_150,Neurosurgical Service,2021,12.7,
2026-05|RGT|C_160,2026-05,RGT,CAMBRIDGE UNIVERSITY HOSPITALS NHS FOUNDATION TRUST,C_160,Plastic Surgery Service,2032,13.3,
2026-05|RGT|C_300,2026-05,RGT,CAMBRIDGE UNIVERSITY HOSPITALS NHS FOUNDATION TRUST,C_300,General Internal Medicine Service,768,24.9,
2026-05|RGT|C_301,2026-05,RGT,CAMBRIDGE UNIVERSITY HOSPITALS NHS FOUNDATION TRUST,C_301,Gastroenterology Service,1793,5.7,
2026-05|RGT|C_320,2026-05,RGT,CAMBRIDGE UNIVERSITY HOSPITALS NHS FOUNDATION TRUST,C_320,Cardiology Service,3248,17.8,
2026-05|RGT|C_330,2026-05,RGT,CAMBRIDGE UNIVERSITY HOSPITALS NHS FOUNDATION TRUST,C_330,Dermatology Service,3489,11.0,
2026-05|RGT|C_340,2026-05,RGT,CAMBRIDGE UNIVERSITY HOSPITALS NHS FOUNDATION TRUST,C_340,Respiratory Medicine Service,748,6.7,
2026-05|RGT|C_400,2026-05,RGT,CAMBRIDGE UNIVERSITY HOSPITALS NHS FOUNDATION TRUST,C_400,Neurology Service,1557,11.0,
2026-05|RGT|C_410,2026-05,RGT,CAMBRIDGE UNIVERSITY HOSPITALS NHS FOUNDATION TRUST,C_410,Rheumatology Service,1847,7.1,
2026-05|RGT|C_430,2026-05,RGT,CAMBRIDGE UNIVERSITY HOSPITALS NHS FOUNDATION TRUST,C_430,Elderly Medicine Service,69,4.9,
2026-05|RGT|C_502,2026-05,RGT,CAMBRIDGE UNIVERSITY HOSPITALS NHS FOUNDATION TRUST,C_502,Gynaecology Service,4511,18.4,
2026-05|RGT|C_999,2026-05,RGT,CAMBRIDGE UNIVERSITY HOSPITALS NHS FOUNDATION TRUST,C_999,Total,59827,12.3,
2026-05|RGT|X02,2026-05,RGT,CAMBRIDGE UNIVERSITY HOSPITALS NHS FOUNDATION TRUST,X02,Other - Medical Services,8130,8.3,
2026-05|RGT|X03,2026-05,RGT,CAMBRIDGE UNIVERSITY HOSPITALS NHS FOUNDATION TRUST,X03,Other - Mental Health Services,10,19.0,
2026-05|RGT|X04,2026-05,RGT,CAMBRIDGE UNIVERSITY HOSPITALS NHS FOUNDATION TRUST,X04,Other - Paediatric Services,4748,11.8,
2026-05|RGT|X05,2026-05,RGT,CAMBRIDGE UNIVERSITY HOSPITALS NHS FOUNDATION TRUST,X05,Other - Surgical Services,4156,9.4,
2026-05|RGT|X06,2026-05,RGT,CAMBRIDGE UNIVERSITY HOSPITALS NHS FOUNDATION TRUST,X06,Other - Other Services,941,7.4,
2026-05|RH5|C_100,2026-05,RH5,SOMERSET NHS FOUNDATION TRUST,C_100,General Surgery Service,2807,13.0,
2026-05|RH5|C_101,2026-05,RH5,SOMERSET NHS FOUNDATION TRUST,C_101,Urology Service,3102,16.2,
2026-05|RH5|C_110,2026-05,RH5,SOMERSET NHS FOUNDATION TRUST,C_110,Trauma and Orthopaedic Service,8800,11.9,
2026-05|RH5|C_120,2026-05,RH5,SOMERSET NHS FOUNDATION TRUST,C_120,Ear Nose and Throat Service,5094,14.7,
2026-05|RH5|C_130,2026-05,RH5,SOMERSET NHS FOUNDATION TRUST,C_130,Ophthalmology Service,3055,8.8,
2026-05|RH5|C_140,2026-05,RH5,SOMERSET NHS FOUNDATION TRUST,C_140,Oral Surgery Service,3662,17.8,
2026-05|RH5|C_160,2026-05,RH5,SOMERSET NHS FOUNDATION TRUST,C_160,Plastic Surgery Service,112,9.0,
2026-05|RH5|C_170,2026-05,RH5,SOMERSET NHS FOUNDATION TRUST,C_170,Cardiothoracic Surgery Service,13,10.8,
2026-05|RH5|C_300,2026-05,RH5,SOMERSET NHS FOUNDATION TRUST,C_300,General Internal Medicine Service,55,12.6,
2026-05|RH5|C_301,2026-05,RH5,SOMERSET NHS FOUNDATION TRUST,C_301,Gastroenterology Service,2090,11.2,
2026-05|RH5|C_320,2026-05,RH5,SOMERSET NHS FOUNDATION TRUST,C_320,Cardiology Service,3156,13.3,
2026-05|RH5|C_330,2026-05,RH5,SOMERSET NHS FOUNDATION TRUST,C_330,Dermatology Service,3013,8.8,
2026-05|RH5|C_340,2026-05,RH5,SOMERSET NHS FOUNDATION TRUST,C_340,Respiratory Medicine Service,1507,7.9,
2026-05|RH5|C_400,2026-05,RH5,SOMERSET NHS FOUNDATION TRUST,C_400,Neurology Service,1124,12.8,
2026-05|RH5|C_410,2026-05,RH5,SOMERSET NHS FOUNDATION TRUST,C_410,Rheumatology Service,823,12.6,
2026-05|RH5|C_430,2026-05,RH5,SOMERSET NHS FOUNDATION TRUST,C_430,Elderly Medicine Service,712,9.1,
2026-05|RH5|C_502,2026-05,RH5,SOMERSET NHS FOUNDATION TRUST,C_502,Gynaecology Service,3847,15.3,
2026-05|RH5|C_999,2026-05,RH5,SOMERSET NHS FOUNDATION TRUST,C_999,Total,54011,12.1,
2026-05|RH5|X02,2026-05,RH5,SOMERSET NHS FOUNDATION TRUST,X02,Other - Medical Services,3834,9.0,
2026-05|RH5|X04,2026-05,RH5,SOMERSET NHS FOUNDATION TRUST,X04,Other - Paediatric Services,1175,9.6,
2026-05|RH5|X05,2026-05,RH5,SOMERSET NHS FOUNDATION TRUST,X05,Other - Surgical Services,5809,13.3,
2026-05|RH5|X06,2026-05,RH5,SOMERSET NHS FOUNDATION TRUST,X06,Other - Other Services,221,6.0,
2026-05|RH8|C_100,2026-05,RH8,ROYAL DEVON UNIVERSITY HEALTHCARE NHS FOUNDATION TRUST,C_100,General Surgery Service,971,16.2,
2026-05|RH8|C_101,2026-05,RH8,ROYAL DEVON UNIVERSITY HEALTHCARE NHS FOUNDATION TRUST,C_101,Urology Service,3626,11.7,
2026-05|RH8|C_110,2026-05,RH8,ROYAL DEVON UNIVERSITY HEALTHCARE NHS FOUNDATION TRUST,C_110,Trauma and Orthopaedic Service,10390,18.5,
2026-05|RH8|C_120,2026-05,RH8,ROYAL DEVON UNIVERSITY HEALTHCARE NHS FOUNDATION TRUST,C_120,Ear Nose and Throat Service,4994,16.7,
2026-05|RH8|C_130,2026-05,RH8,ROYAL DEVON UNIVERSITY HEALTHCARE NHS FOUNDATION TRUST,C_130,Ophthalmology Service,9130,13.2,
2026-05|RH8|C_140,2026-05,RH8,ROYAL DEVON UNIVERSITY HEALTHCARE NHS FOUNDATION TRUST,C_140,Oral Surgery Service,3215,12.8,
2026-05|RH8|C_160,2026-05,RH8,ROYAL DEVON UNIVERSITY HEALTHCARE NHS FOUNDATION TRUST,C_160,Plastic Surgery Service,1215,11.8,
2026-05|RH8|C_170,2026-05,RH8,ROYAL DEVON UNIVERSITY HEALTHCARE NHS FOUNDATION TRUST,C_170,Cardiothoracic Surgery Service,1,16.5,
2026-05|RH8|C_300,2026-05,RH8,ROYAL DEVON UNIVERSITY HEALTHCARE NHS FOUNDATION TRUST,C_300,General Internal Medicine Service,113,13.2,
2026-05|RH8|C_301,2026-05,RH8,ROYAL DEVON UNIVERSITY HEALTHCARE NHS FOUNDATION TRUST,C_301,Gastroenterology Service,2774,8.9,
2026-05|RH8|C_320,2026-05,RH8,ROYAL DEVON UNIVERSITY HEALTHCARE NHS FOUNDATION TRUST,C_320,Cardiology Service,6601,15.2,
2026-05|RH8|C_330,2026-05,RH8,ROYAL DEVON UNIVERSITY HEALTHCARE NHS FOUNDATION TRUST,C_330,Dermatology Service,5385,10.0,
2026-05|RH8|C_340,2026-05,RH8,ROYAL DEVON UNIVERSITY HEALTHCARE NHS FOUNDATION TRUST,C_340,Respiratory Medicine Service,2088,11.0,
2026-05|RH8|C_400,2026-05,RH8,ROYAL DEVON UNIVERSITY HEALTHCARE NHS FOUNDATION TRUST,C_400,Neurology Service,1702,14.3,
2026-05|RH8|C_410,2026-05,RH8,ROYAL DEVON UNIVERSITY HEALTHCARE NHS FOUNDATION TRUST,C_410,Rheumatology Service,721,8.1,
2026-05|RH8|C_430,2026-05,RH8,ROYAL DEVON UNIVERSITY HEALTHCARE NHS FOUNDATION TRUST,C_430,Elderly Medicine Service,342,8.5,
2026-05|RH8|C_502,2026-05,RH8,ROYAL DEVON UNIVERSITY HEALTHCARE NHS FOUNDATION TRUST,C_502,Gynaecology Service,5126,13.8,
2026-05|RH8|C_999,2026-05,RH8,ROYAL DEVON UNIVERSITY HEALTHCARE NHS FOUNDATION TRUST,C_999,Total,75722,13.0,
2026-05|RH8|X02,2026-05,RH8,ROYAL DEVON UNIVERSITY HEALTHCARE NHS FOUNDATION TRUST,X02,Other - Medical Services,7381,10.5,
2026-05|RH8|X04,2026-05,RH8,ROYAL DEVON UNIVERSITY HEALTHCARE NHS FOUNDATION TRUST,X04,Other - Paediatric Services,1305,11.2,
2026-05|RH8|X05,2026-05,RH8,ROYAL DEVON UNIVERSITY HEALTHCARE NHS FOUNDATION TRUST,X05,Other - Surgical Services,6745,11.9,
2026-05|RH8|X06,2026-05,RH8,ROYAL DEVON UNIVERSITY HEALTHCARE NHS FOUNDATION TRUST,X06,Other - Other Services,1897,8.5,
2026-05|RHM|C_100,2026-05,RHM,UNIVERSITY HOSPITAL SOUTHAMPTON NHS FOUNDATION TRUST,C_100,General Surgery Service,784,15.4,
2026-05|RHM|C_101,2026-05,RHM,UNIVERSITY HOSPITAL SOUTHAMPTON NHS FOUNDATION TRUST,C_101,Urology Service,2665,13.6,
2026-05|RHM|C_110,2026-05,RHM,UNIVERSITY HOSPITAL SOUTHAMPTON NHS FOUNDATION TRUST,C_110,Trauma and Orthopaedic Service,3925,16.4,
2026-05|RHM|C_120,2026-05,RHM,UNIVERSITY HOSPITAL SOUTHAMPTON NHS FOUNDATION TRUST,C_120,Ear Nose and Throat Service,1686,13.2,
2026-05|RHM|C_130,2026-05,RHM,UNIVERSITY HOSPITAL SOUTHAMPTON NHS FOUNDATION TRUST,C_130,Ophthalmology Service,7108,11.0,
2026-05|RHM|C_140,2026-05,RHM,UNIVERSITY HOSPITAL SOUTHAMPTON NHS FOUNDATION TRUST,C_140,Oral Surgery Service,2544,16.4,
2026-05|RHM|C_150,2026-05,RHM,UNIVERSITY HOSPITAL SOUTHAMPTON NHS FOUNDATION TRUST,C_150,Neurosurgical Service,1132,11.1,
2026-05|RHM|C_170,2026-05,RHM,UNIVERSITY HOSPITAL SOUTHAMPTON NHS FOUNDATION TRUST,C_170,Cardiothoracic Surgery Service,532,7.8,
2026-05|RHM|C_300,2026-05,RHM,UNIVERSITY HOSPITAL SOUTHAMPTON NHS FOUNDATION TRUST,C_300,General Internal Medicine Service,138,10.4,
2026-05|RHM|C_301,2026-05,RHM,UNIVERSITY HOSPITAL SOUTHAMPTON NHS FOUNDATION TRUST,C_301,Gastroenterology Service,1284,9.7,
2026-05|RHM|C_320,2026-05,RHM,UNIVERSITY HOSPITAL SOUTHAMPTON NHS FOUNDATION TRUST,C_320,Cardiology Service,3530,10.2,
2026-05|RHM|C_330,2026-05,RHM,UNIVERSITY HOSPITAL SOUTHAMPTON NHS FOUNDATION TRUST,C_330,Dermatology Service,5502,10.3,
2026-05|RHM|C_340,2026-05,RHM,UNIVERSITY HOSPITAL SOUTHAMPTON NHS FOUNDATION TRUST,C_340,Respiratory Medicine Service,857,8.6,
2026-05|RHM|C_400,2026-05,RHM,UNIVERSITY HOSPITAL SOUTHAMPTON NHS FOUNDATION TRUST,C_400,Neurology Service,5929,14.7,
2026-05|RHM|C_410,2026-05,RHM,UNIVERSITY HOSPITAL SOUTHAMPTON NHS FOUNDATION TRUST,C_410,Rheumatology Service,816,8.4,
2026-05|RHM|C_430,2026-05,RHM,UNIVERSITY HOSPITAL SOUTHAMPTON NHS FOUNDATION TRUST,C_430,Elderly Medicine Service,248,6.2,
2026-05|RHM|C_502,2026-05,RHM,UNIVERSITY HOSPITAL SOUTHAMPTON NHS FOUNDATION TRUST,C_502,Gynaecology Service,4277,16.6,
2026-05|RHM|C_999,2026-05,RHM,UNIVERSITY HOSPITAL SOUTHAMPTON NHS FOUNDATION TRUST,C_999,Total,63136,11.8,
2026-05|RHM|X02,2026-05,RHM,UNIVERSITY HOSPITAL SOUTHAMPTON NHS FOUNDATION TRUST,X02,Other - Medical Services,8786,12.4,
2026-05|RHM|X03,2026-05,RHM,UNIVERSITY HOSPITAL SOUTHAMPTON NHS FOUNDATION TRUST,X03,Other - Mental Health Services,3,2.5,
2026-05|RHM|X04,2026-05,RHM,UNIVERSITY HOSPITAL SOUTHAMPTON NHS FOUNDATION TRUST,X04,Other - Paediatric Services,6252,10.7,
2026-05|RHM|X05,2026-05,RHM,UNIVERSITY HOSPITAL SOUTHAMPTON NHS FOUNDATION TRUST,X05,Other - Surgical Services,4366,9.0,
2026-05|RHM|X06,2026-05,RHM,UNIVERSITY HOSPITAL SOUTHAMPTON NHS FOUNDATION TRUST,X06,Other - Other Services,772,6.5,
2026-05|RHU|C_100,2026-05,RHU,PORTSMOUTH HOSPITALS UNIVERSITY NHS TRUST,C_100,General Surgery Service,5452,11.1,
2026-05|RHU|C_101,2026-05,RHU,PORTSMOUTH HOSPITALS UNIVERSITY NHS TRUST,C_101,Urology Service,2404,10.8,
2026-05|RHU|C_110,2026-05,RHU,PORTSMOUTH HOSPITALS UNIVERSITY NHS TRUST,C_110,Trauma and Orthopaedic Service,5320,17.3,
2026-05|RHU|C_120,2026-05,RHU,PORTSMOUTH HOSPITALS UNIVERSITY NHS TRUST,C_120,Ear Nose and Throat Service,6976,15.9,
2026-05|RHU|C_130,2026-05,RHU,PORTSMOUTH HOSPITALS UNIVERSITY NHS TRUST,C_130,Ophthalmology Service,6758,13.9,
2026-05|RHU|C_140,2026-05,RHU,PORTSMOUTH HOSPITALS UNIVERSITY NHS TRUST,C_140,Oral Surgery Service,4244,20.3,
2026-05|RHU|C_160,2026-05,RHU,PORTSMOUTH HOSPITALS UNIVERSITY NHS TRUST,C_160,Plastic Surgery Service,480,13.7,
2026-05|RHU|C_301,2026-05,RHU,PORTSMOUTH HOSPITALS UNIVERSITY NHS TRUST,C_301,Gastroenterology Service,3762,11.3,
2026-05|RHU|C_320,2026-05,RHU,PORTSMOUTH HOSPITALS UNIVERSITY NHS TRUST,C_320,Cardiology Service,3168,11.6,
2026-05|RHU|C_330,2026-05,RHU,PORTSMOUTH HOSPITALS UNIVERSITY NHS TRUST,C_330,Dermatology Service,4045,12.0,
2026-05|RHU|C_340,2026-05,RHU,PORTSMOUTH HOSPITALS UNIVERSITY NHS TRUST,C_340,Respiratory Medicine Service,613,6.1,
2026-05|RHU|C_410,2026-05,RHU,PORTSMOUTH HOSPITALS UNIVERSITY NHS TRUST,C_410,Rheumatology Service,517,5.5,
2026-05|RHU|C_430,2026-05,RHU,PORTSMOUTH HOSPITALS UNIVERSITY NHS TRUST,C_430,Elderly Medicine Service,45,6.2,
2026-05|RHU|C_502,2026-05,RHU,PORTSMOUTH HOSPITALS UNIVERSITY NHS TRUST,C_502,Gynaecology Service,4928,16.7,
2026-05|RHU|C_999,2026-05,RHU,PORTSMOUTH HOSPITALS UNIVERSITY NHS TRUST,C_999,Total,56584,13.5,
2026-05|RHU|X02,2026-05,RHU,PORTSMOUTH HOSPITALS UNIVERSITY NHS TRUST,X02,Other - Medical Services,2930,10.2,
2026-05|RHU|X04,2026-05,RHU,PORTSMOUTH HOSPITALS UNIVERSITY NHS TRUST,X04,Other - Paediatric Services,865,5.8,
2026-05|RHU|X05,2026-05,RHU,PORTSMOUTH HOSPITALS UNIVERSITY NHS TRUST,X05,Other - Surgical Services,491,24.0,
2026-05|RHU|X06,2026-05,RHU,PORTSMOUTH HOSPITALS UNIVERSITY NHS TRUST,X06,Other - Other Services,3586,18.6,
2026-05|RHW|C_100,2026-05,RHW,ROYAL BERKSHIRE NHS FOUNDATION TRUST,C_100,General Surgery Service,2824,9.4,
2026-05|RHW|C_101,2026-05,RHW,ROYAL BERKSHIRE NHS FOUNDATION TRUST,C_101,Urology Service,2326,9.3,
2026-05|RHW|C_110,2026-05,RHW,ROYAL BERKSHIRE NHS FOUNDATION TRUST,C_110,Trauma and Orthopaedic Service,2235,9.0,
2026-05|RHW|C_120,2026-05,RHW,ROYAL BERKSHIRE NHS FOUNDATION TRUST,C_120,Ear Nose and Throat Service,3593,10.5,
2026-05|RHW|C_130,2026-05,RHW,ROYAL BERKSHIRE NHS FOUNDATION TRUST,C_130,Ophthalmology Service,5498,9.7,
2026-05|RHW|C_140,2026-05,RHW,ROYAL BERKSHIRE NHS FOUNDATION TRUST,C_140,Oral Surgery Service,472,7.7,
2026-05|RHW|C_160,2026-05,RHW,ROYAL BERKSHIRE NHS FOUNDATION TRUST,C_160,Plastic Surgery Service,337,10.7,
2026-05|RHW|C_301,2026-05,RHW,ROYAL BERKSHIRE NHS FOUNDATION TRUST,C_301,Gastroenterology Service,4181,10.6,
2026-05|RHW|C_320,2026-05,RHW,ROYAL BERKSHIRE NHS FOUNDATION TRUST,C_320,Cardiology Service,3417,10.2,
2026-05|RHW|C_330,2026-05,RHW,ROYAL BERKSHIRE NHS FOUNDATION TRUST,C_330,Dermatology Service,2405,9.0,
2026-05|RHW|C_340,2026-05,RHW,ROYAL BERKSHIRE NHS FOUNDATION TRUST,C_340,Respiratory Medicine Service,1475,6.8,
2026-05|RHW|C_400,2026-05,RHW,ROYAL BERKSHIRE NHS FOUNDATION TRUST,C_400,Neurology Service,896,7.5,
2026-05|RHW|C_410,2026-05,RHW,ROYAL BERKSHIRE NHS FOUNDATION TRUST,C_410,Rheumatology Service,527,8.6,
2026-05|RHW|C_502,2026-05,RHW,ROYAL BERKSHIRE NHS FOUNDATION TRUST,C_502,Gynaecology Service,2849,10.5,
2026-05|RHW|C_999,2026-05,RHW,ROYAL BERKSHIRE NHS FOUNDATION TRUST,C_999,Total,36116,9.7,
2026-05|RHW|X02,2026-05,RHW,ROYAL BERKSHIRE NHS FOUNDATION TRUST,X02,Other - Medical Services,1049,8.5,
2026-05|RHW|X04,2026-05,RHW,ROYAL BERKSHIRE NHS FOUNDATION TRUST,X04,Other - Paediatric Services,1616,9.7,
2026-05|RHW|X05,2026-05,RHW,ROYAL BERKSHIRE NHS FOUNDATION TRUST,X05,Other - Surgical Services,18,6.0,
2026-05|RHW|X06,2026-05,RHW,ROYAL BERKSHIRE NHS FOUNDATION TRUST,X06,Other - Other Services,398,13.5,
2026-05|RJ1|C_100,2026-05,RJ1,GUY'S AND ST THOMAS' NHS FOUNDATION TRUST,C_100,General Surgery Service,1619,16.5,
2026-05|RJ1|C_101,2026-05,RJ1,GUY'S AND ST THOMAS' NHS FOUNDATION TRUST,C_101,Urology Service,5772,16.6,
2026-05|RJ1|C_110,2026-05,RJ1,GUY'S AND ST THOMAS' NHS FOUNDATION TRUST,C_110,Trauma and Orthopaedic Service,5110,13.9,
2026-05|RJ1|C_120,2026-05,RJ1,GUY'S AND ST THOMAS' NHS FOUNDATION TRUST,C_120,Ear Nose and Throat Service,5872,14.8,
2026-05|RJ1|C_130,2026-05,RJ1,GUY'S AND ST THOMAS' NHS FOUNDATION TRUST,C_130,Ophthalmology Service,3514,8.8,
2026-05|RJ1|C_140,2026-05,RJ1,GUY'S AND ST THOMAS' NHS FOUNDATION TRUST,C_140,Oral Surgery Service,6076,8.5,
2026-05|RJ1|C_160,2026-05,RJ1,GUY'S AND ST THOMAS' NHS FOUNDATION TRUST,C_160,Plastic Surgery Service,4010,17.4,
2026-05|RJ1|C_170,2026-05,RJ1,GUY'S AND ST THOMAS' NHS FOUNDATION TRUST,C_170,Cardiothoracic Surgery Service,34,12.0,
2026-05|RJ1|C_300,2026-05,RJ1,GUY'S AND ST THOMAS' NHS FOUNDATION TRUST,C_300,General Internal Medicine Service,343,9.7,
2026-05|RJ1|C_301,2026-05,RJ1,GUY'S AND ST THOMAS' NHS FOUNDATION TRUST,C_301,Gastroenterology Service,3113,10.1,
2026-05|RJ1|C_320,2026-05,RJ1,GUY'S AND ST THOMAS' NHS FOUNDATION TRUST,C_320,Cardiology Service,10724,13.8,
2026-05|RJ1|C_330,2026-05,RJ1,GUY'S AND ST THOMAS' NHS FOUNDATION TRUST,C_330,Dermatology Service,6656,9.4,
2026-05|RJ1|C_340,2026-05,RJ1,GUY'S AND ST THOMAS' NHS FOUNDATION TRUST,C_340,Respiratory Medicine Service,10431,12.8,
2026-05|RJ1|C_400,2026-05,RJ1,GUY'S AND ST THOMAS' NHS FOUNDATION TRUST,C_400,Neurology Service,1182,6.4,
2026-05|RJ1|C_410,2026-05,RJ1,GUY'S AND ST THOMAS' NHS FOUNDATION TRUST,C_410,Rheumatology Service,466,5.7,
2026-05|RJ1|C_430,2026-05,RJ1,GUY'S AND ST THOMAS' NHS FOUNDATION TRUST,C_430,Elderly Medicine Service,707,4.9,
2026-05|RJ1|C_502,2026-05,RJ1,GUY'S AND ST THOMAS' NHS FOUNDATION TRUST,C_502,Gynaecology Service,7090,17.3,
2026-05|RJ1|C_999,2026-05,RJ1,GUY'S AND ST THOMAS' NHS FOUNDATION TRUST,C_999,Total,111987,11.2,
2026-05|RJ1|X02,2026-05,RJ1,GUY'S AND ST THOMAS' NHS FOUNDATION TRUST,X02,Other - Medical Services,16181,8.1,
2026-05|RJ1|X03,2026-05,RJ1,GUY'S AND ST THOMAS' NHS FOUNDATION TRUST,X03,Other - Mental Health Services,33,11.5,
2026-05|RJ1|X04,2026-05,RJ1,GUY'S AND ST THOMAS' NHS FOUNDATION TRUST,X04,Other - Paediatric Services,8907,8.0,
2026-05|RJ1|X05,2026-05,RJ1,GUY'S AND ST THOMAS' NHS FOUNDATION TRUST,X05,Other - Surgical Services,13361,12.0,
2026-05|RJ1|X06,2026-05,RJ1,GUY'S AND ST THOMAS' NHS FOUNDATION TRUST,X06,Other - Other Services,786,12.3,
2026-05|RJ2|C_100,2026-05,RJ2,LEWISHAM AND GREENWICH NHS TRUST,C_100,General Surgery Service,6627,12.4,
2026-05|RJ2|C_101,2026-05,RJ2,LEWISHAM AND GREENWICH NHS TRUST,C_101,Urology Service,3717,17.5,
2026-05|RJ2|C_110,2026-05,RJ2,LEWISHAM AND GREENWICH NHS TRUST,C_110,Trauma and Orthopaedic Service,6010,13.6,
2026-05|RJ2|C_120,2026-05,RJ2,LEWISHAM AND GREENWICH NHS TRUST,C_120,Ear Nose and Throat Service,8799,17.5,
2026-05|RJ2|C_160,2026-05,RJ2,LEWISHAM AND GREENWICH NHS TRUST,C_160,Plastic Surgery Service,19,11.5,
2026-05|RJ2|C_300,2026-05,RJ2,LEWISHAM AND GREENWICH NHS TRUST,C_300,General Internal Medicine Service,445,35.1,
2026-05|RJ2|C_301,2026-05,RJ2,LEWISHAM AND GREENWICH NHS TRUST,C_301,Gastroenterology Service,6237,14.3,
2026-05|RJ2|C_320,2026-05,RJ2,LEWISHAM AND GREENWICH NHS TRUST,C_320,Cardiology Service,3104,12.7,
2026-05|RJ2|C_330,2026-05,RJ2,LEWISHAM AND GREENWICH NHS TRUST,C_330,Dermatology Service,3018,8.1,
2026-05|RJ2|C_340,2026-05,RJ2,LEWISHAM AND GREENWICH NHS TRUST,C_340,Respiratory Medicine Service,2245,8.5,
2026-05|RJ2|C_400,2026-05,RJ2,LEWISHAM AND GREENWICH NHS TRUST,C_400,Neurology Service,2162,10.3,
2026-05|RJ2|C_410,2026-05,RJ2,LEWISHAM AND GREENWICH NHS TRUST,C_410,Rheumatology Service,692,12.2,
2026-05|RJ2|C_430,2026-05,RJ2,LEWISHAM AND GREENWICH NHS TRUST,C_430,Elderly Medicine Service,323,5.9,
2026-05|RJ2|C_502,2026-05,RJ2,LEWISHAM AND GREENWICH NHS TRUST,C_502,Gynaecology Service,7887,15.5,
2026-05|RJ2|C_999,2026-05,RJ2,LEWISHAM AND GREENWICH NHS TRUST,C_999,Total,57310,13.1,
2026-05|RJ2|X02,2026-05,RJ2,LEWISHAM AND GREENWICH NHS TRUST,X02,Other - Medical Services,2054,8.7,
2026-05|RJ2|X04,2026-05,RJ2,LEWISHAM AND GREENWICH NHS TRUST,X04,Other - Paediatric Services,2234,8.4,
2026-05|RJ2|X05,2026-05,RJ2,LEWISHAM AND GREENWICH NHS TRUST,X05,Other - Surgical Services,1722,14.1,
2026-05|RJ2|X06,2026-05,RJ2,LEWISHAM AND GREENWICH NHS TRUST,X06,Other - Other Services,15,9.5,
2026-05|RJ6|C_100,2026-05,RJ6,CROYDON HEALTH SERVICES NHS TRUST,C_100,General Surgery Service,2356,12.3,
2026-05|RJ6|C_101,2026-05,RJ6,CROYDON HEALTH SERVICES NHS TRUST,C_101,Urology Service,1489,7.1,
2026-05|RJ6|C_110,2026-05,RJ6,CROYDON HEALTH SERVICES NHS TRUST,C_110,Trauma and Orthopaedic Service,3666,9.3,
2026-05|RJ6|C_120,2026-05,RJ6,CROYDON HEALTH SERVICES NHS TRUST,C_120,Ear Nose and Throat Service,2635,17.8,
2026-05|RJ6|C_140,2026-05,RJ6,CROYDON HEALTH SERVICES NHS TRUST,C_140,Oral Surgery Service,2394,24.2,
2026-05|RJ6|C_160,2026-05,RJ6,CROYDON HEALTH SERVICES NHS TRUST,C_160,Plastic Surgery Service,75,14.8,
2026-05|RJ6|C_300,2026-05,RJ6,CROYDON HEALTH SERVICES NHS TRUST,C_300,General Internal Medicine Service,23,9.5,
2026-05|RJ6|C_301,2026-05,RJ6,CROYDON HEALTH SERVICES NHS TRUST,C_301,Gastroenterology Service,2760,10.9,
2026-05|RJ6|C_320,2026-05,RJ6,CROYDON HEALTH SERVICES NHS TRUST,C_320,Cardiology Service,1404,9.3,
2026-05|RJ6|C_330,2026-05,RJ6,CROYDON HEALTH SERVICES NHS TRUST,C_330,Dermatology Service,3133,14.4,
2026-05|RJ6|C_340,2026-05,RJ6,CROYDON HEALTH SERVICES NHS TRUST,C_340,Respiratory Medicine Service,980,4.8,
2026-05|RJ6|C_400,2026-05,RJ6,CROYDON HEALTH SERVICES NHS TRUST,C_400,Neurology Service,816,10.2,
2026-05|RJ6|C_410,2026-05,RJ6,CROYDON HEALTH SERVICES NHS TRUST,C_410,Rheumatology Service,1236,12.2,
2026-05|RJ6|C_430,2026-05,RJ6,CROYDON HEALTH SERVICES NHS TRUST,C_430,Elderly Medicine Service,175,5.8,
2026-05|RJ6|C_502,2026-05,RJ6,CROYDON HEALTH SERVICES NHS TRUST,C_502,Gynaecology Service,3455,11.2,
2026-05|RJ6|C_999,2026-05,RJ6,CROYDON HEALTH SERVICES NHS TRUST,C_999,Total,35654,11.0,
2026-05|RJ6|X02,2026-05,RJ6,CROYDON HEALTH SERVICES NHS TRUST,X02,Other - Medical Services,3944,7.8,
2026-05|RJ6|X04,2026-05,RJ6,CROYDON HEALTH SERVICES NHS TRUST,X04,Other - Paediatric Services,1120,20.6,
2026-05|RJ6|X05,2026-05,RJ6,CROYDON HEALTH SERVICES NHS TRUST,X05,Other - Surgical Services,3993,9.1,
2026-05|RJ7|C_100,2026-05,RJ7,ST GEORGE'S UNIVERSITY HOSPITALS NHS FOUNDATION TRUST,C_100,General Surgery Service,1166,19.6,
2026-05|RJ7|C_101,2026-05,RJ7,ST GEORGE'S UNIVERSITY HOSPITALS NHS FOUNDATION TRUST,C_101,Urology Service,2923,11.9,
2026-05|RJ7|C_110,2026-05,RJ7,ST GEORGE'S UNIVERSITY HOSPITALS NHS FOUNDATION TRUST,C_110,Trauma and Orthopaedic Service,4057,12.8,
2026-05|RJ7|C_120,2026-05,RJ7,ST GEORGE'S UNIVERSITY HOSPITALS NHS FOUNDATION TRUST,C_120,Ear Nose and Throat Service,4780,14.1,
2026-05|RJ7|C_130,2026-05,RJ7,ST GEORGE'S UNIVERSITY HOSPITALS NHS FOUNDATION TRUST,C_130,Ophthalmology Service,87,16.9,
2026-05|RJ7|C_140,2026-05,RJ7,ST GEORGE'S UNIVERSITY HOSPITALS NHS FOUNDATION TRUST,C_140,Oral Surgery Service,1576,12.8,
2026-05|RJ7|C_150,2026-05,RJ7,ST GEORGE'S UNIVERSITY HOSPITALS NHS FOUNDATION TRUST,C_150,Neurosurgical Service,3921,15.9,
2026-05|RJ7|C_160,2026-05,RJ7,ST GEORGE'S UNIVERSITY HOSPITALS NHS FOUNDATION TRUST,C_160,Plastic Surgery Service,1489,12.7,
2026-05|RJ7|C_170,2026-05,RJ7,ST GEORGE'S UNIVERSITY HOSPITALS NHS FOUNDATION TRUST,C_170,Cardiothoracic Surgery Service,261,5.0,
2026-05|RJ7|C_300,2026-05,RJ7,ST GEORGE'S UNIVERSITY HOSPITALS NHS FOUNDATION TRUST,C_300,General Internal Medicine Service,103,5.2,
2026-05|RJ7|C_301,2026-05,RJ7,ST GEORGE'S UNIVERSITY HOSPITALS NHS FOUNDATION TRUST,C_301,Gastroenterology Service,2555,11.0,
2026-05|RJ7|C_320,2026-05,RJ7,ST GEORGE'S UNIVERSITY HOSPITALS NHS FOUNDATION TRUST,C_320,Cardiology Service,6100,13.9,
2026-05|RJ7|C_330,2026-05,RJ7,ST GEORGE'S UNIVERSITY HOSPITALS NHS FOUNDATION TRUST,C_330,Dermatology Service,5105,13.1,
2026-05|RJ7|C_340,2026-05,RJ7,ST GEORGE'S UNIVERSITY HOSPITALS NHS FOUNDATION TRUST,C_340,Respiratory Medicine Service,3425,13.8,
2026-05|RJ7|C_400,2026-05,RJ7,ST GEORGE'S UNIVERSITY HOSPITALS NHS FOUNDATION TRUST,C_400,Neurology Service,4373,14.0,
2026-05|RJ7|C_410,2026-05,RJ7,ST GEORGE'S UNIVERSITY HOSPITALS NHS FOUNDATION TRUST,C_410,Rheumatology Service,1330,10.2,
2026-05|RJ7|C_430,2026-05,RJ7,ST GEORGE'S UNIVERSITY HOSPITALS NHS FOUNDATION TRUST,C_430,Elderly Medicine Service,36,2.2,
2026-05|RJ7|C_502,2026-05,RJ7,ST GEORGE'S UNIVERSITY HOSPITALS NHS FOUNDATION TRUST,C_502,Gynaecology Service,4316,17.1,
2026-05|RJ7|C_999,2026-05,RJ7,ST GEORGE'S UNIVERSITY HOSPITALS NHS FOUNDATION TRUST,C_999,Total,69355,13.1,
2026-05|RJ7|X02,2026-05,RJ7,ST GEORGE'S UNIVERSITY HOSPITALS NHS FOUNDATION TRUST,X02,Other - Medical Services,10687,11.3,
2026-05|RJ7|X04,2026-05,RJ7,ST GEORGE'S UNIVERSITY HOSPITALS NHS FOUNDATION TRUST,X04,Other - Paediatric Services,3354,10.4,
2026-05|RJ7|X05,2026-05,RJ7,ST GEORGE'S UNIVERSITY HOSPITALS NHS FOUNDATION TRUST,X05,Other - Surgical Services,5763,13.7,
2026-05|RJ7|X06,2026-05,RJ7,ST GEORGE'S UNIVERSITY HOSPITALS NHS FOUNDATION TRUST,X06,Other - Other Services,1948,13.3,
2026-05|RJ8|C_110,2026-05,RJ8,CORNWALL PARTNERSHIP NHS FOUNDATION TRUST,C_110,Trauma and Orthopaedic Service,102,4.3,
2026-05|RJ8|C_999,2026-05,RJ8,CORNWALL PARTNERSHIP NHS FOUNDATION TRUST,C_999,Total,705,6.3,
2026-05|RJ8|X02,2026-05,RJ8,CORNWALL PARTNERSHIP NHS FOUNDATION TRUST,X02,Other - Medical Services,603,7.1,
2026-05|RJC|C_100,2026-05,RJC,SOUTH WARWICKSHIRE UNIVERSITY NHS FOUNDATION TRUST,C_100,General Surgery Service,904,12.0,
2026-05|RJC|C_101,2026-05,RJC,SOUTH WARWICKSHIRE UNIVERSITY NHS FOUNDATION TRUST,C_101,Urology Service,2675,15.8,
2026-05|RJC|C_110,2026-05,RJC,SOUTH WARWICKSHIRE UNIVERSITY NHS FOUNDATION TRUST,C_110,Trauma and Orthopaedic Service,3561,9.2,
2026-05|RJC|C_120,2026-05,RJC,SOUTH WARWICKSHIRE UNIVERSITY NHS FOUNDATION TRUST,C_120,Ear Nose and Throat Service,3836,15.6,
2026-05|RJC|C_130,2026-05,RJC,SOUTH WARWICKSHIRE UNIVERSITY NHS FOUNDATION TRUST,C_130,Ophthalmology Service,3812,12.4,
2026-05|RJC|C_140,2026-05,RJC,SOUTH WARWICKSHIRE UNIVERSITY NHS FOUNDATION TRUST,C_140,Oral Surgery Service,1347,20.6,
2026-05|RJC|C_160,2026-05,RJC,SOUTH WARWICKSHIRE UNIVERSITY NHS FOUNDATION TRUST,C_160,Plastic Surgery Service,449,23.2,
2026-05|RJC|C_300,2026-05,RJC,SOUTH WARWICKSHIRE UNIVERSITY NHS FOUNDATION TRUST,C_300,General Internal Medicine Service,399,5.8,
2026-05|RJC|C_301,2026-05,RJC,SOUTH WARWICKSHIRE UNIVERSITY NHS FOUNDATION TRUST,C_301,Gastroenterology Service,1748,11.2,
2026-05|RJC|C_320,2026-05,RJC,SOUTH WARWICKSHIRE UNIVERSITY NHS FOUNDATION TRUST,C_320,Cardiology Service,690,7.1,
2026-05|RJC|C_330,2026-05,RJC,SOUTH WARWICKSHIRE UNIVERSITY NHS FOUNDATION TRUST,C_330,Dermatology Service,1857,6.9,
2026-05|RJC|C_340,2026-05,RJC,SOUTH WARWICKSHIRE UNIVERSITY NHS FOUNDATION TRUST,C_340,Respiratory Medicine Service,1198,18.7,
2026-05|RJC|C_410,2026-05,RJC,SOUTH WARWICKSHIRE UNIVERSITY NHS FOUNDATION TRUST,C_410,Rheumatology Service,406,6.5,
2026-05|RJC|C_430,2026-05,RJC,SOUTH WARWICKSHIRE UNIVERSITY NHS FOUNDATION TRUST,C_430,Elderly Medicine Service,176,7.0,
2026-05|RJC|C_502,2026-05,RJC,SOUTH WARWICKSHIRE UNIVERSITY NHS FOUNDATION TRUST,C_502,Gynaecology Service,2792,13.3,
2026-05|RJC|C_999,2026-05,RJC,SOUTH WARWICKSHIRE UNIVERSITY NHS FOUNDATION TRUST,C_999,Total,31023,11.5,
2026-05|RJC|X02,2026-05,RJC,SOUTH WARWICKSHIRE UNIVERSITY NHS FOUNDATION TRUST,X02,Other - Medical Services,1468,6.9,
2026-05|RJC|X04,2026-05,RJC,SOUTH WARWICKSHIRE UNIVERSITY NHS FOUNDATION TRUST,X04,Other - Paediatric Services,487,9.7,
2026-05|RJC|X05,2026-05,RJC,SOUTH WARWICKSHIRE UNIVERSITY NHS FOUNDATION TRUST,X05,Other - Surgical Services,2544,11.8,
2026-05|RJC|X06,2026-05,RJC,SOUTH WARWICKSHIRE UNIVERSITY NHS FOUNDATION TRUST,X06,Other - Other Services,674,5.2,
2026-05|RJE|C_100,2026-05,RJE,UNIVERSITY HOSPITALS OF NORTH MIDLANDS NHS TRUST,C_100,General Surgery Service,8896,12.3,
2026-05|RJE|C_101,2026-05,RJE,UNIVERSITY HOSPITALS OF NORTH MIDLANDS NHS TRUST,C_101,Urology Service,4044,12.7,
2026-05|RJE|C_110,2026-05,RJE,UNIVERSITY HOSPITALS OF NORTH MIDLANDS NHS TRUST,C_110,Trauma and Orthopaedic Service,5361,16.5,
2026-05|RJE|C_120,2026-05,RJE,UNIVERSITY HOSPITALS OF NORTH MIDLANDS NHS TRUST,C_120,Ear Nose and Throat Service,4031,13.8,
2026-05|RJE|C_130,2026-05,RJE,UNIVERSITY HOSPITALS OF NORTH MIDLANDS NHS TRUST,C_130,Ophthalmology Service,5783,14.6,
2026-05|RJE|C_140,2026-05,RJE,UNIVERSITY HOSPITALS OF NORTH MIDLANDS NHS TRUST,C_140,Oral Surgery Service,3865,16.8,
2026-05|RJE|C_150,2026-05,RJE,UNIVERSITY HOSPITALS OF NORTH MIDLANDS NHS TRUST,C_150,Neurosurgical Service,560,13.5,
2026-05|RJE|C_160,2026-05,RJE,UNIVERSITY HOSPITALS OF NORTH MIDLANDS NHS TRUST,C_160,Plastic Surgery Service,1083,8.8,
2026-05|RJE|C_170,2026-05,RJE,UNIVERSITY HOSPITALS OF NORTH MIDLANDS NHS TRUST,C_170,Cardiothoracic Surgery Service,258,9.5,
2026-05|RJE|C_301,2026-05,RJE,UNIVERSITY HOSPITALS OF NORTH MIDLANDS NHS TRUST,C_301,Gastroenterology Service,5305,12.5,
2026-05|RJE|C_320,2026-05,RJE,UNIVERSITY HOSPITALS OF NORTH MIDLANDS NHS TRUST,C_320,Cardiology Service,4596,13.3,
2026-05|RJE|C_330,2026-05,RJE,UNIVERSITY HOSPITALS OF NORTH MIDLANDS NHS TRUST,C_330,Dermatology Service,1447,5.9,
2026-05|RJE|C_340,2026-05,RJE,UNIVERSITY HOSPITALS OF NORTH MIDLANDS NHS TRUST,C_340,Respiratory Medicine Service,5128,12.0,
2026-05|RJE|C_400,2026-05,RJE,UNIVERSITY HOSPITALS OF NORTH MIDLANDS NHS TRUST,C_400,Neurology Service,5698,15.1,
2026-05|RJE|C_410,2026-05,RJE,UNIVERSITY HOSPITALS OF NORTH MIDLANDS NHS TRUST,C_410,Rheumatology Service,3,6.5,
2026-05|RJE|C_430,2026-05,RJE,UNIVERSITY HOSPITALS OF NORTH MIDLANDS NHS TRUST,C_430,Elderly Medicine Service,52,5.0,
2026-05|RJE|C_502,2026-05,RJE,UNIVERSITY HOSPITALS OF NORTH MIDLANDS NHS TRUST,C_502,Gynaecology Service,4999,13.6,
2026-05|RJE|C_999,2026-05,RJE,UNIVERSITY HOSPITALS OF NORTH MIDLANDS NHS TRUST,C_999,Total,70616,12.8,
2026-05|RJE|X02,2026-05,RJE,UNIVERSITY HOSPITALS OF NORTH MIDLANDS NHS TRUST,X02,Other - Medical Services,7361,10.5,
2026-05|RJE|X04,2026-05,RJE,UNIVERSITY HOSPITALS OF NORTH MIDLANDS NHS TRUST,X04,Other - Paediatric Services,1829,7.1,
2026-05|RJE|X05,2026-05,RJE,UNIVERSITY HOSPITALS OF NORTH MIDLANDS NHS TRUST,X05,Other - Surgical Services,30,3.7,
2026-05|RJE|X06,2026-05,RJE,UNIVERSITY HOSPITALS OF NORTH MIDLANDS NHS TRUST,X06,Other - Other Services,287,4.6,
2026-05|RJL|C_100,2026-05,RJL,NORTHERN LINCOLNSHIRE AND GOOLE NHS FOUNDATION TRUST,C_100,General Surgery Service,6139,12.9,
2026-05|RJL|C_101,2026-05,RJL,NORTHERN LINCOLNSHIRE AND GOOLE NHS FOUNDATION TRUST,C_101,Urology Service,3403,10.8,
2026-05|RJL|C_110,2026-05,RJL,NORTHERN LINCOLNSHIRE AND GOOLE NHS FOUNDATION TRUST,C_110,Trauma and Orthopaedic Service,2723,13.3,
2026-05|RJL|C_120,2026-05,RJL,NORTHERN LINCOLNSHIRE AND GOOLE NHS FOUNDATION TRUST,C_120,Ear Nose and Throat Service,5581,12.9,
2026-05|RJL|C_130,2026-05,RJL,NORTHERN LINCOLNSHIRE AND GOOLE NHS FOUNDATION TRUST,C_130,Ophthalmology Service,3142,9.2,
2026-05|RJL|C_140,2026-05,RJL,NORTHERN LINCOLNSHIRE AND GOOLE NHS FOUNDATION TRUST,C_140,Oral Surgery Service,1032,11.2,
2026-05|RJL|C_150,2026-05,RJL,NORTHERN LINCOLNSHIRE AND GOOLE NHS FOUNDATION TRUST,C_150,Neurosurgical Service,1,13.5,
2026-05|RJL|C_160,2026-05,RJL,NORTHERN LINCOLNSHIRE AND GOOLE NHS FOUNDATION TRUST,C_160,Plastic Surgery Service,2,1.0,
2026-05|RJL|C_170,2026-05,RJL,NORTHERN LINCOLNSHIRE AND GOOLE NHS FOUNDATION TRUST,C_170,Cardiothoracic Surgery Service,1,11.5,
2026-05|RJL|C_300,2026-05,RJL,NORTHERN LINCOLNSHIRE AND GOOLE NHS FOUNDATION TRUST,C_300,General Internal Medicine Service,77,7.7,
2026-05|RJL|C_301,2026-05,RJL,NORTHERN LINCOLNSHIRE AND GOOLE NHS FOUNDATION TRUST,C_301,Gastroenterology Service,3950,24.8,
2026-05|RJL|C_320,2026-05,RJL,NORTHERN LINCOLNSHIRE AND GOOLE NHS FOUNDATION TRUST,C_320,Cardiology Service,2502,11.8,
2026-05|RJL|C_330,2026-05,RJL,NORTHERN LINCOLNSHIRE AND GOOLE NHS FOUNDATION TRUST,C_330,Dermatology Service,1,14.5,
2026-05|RJL|C_340,2026-05,RJL,NORTHERN LINCOLNSHIRE AND GOOLE NHS FOUNDATION TRUST,C_340,Respiratory Medicine Service,1199,9.8,
2026-05|RJL|C_400,2026-05,RJL,NORTHERN LINCOLNSHIRE AND GOOLE NHS FOUNDATION TRUST,C_400,Neurology Service,4,34.0,
2026-05|RJL|C_410,2026-05,RJL,NORTHERN LINCOLNSHIRE AND GOOLE NHS FOUNDATION TRUST,C_410,Rheumatology Service,1011,17.5,
2026-05|RJL|C_430,2026-05,RJL,NORTHERN LINCOLNSHIRE AND GOOLE NHS FOUNDATION TRUST,C_430,Elderly Medicine Service,242,6.3,
2026-05|RJL|C_502,2026-05,RJL,NORTHERN LINCOLNSHIRE AND GOOLE NHS FOUNDATION TRUST,C_502,Gynaecology Service,4675,15.0,
2026-05|RJL|C_999,2026-05,RJL,NORTHERN LINCOLNSHIRE AND GOOLE NHS FOUNDATION TRUST,C_999,Total,41549,13.3,
2026-05|RJL|X02,2026-05,RJL,NORTHERN LINCOLNSHIRE AND GOOLE NHS FOUNDATION TRUST,X02,Other - Medical Services,4246,16.3,
2026-05|RJL|X04,2026-05,RJL,NORTHERN LINCOLNSHIRE AND GOOLE NHS FOUNDATION TRUST,X04,Other - Paediatric Services,718,18.5,
2026-05|RJL|X05,2026-05,RJL,NORTHERN LINCOLNSHIRE AND GOOLE NHS FOUNDATION TRUST,X05,Other - Surgical Services,627,3.6,
2026-05|RJL|X06,2026-05,RJL,NORTHERN LINCOLNSHIRE AND GOOLE NHS FOUNDATION TRUST,X06,Other - Other Services,273,20.8,
2026-05|RJN|C_100,2026-05,RJN,EAST CHESHIRE NHS TRUST,C_100,General Surgery Service,1393,15.8,
2026-05|RJN|C_101,2026-05,RJN,EAST CHESHIRE NHS TRUST,C_101,Urology Service,1248,13.5,
2026-05|RJN|C_110,2026-05,RJN,EAST CHESHIRE NHS TRUST,C_110,Trauma and Orthopaedic Service,1467,15.4,
2026-05|RJN|C_120,2026-05,RJN,EAST CHESHIRE NHS TRUST,C_120,Ear Nose and Throat Service,1643,13.3,
2026-05|RJN|C_130,2026-05,RJN,EAST CHESHIRE NHS TRUST,C_130,Ophthalmology Service,2423,12.6,
2026-05|RJN|C_160,2026-05,RJN,EAST CHESHIRE NHS TRUST,C_160,Plastic Surgery Service,29,2.5,
2026-05|RJN|C_300,2026-05,RJN,EAST CHESHIRE NHS TRUST,C_300,General Internal Medicine Service,7,10.5,
2026-05|RJN|C_301,2026-05,RJN,EAST CHESHIRE NHS TRUST,C_301,Gastroenterology Service,1937,18.8,
2026-05|RJN|C_320,2026-05,RJN,EAST CHESHIRE NHS TRUST,C_320,Cardiology Service,1401,16.5,
2026-05|RJN|C_340,2026-05,RJN,EAST CHESHIRE NHS TRUST,C_340,Respiratory Medicine Service,1180,19.4,
2026-05|RJN|C_430,2026-05,RJN,EAST CHESHIRE NHS TRUST,C_430,Elderly Medicine Service,76,14.0,
2026-05|RJN|C_502,2026-05,RJN,EAST CHESHIRE NHS TRUST,C_502,Gynaecology Service,2196,15.9,
2026-05|RJN|C_999,2026-05,RJN,EAST CHESHIRE NHS TRUST,C_999,Total,17033,14.4,
2026-05|RJN|X02,2026-05,RJN,EAST CHESHIRE NHS TRUST,X02,Other - Medical Services,797,12.6,
2026-05|RJN|X04,2026-05,RJN,EAST CHESHIRE NHS TRUST,X04,Other - Paediatric Services,331,12.7,
2026-05|RJN|X05,2026-05,RJN,EAST CHESHIRE NHS TRUST,X05,Other - Surgical Services,824,6.5,
2026-05|RJN|X06,2026-05,RJN,EAST CHESHIRE NHS TRUST,X06,Other - Other Services,81,13.5,
2026-05|RJR|C_100,2026-05,RJR,COUNTESS OF CHESTER HOSPITAL NHS FOUNDATION TRUST,C_100,General Surgery Service,1003,12.6,
2026-05|RJR|C_101,2026-05,RJR,COUNTESS OF CHESTER HOSPITAL NHS FOUNDATION TRUST,C_101,Urology Service,1314,12.2,
2026-05|RJR|C_110,2026-05,RJR,COUNTESS OF CHESTER HOSPITAL NHS FOUNDATION TRUST,C_110,Trauma and Orthopaedic Service,2287,13.5,
2026-05|RJR|C_120,2026-05,RJR,COUNTESS OF CHESTER HOSPITAL NHS FOUNDATION TRUST,C_120,Ear Nose and Throat Service,3182,12.8,
2026-05|RJR|C_130,2026-05,RJR,COUNTESS OF CHESTER HOSPITAL NHS FOUNDATION TRUST,C_130,Ophthalmology Service,3483,13.0,
2026-05|RJR|C_140,2026-05,RJR,COUNTESS OF CHESTER HOSPITAL NHS FOUNDATION TRUST,C_140,Oral Surgery Service,2212,19.9,
2026-05|RJR|C_160,2026-05,RJR,COUNTESS OF CHESTER HOSPITAL NHS FOUNDATION TRUST,C_160,Plastic Surgery Service,906,10.0,
2026-05|RJR|C_300,2026-05,RJR,COUNTESS OF CHESTER HOSPITAL NHS FOUNDATION TRUST,C_300,General Internal Medicine Service,63,3.9,
2026-05|RJR|C_301,2026-05,RJR,COUNTESS OF CHESTER HOSPITAL NHS FOUNDATION TRUST,C_301,Gastroenterology Service,804,8.8,
2026-05|RJR|C_320,2026-05,RJR,COUNTESS OF CHESTER HOSPITAL NHS FOUNDATION TRUST,C_320,Cardiology Service,788,6.8,
2026-05|RJR|C_330,2026-05,RJR,COUNTESS OF CHESTER HOSPITAL NHS FOUNDATION TRUST,C_330,Dermatology Service,2413,11.8,
2026-05|RJR|C_340,2026-05,RJR,COUNTESS OF CHESTER HOSPITAL NHS FOUNDATION TRUST,C_340,Respiratory Medicine Service,1056,5.4,
2026-05|RJR|C_410,2026-05,RJR,COUNTESS OF CHESTER HOSPITAL NHS FOUNDATION TRUST,C_410,Rheumatology Service,422,6.7,
2026-05|RJR|C_430,2026-05,RJR,COUNTESS OF CHESTER HOSPITAL NHS FOUNDATION TRUST,C_430,Elderly Medicine Service,241,6.8,
2026-05|RJR|C_502,2026-05,RJR,COUNTESS OF CHESTER HOSPITAL NHS FOUNDATION TRUST,C_502,Gynaecology Service,2898,15.3,
2026-05|RJR|C_999,2026-05,RJR,COUNTESS OF CHESTER HOSPITAL NHS FOUNDATION TRUST,C_999,Total,32255,12.3,
2026-05|RJR|X02,2026-05,RJR,COUNTESS OF CHESTER HOSPITAL NHS FOUNDATION TRUST,X02,Other - Medical Services,2897,12.1,
2026-05|RJR|X05,2026-05,RJR,COUNTESS OF CHESTER HOSPITAL NHS FOUNDATION TRUST,X05,Other - Surgical Services,5885,12.4,
2026-05|RJR|X06,2026-05,RJR,COUNTESS OF CHESTER HOSPITAL NHS FOUNDATION TRUST,X06,Other - Other Services,401,11.4,
2026-05|RJZ|C_100,2026-05,RJZ,KING'S COLLEGE HOSPITAL NHS FOUNDATION TRUST,C_100,General Surgery Service,4533,24.4,
2026-05|RJZ|C_101,2026-05,RJZ,KING'S COLLEGE HOSPITAL NHS FOUNDATION TRUST,C_101,Urology Service,4384,11.4,
2026-05|RJZ|C_110,2026-05,RJZ,KING'S COLLEGE HOSPITAL NHS FOUNDATION TRUST,C_110,Trauma and Orthopaedic Service,3685,16.0,
2026-05|RJZ|C_120,2026-05,RJZ,KING'S COLLEGE HOSPITAL NHS FOUNDATION TRUST,C_120,Ear Nose and Throat Service,622,6.7,
2026-05|RJZ|C_130,2026-05,RJZ,KING'S COLLEGE HOSPITAL NHS FOUNDATION TRUST,C_130,Ophthalmology Service,12807,13.0,
2026-05|RJZ|C_140,2026-05,RJZ,KING'S COLLEGE HOSPITAL NHS FOUNDATION TRUST,C_140,Oral Surgery Service,9038,15.2,
2026-05|RJZ|C_150,2026-05,RJZ,KING'S COLLEGE HOSPITAL NHS FOUNDATION TRUST,C_150,Neurosurgical Service,2793,13.0,
2026-05|RJZ|C_160,2026-05,RJZ,KING'S COLLEGE HOSPITAL NHS FOUNDATION TRUST,C_160,Plastic Surgery Service,65,10.7,
2026-05|RJZ|C_170,2026-05,RJZ,KING'S COLLEGE HOSPITAL NHS FOUNDATION TRUST,C_170,Cardiothoracic Surgery Service,90,9.0,
2026-05|RJZ|C_300,2026-05,RJZ,KING'S COLLEGE HOSPITAL NHS FOUNDATION TRUST,C_300,General Internal Medicine Service,603,6.7,
2026-05|RJZ|C_301,2026-05,RJZ,KING'S COLLEGE HOSPITAL NHS FOUNDATION TRUST,C_301,Gastroenterology Service,2624,11.9,
2026-05|RJZ|C_320,2026-05,RJZ,KING'S COLLEGE HOSPITAL NHS FOUNDATION TRUST,C_320,Cardiology Service,5061,11.9,
2026-05|RJZ|C_330,2026-05,RJZ,KING'S COLLEGE HOSPITAL NHS FOUNDATION TRUST,C_330,Dermatology Service,2793,8.2,
2026-05|RJZ|C_340,2026-05,RJZ,KING'S COLLEGE HOSPITAL NHS FOUNDATION TRUST,C_340,Respiratory Medicine Service,3209,10.9,
2026-05|RJZ|C_400,2026-05,RJZ,KING'S COLLEGE HOSPITAL NHS FOUNDATION TRUST,C_400,Neurology Service,2356,9.8,
2026-05|RJZ|C_410,2026-05,RJZ,KING'S COLLEGE HOSPITAL NHS FOUNDATION TRUST,C_410,Rheumatology Service,1259,8.8,
2026-05|RJZ|C_430,2026-05,RJZ,KING'S COLLEGE HOSPITAL NHS FOUNDATION TRUST,C_430,Elderly Medicine Service,481,6.3,
2026-05|RJZ|C_502,2026-05,RJZ,KING'S COLLEGE HOSPITAL NHS FOUNDATION TRUST,C_502,Gynaecology Service,8034,14.3,
2026-05|RJZ|C_999,2026-05,RJZ,KING'S COLLEGE HOSPITAL NHS FOUNDATION TRUST,C_999,Total,88671,12.2,
2026-05|RJZ|X02,2026-05,RJZ,KING'S COLLEGE HOSPITAL NHS FOUNDATION TRUST,X02,Other - Medical Services,7810,8.1,
2026-05|RJZ|X03,2026-05,RJZ,KING'S COLLEGE HOSPITAL NHS FOUNDATION TRUST,X03,Other - Mental Health Services,14,6.8,
2026-05|RJZ|X04,2026-05,RJZ,KING'S COLLEGE HOSPITAL NHS FOUNDATION TRUST,X04,Other - Paediatric Services,4187,9.7,
2026-05|RJZ|X05,2026-05,RJZ,KING'S COLLEGE HOSPITAL NHS FOUNDATION TRUST,X05,Other - Surgical Services,11617,13.0,
2026-05|RJZ|X06,2026-05,RJZ,KING'S COLLEGE HOSPITAL NHS FOUNDATION TRUST,X06,Other - Other Services,606,9.7,
2026-05|RK5|C_100,2026-05,RK5,SHERWOOD FOREST HOSPITALS NHS FOUNDATION TRUST,C_100,General Surgery Service,4238,14.8,
2026-05|RK5|C_101,2026-05,RK5,SHERWOOD FOREST HOSPITALS NHS FOUNDATION TRUST,C_101,Urology Service,2132,11.3,
2026-05|RK5|C_110,2026-05,RK5,SHERWOOD FOREST HOSPITALS NHS FOUNDATION TRUST,C_110,Trauma and Orthopaedic Service,3075,13.9,
2026-05|RK5|C_120,2026-05,RK5,SHERWOOD FOREST HOSPITALS NHS FOUNDATION TRUST,C_120,Ear Nose and Throat Service,3413,12.5,
2026-05|RK5|C_130,2026-05,RK5,SHERWOOD FOREST HOSPITALS NHS FOUNDATION TRUST,C_130,Ophthalmology Service,3170,13.7,
2026-05|RK5|C_140,2026-05,RK5,SHERWOOD FOREST HOSPITALS NHS FOUNDATION TRUST,C_140,Oral Surgery Service,1307,20.2,
2026-05|RK5|C_160,2026-05,RK5,SHERWOOD FOREST HOSPITALS NHS FOUNDATION TRUST,C_160,Plastic Surgery Service,129,19.8,
2026-05|RK5|C_301,2026-05,RK5,SHERWOOD FOREST HOSPITALS NHS FOUNDATION TRUST,C_301,Gastroenterology Service,3054,13.1,
2026-05|RK5|C_320,2026-05,RK5,SHERWOOD FOREST HOSPITALS NHS FOUNDATION TRUST,C_320,Cardiology Service,1912,12.2,
2026-05|RK5|C_330,2026-05,RK5,SHERWOOD FOREST HOSPITALS NHS FOUNDATION TRUST,C_330,Dermatology Service,1880,9.8,
2026-05|RK5|C_340,2026-05,RK5,SHERWOOD FOREST HOSPITALS NHS FOUNDATION TRUST,C_340,Respiratory Medicine Service,1595,8.8,
2026-05|RK5|C_410,2026-05,RK5,SHERWOOD FOREST HOSPITALS NHS FOUNDATION TRUST,C_410,Rheumatology Service,167,3.1,
2026-05|RK5|C_430,2026-05,RK5,SHERWOOD FOREST HOSPITALS NHS FOUNDATION TRUST,C_430,Elderly Medicine Service,88,3.8,
2026-05|RK5|C_502,2026-05,RK5,SHERWOOD FOREST HOSPITALS NHS FOUNDATION TRUST,C_502,Gynaecology Service,3360,12.9,
2026-05|RK5|C_999,2026-05,RK5,SHERWOOD FOREST HOSPITALS NHS FOUNDATION TRUST,C_999,Total,33007,12.7,
2026-05|RK5|X02,2026-05,RK5,SHERWOOD FOREST HOSPITALS NHS FOUNDATION TRUST,X02,Other - Medical Services,2412,15.5,
2026-05|RK5|X04,2026-05,RK5,SHERWOOD FOREST HOSPITALS NHS FOUNDATION TRUST,X04,Other - Paediatric Services,956,9.6,
2026-05|RK5|X05,2026-05,RK5,SHERWOOD FOREST HOSPITALS NHS FOUNDATION TRUST,X05,Other - Surgical Services,119,14.6,
2026-05|RK9|C_100,2026-05,RK9,UNIVERSITY HOSPITALS PLYMOUTH NHS TRUST,C_100,General Surgery Service,30,6.7,
2026-05|RK9|C_101,2026-05,RK9,UNIVERSITY HOSPITALS PLYMOUTH NHS TRUST,C_101,Urology Service,2839,11.7,
2026-05|RK9|C_110,2026-05,RK9,UNIVERSITY HOSPITALS PLYMOUTH NHS TRUST,C_110,Trauma and Orthopaedic Service,3370,16.4,
2026-05|RK9|C_120,2026-05,RK9,UNIVERSITY HOSPITALS PLYMOUTH NHS TRUST,C_120,Ear Nose and Throat Service,4058,11.1,
2026-05|RK9|C_130,2026-05,RK9,UNIVERSITY HOSPITALS PLYMOUTH NHS TRUST,C_130,Ophthalmology Service,5739,10.9,
2026-05|RK9|C_150,2026-05,RK9,UNIVERSITY HOSPITALS PLYMOUTH NHS TRUST,C_150,Neurosurgical Service,1881,13.4,
2026-05|RK9|C_160,2026-05,RK9,UNIVERSITY HOSPITALS PLYMOUTH NHS TRUST,C_160,Plastic Surgery Service,1155,8.6,
2026-05|RK9|C_170,2026-05,RK9,UNIVERSITY HOSPITALS PLYMOUTH NHS TRUST,C_170,Cardiothoracic Surgery Service,535,16.8,
2026-05|RK9|C_300,2026-05,RK9,UNIVERSITY HOSPITALS PLYMOUTH NHS TRUST,C_300,General Internal Medicine Service,47,10.4,
2026-05|RK9|C_301,2026-05,RK9,UNIVERSITY HOSPITALS PLYMOUTH NHS TRUST,C_301,Gastroenterology Service,1342,11.0,
2026-05|RK9|C_320,2026-05,RK9,UNIVERSITY HOSPITALS PLYMOUTH NHS TRUST,C_320,Cardiology Service,3165,14.5,
2026-05|RK9|C_330,2026-05,RK9,UNIVERSITY HOSPITALS PLYMOUTH NHS TRUST,C_330,Dermatology Service,2146,5.3,
2026-05|RK9|C_340,2026-05,RK9,UNIVERSITY HOSPITALS PLYMOUTH NHS TRUST,C_340,Respiratory Medicine Service,1762,11.0,
2026-05|RK9|C_400,2026-05,RK9,UNIVERSITY HOSPITALS PLYMOUTH NHS TRUST,C_400,Neurology Service,2486,10.4,
2026-05|RK9|C_410,2026-05,RK9,UNIVERSITY HOSPITALS PLYMOUTH NHS TRUST,C_410,Rheumatology Service,480,7.3,
2026-05|RK9|C_430,2026-05,RK9,UNIVERSITY HOSPITALS PLYMOUTH NHS TRUST,C_430,Elderly Medicine Service,20,7.5,
2026-05|RK9|C_502,2026-05,RK9,UNIVERSITY HOSPITALS PLYMOUTH NHS TRUST,C_502,Gynaecology Service,3196,14.7,
2026-05|RK9|C_999,2026-05,RK9,UNIVERSITY HOSPITALS PLYMOUTH NHS TRUST,C_999,Total,47642,11.6,
2026-05|RK9|X02,2026-05,RK9,UNIVERSITY HOSPITALS PLYMOUTH NHS TRUST,X02,Other - Medical Services,4676,10.7,
2026-05|RK9|X04,2026-05,RK9,UNIVERSITY HOSPITALS PLYMOUTH NHS TRUST,X04,Other - Paediatric Services,1496,14.5,
2026-05|RK9|X05,2026-05,RK9,UNIVERSITY HOSPITALS PLYMOUTH NHS TRUST,X05,Other - Surgical Services,6378,12.6,
2026-05|RK9|X06,2026-05,RK9,UNIVERSITY HOSPITALS PLYMOUTH NHS TRUST,X06,Other - Other Services,841,4.5,
2026-05|RKB|C_100,2026-05,RKB,UNIVERSITY HOSPITALS COVENTRY AND WARWICKSHIRE NHS TRUST,C_100,General Surgery Service,8393,13.9,
2026-05|RKB|C_101,2026-05,RKB,UNIVERSITY HOSPITALS COVENTRY AND WARWICKSHIRE NHS TRUST,C_101,Urology Service,3540,16.9,
2026-05|RKB|C_110,2026-05,RKB,UNIVERSITY HOSPITALS COVENTRY AND WARWICKSHIRE NHS TRUST,C_110,Trauma and Orthopaedic Service,5784,15.5,
2026-05|RKB|C_120,2026-05,RKB,UNIVERSITY HOSPITALS COVENTRY AND WARWICKSHIRE NHS TRUST,C_120,Ear Nose and Throat Service,9013,23.0,
2026-05|RKB|C_130,2026-05,RKB,UNIVERSITY HOSPITALS COVENTRY AND WARWICKSHIRE NHS TRUST,C_130,Ophthalmology Service,6792,16.2,
2026-05|RKB|C_140,2026-05,RKB,UNIVERSITY HOSPITALS COVENTRY AND WARWICKSHIRE NHS TRUST,C_140,Oral Surgery Service,3531,14.1,
2026-05|RKB|C_150,2026-05,RKB,UNIVERSITY HOSPITALS COVENTRY AND WARWICKSHIRE NHS TRUST,C_150,Neurosurgical Service,5528,20.7,
2026-05|RKB|C_160,2026-05,RKB,UNIVERSITY HOSPITALS COVENTRY AND WARWICKSHIRE NHS TRUST,C_160,Plastic Surgery Service,539,13.3,
2026-05|RKB|C_170,2026-05,RKB,UNIVERSITY HOSPITALS COVENTRY AND WARWICKSHIRE NHS TRUST,C_170,Cardiothoracic Surgery Service,301,7.3,
2026-05|RKB|C_300,2026-05,RKB,UNIVERSITY HOSPITALS COVENTRY AND WARWICKSHIRE NHS TRUST,C_300,General Internal Medicine Service,770,7.4,
2026-05|RKB|C_301,2026-05,RKB,UNIVERSITY HOSPITALS COVENTRY AND WARWICKSHIRE NHS TRUST,C_301,Gastroenterology Service,1723,9.8,
2026-05|RKB|C_320,2026-05,RKB,UNIVERSITY HOSPITALS COVENTRY AND WARWICKSHIRE NHS TRUST,C_320,Cardiology Service,2428,11.4,
2026-05|RKB|C_330,2026-05,RKB,UNIVERSITY HOSPITALS COVENTRY AND WARWICKSHIRE NHS TRUST,C_330,Dermatology Service,2975,8.0,
2026-05|RKB|C_340,2026-05,RKB,UNIVERSITY HOSPITALS COVENTRY AND WARWICKSHIRE NHS TRUST,C_340,Respiratory Medicine Service,2568,11.2,
2026-05|RKB|C_400,2026-05,RKB,UNIVERSITY HOSPITALS COVENTRY AND WARWICKSHIRE NHS TRUST,C_400,Neurology Service,4021,16.4,
2026-05|RKB|C_410,2026-05,RKB,UNIVERSITY HOSPITALS COVENTRY AND WARWICKSHIRE NHS TRUST,C_410,Rheumatology Service,587,5.2,
2026-05|RKB|C_430,2026-05,RKB,UNIVERSITY HOSPITALS COVENTRY AND WARWICKSHIRE NHS TRUST,C_430,Elderly Medicine Service,90,5.1,
2026-05|RKB|C_502,2026-05,RKB,UNIVERSITY HOSPITALS COVENTRY AND WARWICKSHIRE NHS TRUST,C_502,Gynaecology Service,6913,18.4,
2026-05|RKB|C_999,2026-05,RKB,UNIVERSITY HOSPITALS COVENTRY AND WARWICKSHIRE NHS TRUST,C_999,Total,73771,15.1,
2026-05|RKB|X02,2026-05,RKB,UNIVERSITY HOSPITALS COVENTRY AND WARWICKSHIRE NHS TRUST,X02,Other - Medical Services,6364,12.0,
2026-05|RKB|X04,2026-05,RKB,UNIVERSITY HOSPITALS COVENTRY AND WARWICKSHIRE NHS TRUST,X04,Other - Paediatric Services,1640,16.2,
2026-05|RKB|X06,2026-05,RKB,UNIVERSITY HOSPITALS COVENTRY AND WARWICKSHIRE NHS TRUST,X06,Other - Other Services,271,5.7,
2026-05|RKE|C_100,2026-05,RKE,WHITTINGTON HEALTH NHS TRUST,C_100,General Surgery Service,4162,12.0,
2026-05|RKE|C_101,2026-05,RKE,WHITTINGTON HEALTH NHS TRUST,C_101,Urology Service,1979,11.4,
2026-05|RKE|C_110,2026-05,RKE,WHITTINGTON HEALTH NHS TRUST,C_110,Trauma and Orthopaedic Service,2228,10.1,
2026-05|RKE|C_120,2026-05,RKE,WHITTINGTON HEALTH NHS TRUST,C_120,Ear Nose and Throat Service,2431,12.5,
2026-05|RKE|C_130,2026-05,RKE,WHITTINGTON HEALTH NHS TRUST,C_130,Ophthalmology Service,1132,8.9,
2026-05|RKE|C_140,2026-05,RKE,WHITTINGTON HEALTH NHS TRUST,C_140,Oral Surgery Service,131,13.8,
2026-05|RKE|C_160,2026-05,RKE,WHITTINGTON HEALTH NHS TRUST,C_160,Plastic Surgery Service,134,17.7,
2026-05|RKE|C_301,2026-05,RKE,WHITTINGTON HEALTH NHS TRUST,C_301,Gastroenterology Service,1309,8.2,
2026-05|RKE|C_320,2026-05,RKE,WHITTINGTON HEALTH NHS TRUST,C_320,Cardiology Service,815,10.2,
2026-05|RKE|C_330,2026-05,RKE,WHITTINGTON HEALTH NHS TRUST,C_330,Dermatology Service,1762,21.0,
2026-05|RKE|C_340,2026-05,RKE,WHITTINGTON HEALTH NHS TRUST,C_340,Respiratory Medicine Service,708,6.1,
2026-05|RKE|C_400,2026-05,RKE,WHITTINGTON HEALTH NHS TRUST,C_400,Neurology Service,885,11.9,
2026-05|RKE|C_410,2026-05,RKE,WHITTINGTON HEALTH NHS TRUST,C_410,Rheumatology Service,297,8.2,
2026-05|RKE|C_430,2026-05,RKE,WHITTINGTON HEALTH NHS TRUST,C_430,Elderly Medicine Service,77,5.4,
2026-05|RKE|C_502,2026-05,RKE,WHITTINGTON HEALTH NHS TRUST,C_502,Gynaecology Service,3134,13.5,
2026-05|RKE|C_999,2026-05,RKE,WHITTINGTON HEALTH NHS TRUST,C_999,Total,23281,11.3,
2026-05|RKE|X02,2026-05,RKE,WHITTINGTON HEALTH NHS TRUST,X02,Other - Medical Services,2095,7.3,
2026-05|RKE|X04,2026-05,RKE,WHITTINGTON HEALTH NHS TRUST,X04,Other - Paediatric Services,2,8.0,
2026-05|RL1|C_110,2026-05,RL1,THE ROBERT JONES AND AGNES HUNT ORTHOPAEDIC HOSPITAL NHS FOUNDATION TRUST,C_110,Trauma and Orthopaedic Service,15236,23.3,
2026-05|RL1|C_300,2026-05,RL1,THE ROBERT JONES AND AGNES HUNT ORTHOPAEDIC HOSPITAL NHS FOUNDATION TRUST,C_300,General Internal Medicine Service,5768,12.0,
2026-05|RL1|C_320,2026-05,RL1,THE ROBERT JONES AND AGNES HUNT ORTHOPAEDIC HOSPITAL NHS FOUNDATION TRUST,C_320,Cardiology Service,1,18.5,
2026-05|RL1|C_400,2026-05,RL1,THE ROBERT JONES AND AGNES HUNT ORTHOPAEDIC HOSPITAL NHS FOUNDATION TRUST,C_400,Neurology Service,107,16.4,
2026-05|RL1|C_410,2026-05,RL1,THE ROBERT JONES AND AGNES HUNT ORTHOPAEDIC HOSPITAL NHS FOUNDATION TRUST,C_410,Rheumatology Service,725,6.5,
2026-05|RL1|C_430,2026-05,RL1,THE ROBERT JONES AND AGNES HUNT ORTHOPAEDIC HOSPITAL NHS FOUNDATION TRUST,C_430,Elderly Medicine Service,29,5.1,
2026-05|RL1|C_999,2026-05,RL1,THE ROBERT JONES AND AGNES HUNT ORTHOPAEDIC HOSPITAL NHS FOUNDATION TRUST,C_999,Total,23494,16.6,
2026-05|RL1|X02,2026-05,RL1,THE ROBERT JONES AND AGNES HUNT ORTHOPAEDIC HOSPITAL NHS FOUNDATION TRUST,X02,Other - Medical Services,572,8.5,
2026-05|RL1|X04,2026-05,RL1,THE ROBERT JONES AND AGNES HUNT ORTHOPAEDIC HOSPITAL NHS FOUNDATION TRUST,X04,Other - Paediatric Services,763,13.9,
2026-05|RL1|X06,2026-05,RL1,THE ROBERT JONES AND AGNES HUNT ORTHOPAEDIC HOSPITAL NHS FOUNDATION TRUST,X06,Other - Other Services,293,5.0,
2026-05|RL4|C_100,2026-05,RL4,THE ROYAL WOLVERHAMPTON NHS TRUST,C_100,General Surgery Service,1140,20.5,
2026-05|RL4|C_101,2026-05,RL4,THE ROYAL WOLVERHAMPTON NHS TRUST,C_101,Urology Service,6537,17.9,
2026-05|RL4|C_110,2026-05,RL4,THE ROYAL WOLVERHAMPTON NHS TRUST,C_110,Trauma and Orthopaedic Service,6699,12.1,
2026-05|RL4|C_120,2026-05,RL4,THE ROYAL WOLVERHAMPTON NHS TRUST,C_120,Ear Nose and Throat Service,5831,18.1,
2026-05|RL4|C_130,2026-05,RL4,THE ROYAL WOLVERHAMPTON NHS TRUST,C_130,Ophthalmology Service,9624,13.1,
2026-05|RL4|C_140,2026-05,RL4,THE ROYAL WOLVERHAMPTON NHS TRUST,C_140,Oral Surgery Service,4672,24.0,
2026-05|RL4|C_160,2026-05,RL4,THE ROYAL WOLVERHAMPTON NHS TRUST,C_160,Plastic Surgery Service,134,14.0,
2026-05|RL4|C_300,2026-05,RL4,THE ROYAL WOLVERHAMPTON NHS TRUST,C_300,General Internal Medicine Service,12,1.0,
2026-05|RL4|C_301,2026-05,RL4,THE ROYAL WOLVERHAMPTON NHS TRUST,C_301,Gastroenterology Service,4119,13.6,
2026-05|RL4|C_320,2026-05,RL4,THE ROYAL WOLVERHAMPTON NHS TRUST,C_320,Cardiology Service,6106,16.0,
2026-05|RL4|C_330,2026-05,RL4,THE ROYAL WOLVERHAMPTON NHS TRUST,C_330,Dermatology Service,1132,7.9,
2026-05|RL4|C_340,2026-05,RL4,THE ROYAL WOLVERHAMPTON NHS TRUST,C_340,Respiratory Medicine Service,1750,6.8,
2026-05|RL4|C_400,2026-05,RL4,THE ROYAL WOLVERHAMPTON NHS TRUST,C_400,Neurology Service,1873,10.1,
2026-05|RL4|C_410,2026-05,RL4,THE ROYAL WOLVERHAMPTON NHS TRUST,C_410,Rheumatology Service,1432,9.5,
2026-05|RL4|C_430,2026-05,RL4,THE ROYAL WOLVERHAMPTON NHS TRUST,C_430,Elderly Medicine Service,77,4.2,
2026-05|RL4|C_502,2026-05,RL4,THE ROYAL WOLVERHAMPTON NHS TRUST,C_502,Gynaecology Service,5984,16.1,
2026-05|RL4|C_999,2026-05,RL4,THE ROYAL WOLVERHAMPTON NHS TRUST,C_999,Total,73165,14.2,
2026-05|RL4|X02,2026-05,RL4,THE ROYAL WOLVERHAMPTON NHS TRUST,X02,Other - Medical Services,6597,11.3,
2026-05|RL4|X04,2026-05,RL4,THE ROYAL WOLVERHAMPTON NHS TRUST,X04,Other - Paediatric Services,1614,15.8,
2026-05|RL4|X05,2026-05,RL4,THE ROYAL WOLVERHAMPTON NHS TRUST,X05,Other - Surgical Services,7738,13.6,
2026-05|RL4|X06,2026-05,RL4,THE ROYAL WOLVERHAMPTON NHS TRUST,X06,Other - Other Services,94,18.2,
2026-05|RLQ|C_100,2026-05,RLQ,WYE VALLEY NHS TRUST,C_100,General Surgery Service,849,12.7,
2026-05|RLQ|C_101,2026-05,RLQ,WYE VALLEY NHS TRUST,C_101,Urology Service,1583,12.7,
2026-05|RLQ|C_110,2026-05,RLQ,WYE VALLEY NHS TRUST,C_110,Trauma and Orthopaedic Service,3609,18.4,
2026-05|RLQ|C_120,2026-05,RLQ,WYE VALLEY NHS TRUST,C_120,Ear Nose and Throat Service,2587,13.5,
2026-05|RLQ|C_130,2026-05,RLQ,WYE VALLEY NHS TRUST,C_130,Ophthalmology Service,2890,10.8,
2026-05|RLQ|C_140,2026-05,RLQ,WYE VALLEY NHS TRUST,C_140,Oral Surgery Service,799,15.9,
2026-05|RLQ|C_160,2026-05,RLQ,WYE VALLEY NHS TRUST,C_160,Plastic Surgery Service,334,11.9,
2026-05|RLQ|C_170,2026-05,RLQ,WYE VALLEY NHS TRUST,C_170,Cardiothoracic Surgery Service,14,6.5,
2026-05|RLQ|C_300,2026-05,RLQ,WYE VALLEY NHS TRUST,C_300,General Internal Medicine Service,35,17.5,
2026-05|RLQ|C_301,2026-05,RLQ,WYE VALLEY NHS TRUST,C_301,Gastroenterology Service,1456,14.7,
2026-05|RLQ|C_320,2026-05,RLQ,WYE VALLEY NHS TRUST,C_320,Cardiology Service,1850,14.1,
2026-05|RLQ|C_330,2026-05,RLQ,WYE VALLEY NHS TRUST,C_330,Dermatology Service,1114,7.3,
2026-05|RLQ|C_340,2026-05,RLQ,WYE VALLEY NHS TRUST,C_340,Respiratory Medicine Service,1880,11.7,
2026-05|RLQ|C_400,2026-05,RLQ,WYE VALLEY NHS TRUST,C_400,Neurology Service,596,11.4,
2026-05|RLQ|C_410,2026-05,RLQ,WYE VALLEY NHS TRUST,C_410,Rheumatology Service,462,8.1,
2026-05|RLQ|C_430,2026-05,RLQ,WYE VALLEY NHS TRUST,C_430,Elderly Medicine Service,142,7.5,
2026-05|RLQ|C_502,2026-05,RLQ,WYE VALLEY NHS TRUST,C_502,Gynaecology Service,2285,14.5,
2026-05|RLQ|C_999,2026-05,RLQ,WYE VALLEY NHS TRUST,C_999,Total,27140,12.7,
2026-05|RLQ|X02,2026-05,RLQ,WYE VALLEY NHS TRUST,X02,Other - Medical Services,2159,9.9,
2026-05|RLQ|X04,2026-05,RLQ,WYE VALLEY NHS TRUST,X04,Other - Paediatric Services,326,10.2,
2026-05|RLQ|X05,2026-05,RLQ,WYE VALLEY NHS TRUST,X05,Other - Surgical Services,2169,10.0,
2026-05|RLQ|X06,2026-05,RLQ,WYE VALLEY NHS TRUST,X06,Other - Other Services,1,24.5,
2026-05|RLT|C_100,2026-05,RLT,GEORGE ELIOT HOSPITAL NHS TRUST,C_100,General Surgery Service,1328,16.2,
2026-05|RLT|C_101,2026-05,RLT,GEORGE ELIOT HOSPITAL NHS TRUST,C_101,Urology Service,1712,14.5,
2026-05|RLT|C_110,2026-05,RLT,GEORGE ELIOT HOSPITAL NHS TRUST,C_110,Trauma and Orthopaedic Service,1915,10.1,
2026-05|RLT|C_120,2026-05,RLT,GEORGE ELIOT HOSPITAL NHS TRUST,C_120,Ear Nose and Throat Service,2257,22.9,
2026-05|RLT|C_130,2026-05,RLT,GEORGE ELIOT HOSPITAL NHS TRUST,C_130,Ophthalmology Service,908,10.0,
2026-05|RLT|C_140,2026-05,RLT,GEORGE ELIOT HOSPITAL NHS TRUST,C_140,Oral Surgery Service,1129,18.2,
2026-05|RLT|C_160,2026-05,RLT,GEORGE ELIOT HOSPITAL NHS TRUST,C_160,Plastic Surgery Service,107,4.4,
2026-05|RLT|C_300,2026-05,RLT,GEORGE ELIOT HOSPITAL NHS TRUST,C_300,General Internal Medicine Service,264,11.6,
2026-05|RLT|C_301,2026-05,RLT,GEORGE ELIOT HOSPITAL NHS TRUST,C_301,Gastroenterology Service,1241,10.9,
2026-05|RLT|C_320,2026-05,RLT,GEORGE ELIOT HOSPITAL NHS TRUST,C_320,Cardiology Service,1357,10.7,
2026-05|RLT|C_340,2026-05,RLT,GEORGE ELIOT HOSPITAL NHS TRUST,C_340,Respiratory Medicine Service,570,10.6,
2026-05|RLT|C_410,2026-05,RLT,GEORGE ELIOT HOSPITAL NHS TRUST,C_410,Rheumatology Service,297,4.9,
2026-05|RLT|C_430,2026-05,RLT,GEORGE ELIOT HOSPITAL NHS TRUST,C_430,Elderly Medicine Service,93,8.8,
2026-05|RLT|C_502,2026-05,RLT,GEORGE ELIOT HOSPITAL NHS TRUST,C_502,Gynaecology Service,1598,12.2,
2026-05|RLT|C_999,2026-05,RLT,GEORGE ELIOT HOSPITAL NHS TRUST,C_999,Total,19240,12.9,
2026-05|RLT|X02,2026-05,RLT,GEORGE ELIOT HOSPITAL NHS TRUST,X02,Other - Medical Services,763,6.8,
2026-05|RLT|X04,2026-05,RLT,GEORGE ELIOT HOSPITAL NHS TRUST,X04,Other - Paediatric Services,517,8.7,
2026-05|RLT|X05,2026-05,RLT,GEORGE ELIOT HOSPITAL NHS TRUST,X05,Other - Surgical Services,1050,8.1,
2026-05|RLT|X06,2026-05,RLT,GEORGE ELIOT HOSPITAL NHS TRUST,X06,Other - Other Services,2134,20.4,
2026-05|RM1|C_100,2026-05,RM1,NORFOLK AND NORWICH UNIVERSITY HOSPITALS NHS FOUNDATION TRUST,C_100,General Surgery Service,4333,13.9,
2026-05|RM1|C_101,2026-05,RM1,NORFOLK AND NORWICH UNIVERSITY HOSPITALS NHS FOUNDATION TRUST,C_101,Urology Service,4586,15.5,
2026-05|RM1|C_110,2026-05,RM1,NORFOLK AND NORWICH UNIVERSITY HOSPITALS NHS FOUNDATION TRUST,C_110,Trauma and Orthopaedic Service,8860,18.6,
2026-05|RM1|C_120,2026-05,RM1,NORFOLK AND NORWICH UNIVERSITY HOSPITALS NHS FOUNDATION TRUST,C_120,Ear Nose and Throat Service,5454,12.5,
2026-05|RM1|C_130,2026-05,RM1,NORFOLK AND NORWICH UNIVERSITY HOSPITALS NHS FOUNDATION TRUST,C_130,Ophthalmology Service,6203,12.2,
2026-05|RM1|C_140,2026-05,RM1,NORFOLK AND NORWICH UNIVERSITY HOSPITALS NHS FOUNDATION TRUST,C_140,Oral Surgery Service,1888,11.7,
2026-05|RM1|C_160,2026-05,RM1,NORFOLK AND NORWICH UNIVERSITY HOSPITALS NHS FOUNDATION TRUST,C_160,Plastic Surgery Service,1527,20.9,
2026-05|RM1|C_301,2026-05,RM1,NORFOLK AND NORWICH UNIVERSITY HOSPITALS NHS FOUNDATION TRUST,C_301,Gastroenterology Service,3215,12.1,
2026-05|RM1|C_320,2026-05,RM1,NORFOLK AND NORWICH UNIVERSITY HOSPITALS NHS FOUNDATION TRUST,C_320,Cardiology Service,4137,13.6,
2026-05|RM1|C_330,2026-05,RM1,NORFOLK AND NORWICH UNIVERSITY HOSPITALS NHS FOUNDATION TRUST,C_330,Dermatology Service,3927,13.7,
2026-05|RM1|C_340,2026-05,RM1,NORFOLK AND NORWICH UNIVERSITY HOSPITALS NHS FOUNDATION TRUST,C_340,Respiratory Medicine Service,1437,12.0,
2026-05|RM1|C_400,2026-05,RM1,NORFOLK AND NORWICH UNIVERSITY HOSPITALS NHS FOUNDATION TRUST,C_400,Neurology Service,2080,10.6,
2026-05|RM1|C_410,2026-05,RM1,NORFOLK AND NORWICH UNIVERSITY HOSPITALS NHS FOUNDATION TRUST,C_410,Rheumatology Service,1161,12.3,
2026-05|RM1|C_430,2026-05,RM1,NORFOLK AND NORWICH UNIVERSITY HOSPITALS NHS FOUNDATION TRUST,C_430,Elderly Medicine Service,40,5.0,
2026-05|RM1|C_502,2026-05,RM1,NORFOLK AND NORWICH UNIVERSITY HOSPITALS NHS FOUNDATION TRUST,C_502,Gynaecology Service,5531,15.8,
2026-05|RM1|C_999,2026-05,RM1,NORFOLK AND NORWICH UNIVERSITY HOSPITALS NHS FOUNDATION TRUST,C_999,Total,68317,13.5,
2026-05|RM1|X02,2026-05,RM1,NORFOLK AND NORWICH UNIVERSITY HOSPITALS NHS FOUNDATION TRUST,X02,Other - Medical Services,6558,13.5,
2026-05|RM1|X04,2026-05,RM1,NORFOLK AND NORWICH UNIVERSITY HOSPITALS NHS FOUNDATION TRUST,X04,Other - Paediatric Services,4676,12.0,
2026-05|RM1|X05,2026-05,RM1,NORFOLK AND NORWICH UNIVERSITY HOSPITALS NHS FOUNDATION TRUST,X05,Other - Surgical Services,1956,7.6,
2026-05|RM1|X06,2026-05,RM1,NORFOLK AND NORWICH UNIVERSITY HOSPITALS NHS FOUNDATION TRUST,X06,Other - Other Services,748,5.4,
2026-05|RM3|C_100,2026-05,RM3,NORTHERN CARE ALLIANCE NHS FOUNDATION TRUST,C_100,General Surgery Service,5459,19.2,
2026-05|RM3|C_101,2026-05,RM3,NORTHERN CARE ALLIANCE NHS FOUNDATION TRUST,C_101,Urology Service,7716,14.1,
2026-05|RM3|C_110,2026-05,RM3,NORTHERN CARE ALLIANCE NHS FOUNDATION TRUST,C_110,Trauma and Orthopaedic Service,13748,14.2,
2026-05|RM3|C_120,2026-05,RM3,NORTHERN CARE ALLIANCE NHS FOUNDATION TRUST,C_120,Ear Nose and Throat Service,9204,15.7,
2026-05|RM3|C_130,2026-05,RM3,NORTHERN CARE ALLIANCE NHS FOUNDATION TRUST,C_130,Ophthalmology Service,5997,16.3,
2026-05|RM3|C_140,2026-05,RM3,NORTHERN CARE ALLIANCE NHS FOUNDATION TRUST,C_140,Oral Surgery Service,1865,19.1,
2026-05|RM3|C_150,2026-05,RM3,NORTHERN CARE ALLIANCE NHS FOUNDATION TRUST,C_150,Neurosurgical Service,4645,17.3,
2026-05|RM3|C_160,2026-05,RM3,NORTHERN CARE ALLIANCE NHS FOUNDATION TRUST,C_160,Plastic Surgery Service,1257,14.0,
2026-05|RM3|C_300,2026-05,RM3,NORTHERN CARE ALLIANCE NHS FOUNDATION TRUST,C_300,General Internal Medicine Service,123,19.1,
2026-05|RM3|C_301,2026-05,RM3,NORTHERN CARE ALLIANCE NHS FOUNDATION TRUST,C_301,Gastroenterology Service,13797,15.9,
2026-05|RM3|C_320,2026-05,RM3,NORTHERN CARE ALLIANCE NHS FOUNDATION TRUST,C_320,Cardiology Service,5374,13.1,
2026-05|RM3|C_330,2026-05,RM3,NORTHERN CARE ALLIANCE NHS FOUNDATION TRUST,C_330,Dermatology Service,14704,16.7,
2026-05|RM3|C_340,2026-05,RM3,NORTHERN CARE ALLIANCE NHS FOUNDATION TRUST,C_340,Respiratory Medicine Service,1118,5.2,
2026-05|RM3|C_400,2026-05,RM3,NORTHERN CARE ALLIANCE NHS FOUNDATION TRUST,C_400,Neurology Service,17285,14.5,
2026-05|RM3|C_410,2026-05,RM3,NORTHERN CARE ALLIANCE NHS FOUNDATION TRUST,C_410,Rheumatology Service,2196,14.7,
2026-05|RM3|C_430,2026-05,RM3,NORTHERN CARE ALLIANCE NHS FOUNDATION TRUST,C_430,Elderly Medicine Service,245,5.3,
2026-05|RM3|C_502,2026-05,RM3,NORTHERN CARE ALLIANCE NHS FOUNDATION TRUST,C_502,Gynaecology Service,9998,15.3,
2026-05|RM3|C_999,2026-05,RM3,NORTHERN CARE ALLIANCE NHS FOUNDATION TRUST,C_999,Total,134640,14.9,
2026-05|RM3|X02,2026-05,RM3,NORTHERN CARE ALLIANCE NHS FOUNDATION TRUST,X02,Other - Medical Services,6373,12.6,
2026-05|RM3|X04,2026-05,RM3,NORTHERN CARE ALLIANCE NHS FOUNDATION TRUST,X04,Other - Paediatric Services,4786,14.3,
2026-05|RM3|X05,2026-05,RM3,NORTHERN CARE ALLIANCE NHS FOUNDATION TRUST,X05,Other - Surgical Services,8638,13.8,
2026-05|RM3|X06,2026-05,RM3,NORTHERN CARE ALLIANCE NHS FOUNDATION TRUST,X06,Other - Other Services,112,14.7,
2026-05|RMC|C_100,2026-05,RMC,BOLTON NHS FOUNDATION TRUST,C_100,General Surgery Service,3962,12.3,
2026-05|RMC|C_101,2026-05,RMC,BOLTON NHS FOUNDATION TRUST,C_101,Urology Service,2827,15.6,
2026-05|RMC|C_110,2026-05,RMC,BOLTON NHS FOUNDATION TRUST,C_110,Trauma and Orthopaedic Service,2227,17.4,
2026-05|RMC|C_120,2026-05,RMC,BOLTON NHS FOUNDATION TRUST,C_120,Ear Nose and Throat Service,4513,18.4,
2026-05|RMC|C_130,2026-05,RMC,BOLTON NHS FOUNDATION TRUST,C_130,Ophthalmology Service,4837,10.2,
2026-05|RMC|C_140,2026-05,RMC,BOLTON NHS FOUNDATION TRUST,C_140,Oral Surgery Service,2370,17.1,
2026-05|RMC|C_160,2026-05,RMC,BOLTON NHS FOUNDATION TRUST,C_160,Plastic Surgery Service,694,23.4,
2026-05|RMC|C_170,2026-05,RMC,BOLTON NHS FOUNDATION TRUST,C_170,Cardiothoracic Surgery Service,58,26.0,
2026-05|RMC|C_300,2026-05,RMC,BOLTON NHS FOUNDATION TRUST,C_300,General Internal Medicine Service,31,4.4,
2026-05|RMC|C_301,2026-05,RMC,BOLTON NHS FOUNDATION TRUST,C_301,Gastroenterology Service,1464,9.0,
2026-05|RMC|C_320,2026-05,RMC,BOLTON NHS FOUNDATION TRUST,C_320,Cardiology Service,3164,18.7,
2026-05|RMC|C_330,2026-05,RMC,BOLTON NHS FOUNDATION TRUST,C_330,Dermatology Service,2413,11.0,
2026-05|RMC|C_340,2026-05,RMC,BOLTON NHS FOUNDATION TRUST,C_340,Respiratory Medicine Service,1033,11.6,
2026-05|RMC|C_400,2026-05,RMC,BOLTON NHS FOUNDATION TRUST,C_400,Neurology Service,144,25.3,
2026-05|RMC|C_410,2026-05,RMC,BOLTON NHS FOUNDATION TRUST,C_410,Rheumatology Service,545,9.3,
2026-05|RMC|C_430,2026-05,RMC,BOLTON NHS FOUNDATION TRUST,C_430,Elderly Medicine Service,371,7.9,
2026-05|RMC|C_502,2026-05,RMC,BOLTON NHS FOUNDATION TRUST,C_502,Gynaecology Service,3309,18.6,
2026-05|RMC|C_999,2026-05,RMC,BOLTON NHS FOUNDATION TRUST,C_999,Total,37294,14.0,
2026-05|RMC|X02,2026-05,RMC,BOLTON NHS FOUNDATION TRUST,X02,Other - Medical Services,2575,11.5,
2026-05|RMC|X04,2026-05,RMC,BOLTON NHS FOUNDATION TRUST,X04,Other - Paediatric Services,189,12.4,
2026-05|RMC|X05,2026-05,RMC,BOLTON NHS FOUNDATION TRUST,X05,Other - Surgical Services,538,16.8,
2026-05|RMC|X06,2026-05,RMC,BOLTON NHS FOUNDATION TRUST,X06,Other - Other Services,30,19.0,
2026-05|RMP|C_100,2026-05,RMP,TAMESIDE AND GLOSSOP INTEGRATED CARE NHS FOUNDATION TRUST,C_100,General Surgery Service,1262,6.7,
2026-05|RMP|C_101,2026-05,RMP,TAMESIDE AND GLOSSOP INTEGRATED CARE NHS FOUNDATION TRUST,C_101,Urology Service,666,5.1,
2026-05|RMP|C_110,2026-05,RMP,TAMESIDE AND GLOSSOP INTEGRATED CARE NHS FOUNDATION TRUST,C_110,Trauma and Orthopaedic Service,3273,12.3,
2026-05|RMP|C_120,2026-05,RMP,TAMESIDE AND GLOSSOP INTEGRATED CARE NHS FOUNDATION TRUST,C_120,Ear Nose and Throat Service,1905,12.7,
2026-05|RMP|C_140,2026-05,RMP,TAMESIDE AND GLOSSOP INTEGRATED CARE NHS FOUNDATION TRUST,C_140,Oral Surgery Service,749,11.4,
2026-05|RMP|C_300,2026-05,RMP,TAMESIDE AND GLOSSOP INTEGRATED CARE NHS FOUNDATION TRUST,C_300,General Internal Medicine Service,50,4.8,
2026-05|RMP|C_301,2026-05,RMP,TAMESIDE AND GLOSSOP INTEGRATED CARE NHS FOUNDATION TRUST,C_301,Gastroenterology Service,1103,6.0,
2026-05|RMP|C_320,2026-05,RMP,TAMESIDE AND GLOSSOP INTEGRATED CARE NHS FOUNDATION TRUST,C_320,Cardiology Service,1032,7.7,
2026-05|RMP|C_330,2026-05,RMP,TAMESIDE AND GLOSSOP INTEGRATED CARE NHS FOUNDATION TRUST,C_330,Dermatology Service,219,4.1,
2026-05|RMP|C_340,2026-05,RMP,TAMESIDE AND GLOSSOP INTEGRATED CARE NHS FOUNDATION TRUST,C_340,Respiratory Medicine Service,681,9.6,
2026-05|RMP|C_410,2026-05,RMP,TAMESIDE AND GLOSSOP INTEGRATED CARE NHS FOUNDATION TRUST,C_410,Rheumatology Service,321,7.0,
2026-05|RMP|C_430,2026-05,RMP,TAMESIDE AND GLOSSOP INTEGRATED CARE NHS FOUNDATION TRUST,C_430,Elderly Medicine Service,6,3.0,
2026-05|RMP|C_502,2026-05,RMP,TAMESIDE AND GLOSSOP INTEGRATED CARE NHS FOUNDATION TRUST,C_502,Gynaecology Service,1960,13.3,
2026-05|RMP|C_999,2026-05,RMP,TAMESIDE AND GLOSSOP INTEGRATED CARE NHS FOUNDATION TRUST,C_999,Total,16888,9.5,
2026-05|RMP|X02,2026-05,RMP,TAMESIDE AND GLOSSOP INTEGRATED CARE NHS FOUNDATION TRUST,X02,Other - Medical Services,1285,9.7,
2026-05|RMP|X04,2026-05,RMP,TAMESIDE AND GLOSSOP INTEGRATED CARE NHS FOUNDATION TRUST,X04,Other - Paediatric Services,987,9.2,
2026-05|RMP|X05,2026-05,RMP,TAMESIDE AND GLOSSOP INTEGRATED CARE NHS FOUNDATION TRUST,X05,Other - Surgical Services,1389,6.2,
2026-05|RN3|C_100,2026-05,RN3,GREAT WESTERN HOSPITALS NHS FOUNDATION TRUST,C_100,General Surgery Service,5277,12.9,
2026-05|RN3|C_101,2026-05,RN3,GREAT WESTERN HOSPITALS NHS FOUNDATION TRUST,C_101,Urology Service,3224,17.8,
2026-05|RN3|C_110,2026-05,RN3,GREAT WESTERN HOSPITALS NHS FOUNDATION TRUST,C_110,Trauma and Orthopaedic Service,5771,18.9,
2026-05|RN3|C_120,2026-05,RN3,GREAT WESTERN HOSPITALS NHS FOUNDATION TRUST,C_120,Ear Nose and Throat Service,3626,14.8,
2026-05|RN3|C_130,2026-05,RN3,GREAT WESTERN HOSPITALS NHS FOUNDATION TRUST,C_130,Ophthalmology Service,2877,14.1,
2026-05|RN3|C_140,2026-05,RN3,GREAT WESTERN HOSPITALS NHS FOUNDATION TRUST,C_140,Oral Surgery Service,3060,19.8,
2026-05|RN3|C_160,2026-05,RN3,GREAT WESTERN HOSPITALS NHS FOUNDATION TRUST,C_160,Plastic Surgery Service,125,5.9,
2026-05|RN3|C_301,2026-05,RN3,GREAT WESTERN HOSPITALS NHS FOUNDATION TRUST,C_301,Gastroenterology Service,3864,15.1,
2026-05|RN3|C_320,2026-05,RN3,GREAT WESTERN HOSPITALS NHS FOUNDATION TRUST,C_320,Cardiology Service,1302,12.4,
2026-05|RN3|C_330,2026-05,RN3,GREAT WESTERN HOSPITALS NHS FOUNDATION TRUST,C_330,Dermatology Service,3409,12.4,
2026-05|RN3|C_340,2026-05,RN3,GREAT WESTERN HOSPITALS NHS FOUNDATION TRUST,C_340,Respiratory Medicine Service,847,15.4,
2026-05|RN3|C_400,2026-05,RN3,GREAT WESTERN HOSPITALS NHS FOUNDATION TRUST,C_400,Neurology Service,714,7.1,
2026-05|RN3|C_410,2026-05,RN3,GREAT WESTERN HOSPITALS NHS FOUNDATION TRUST,C_410,Rheumatology Service,370,5.6,
2026-05|RN3|C_430,2026-05,RN3,GREAT WESTERN HOSPITALS NHS FOUNDATION TRUST,C_430,Elderly Medicine Service,203,9.5,
2026-05|RN3|C_502,2026-05,RN3,GREAT WESTERN HOSPITALS NHS FOUNDATION TRUST,C_502,Gynaecology Service,3649,16.4,
2026-05|RN3|C_999,2026-05,RN3,GREAT WESTERN HOSPITALS NHS FOUNDATION TRUST,C_999,Total,43973,15.1,
2026-05|RN3|X02,2026-05,RN3,GREAT WESTERN HOSPITALS NHS FOUNDATION TRUST,X02,Other - Medical Services,2072,16.3,
2026-05|RN3|X04,2026-05,RN3,GREAT WESTERN HOSPITALS NHS FOUNDATION TRUST,X04,Other - Paediatric Services,1718,16.8,
2026-05|RN3|X05,2026-05,RN3,GREAT WESTERN HOSPITALS NHS FOUNDATION TRUST,X05,Other - Surgical Services,724,4.0,
2026-05|RN3|X06,2026-05,RN3,GREAT WESTERN HOSPITALS NHS FOUNDATION TRUST,X06,Other - Other Services,1141,10.8,
2026-05|RN5|C_100,2026-05,RN5,HAMPSHIRE HOSPITALS NHS FOUNDATION TRUST,C_100,General Surgery Service,3049,21.3,
2026-05|RN5|C_101,2026-05,RN5,HAMPSHIRE HOSPITALS NHS FOUNDATION TRUST,C_101,Urology Service,3400,14.0,
2026-05|RN5|C_110,2026-05,RN5,HAMPSHIRE HOSPITALS NHS FOUNDATION TRUST,C_110,Trauma and Orthopaedic Service,5752,13.8,
2026-05|RN5|C_120,2026-05,RN5,HAMPSHIRE HOSPITALS NHS FOUNDATION TRUST,C_120,Ear Nose and Throat Service,3397,12.6,
2026-05|RN5|C_130,2026-05,RN5,HAMPSHIRE HOSPITALS NHS FOUNDATION TRUST,C_130,Ophthalmology Service,2781,8.1,
2026-05|RN5|C_140,2026-05,RN5,HAMPSHIRE HOSPITALS NHS FOUNDATION TRUST,C_140,Oral Surgery Service,2009,17.8,
2026-05|RN5|C_170,2026-05,RN5,HAMPSHIRE HOSPITALS NHS FOUNDATION TRUST,C_170,Cardiothoracic Surgery Service,4,41.0,
2026-05|RN5|C_300,2026-05,RN5,HAMPSHIRE HOSPITALS NHS FOUNDATION TRUST,C_300,General Internal Medicine Service,25,6.1,
2026-05|RN5|C_301,2026-05,RN5,HAMPSHIRE HOSPITALS NHS FOUNDATION TRUST,C_301,Gastroenterology Service,3982,11.8,
2026-05|RN5|C_320,2026-05,RN5,HAMPSHIRE HOSPITALS NHS FOUNDATION TRUST,C_320,Cardiology Service,3549,14.5,
2026-05|RN5|C_330,2026-05,RN5,HAMPSHIRE HOSPITALS NHS FOUNDATION TRUST,C_330,Dermatology Service,3020,8.1,
2026-05|RN5|C_340,2026-05,RN5,HAMPSHIRE HOSPITALS NHS FOUNDATION TRUST,C_340,Respiratory Medicine Service,1655,10.6,
2026-05|RN5|C_400,2026-05,RN5,HAMPSHIRE HOSPITALS NHS FOUNDATION TRUST,C_400,Neurology Service,1727,12.0,
2026-05|RN5|C_410,2026-05,RN5,HAMPSHIRE HOSPITALS NHS FOUNDATION TRUST,C_410,Rheumatology Service,1408,15.4,
2026-05|RN5|C_430,2026-05,RN5,HAMPSHIRE HOSPITALS NHS FOUNDATION TRUST,C_430,Elderly Medicine Service,164,5.1,
2026-05|RN5|C_502,2026-05,RN5,HAMPSHIRE HOSPITALS NHS FOUNDATION TRUST,C_502,Gynaecology Service,4163,11.7,
2026-05|RN5|C_999,2026-05,RN5,HAMPSHIRE HOSPITALS NHS FOUNDATION TRUST,C_999,Total,49936,12.1,
2026-05|RN5|X02,2026-05,RN5,HAMPSHIRE HOSPITALS NHS FOUNDATION TRUST,X02,Other - Medical Services,3686,8.5,
2026-05|RN5|X04,2026-05,RN5,HAMPSHIRE HOSPITALS NHS FOUNDATION TRUST,X04,Other - Paediatric Services,1664,7.5,
2026-05|RN5|X05,2026-05,RN5,HAMPSHIRE HOSPITALS NHS FOUNDATION TRUST,X05,Other - Surgical Services,4467,12.9,
2026-05|RN5|X06,2026-05,RN5,HAMPSHIRE HOSPITALS NHS FOUNDATION TRUST,X06,Other - Other Services,34,7.0,
2026-05|RN7|C_100,2026-05,RN7,DARTFORD AND GRAVESHAM NHS TRUST,C_100,General Surgery Service,7026,15.2,
2026-05|RN7|C_101,2026-05,RN7,DARTFORD AND GRAVESHAM NHS TRUST,C_101,Urology Service,2806,11.1,
2026-05|RN7|C_110,2026-05,RN7,DARTFORD AND GRAVESHAM NHS TRUST,C_110,Trauma and Orthopaedic Service,4856,18.0,
2026-05|RN7|C_300,2026-05,RN7,DARTFORD AND GRAVESHAM NHS TRUST,C_300,General Internal Medicine Service,721,9.7,
2026-05|RN7|C_301,2026-05,RN7,DARTFORD AND GRAVESHAM NHS TRUST,C_301,Gastroenterology Service,2633,12.4,
2026-05|RN7|C_320,2026-05,RN7,DARTFORD AND GRAVESHAM NHS TRUST,C_320,Cardiology Service,2765,16.9,
2026-05|RN7|C_340,2026-05,RN7,DARTFORD AND GRAVESHAM NHS TRUST,C_340,Respiratory Medicine Service,1092,12.1,
2026-05|RN7|C_400,2026-05,RN7,DARTFORD AND GRAVESHAM NHS TRUST,C_400,Neurology Service,1356,13.1,
2026-05|RN7|C_430,2026-05,RN7,DARTFORD AND GRAVESHAM NHS TRUST,C_430,Elderly Medicine Service,384,10.2,
2026-05|RN7|C_502,2026-05,RN7,DARTFORD AND GRAVESHAM NHS TRUST,C_502,Gynaecology Service,4607,14.5,
2026-05|RN7|C_999,2026-05,RN7,DARTFORD AND GRAVESHAM NHS TRUST,C_999,Total,31405,13.4,
2026-05|RN7|X02,2026-05,RN7,DARTFORD AND GRAVESHAM NHS TRUST,X02,Other - Medical Services,764,4.5,
2026-05|RN7|X04,2026-05,RN7,DARTFORD AND GRAVESHAM NHS TRUST,X04,Other - Paediatric Services,807,4.1,
2026-05|RN7|X05,2026-05,RN7,DARTFORD AND GRAVESHAM NHS TRUST,X05,Other - Surgical Services,1194,11.3,
2026-05|RN7|X06,2026-05,RN7,DARTFORD AND GRAVESHAM NHS TRUST,X06,Other - Other Services,394,7.9,
2026-05|RNA|C_100,2026-05,RNA,THE DUDLEY GROUP NHS FOUNDATION TRUST,C_100,General Surgery Service,3243,17.3,
2026-05|RNA|C_101,2026-05,RNA,THE DUDLEY GROUP NHS FOUNDATION TRUST,C_101,Urology Service,1661,9.9,
2026-05|RNA|C_110,2026-05,RNA,THE DUDLEY GROUP NHS FOUNDATION TRUST,C_110,Trauma and Orthopaedic Service,4056,12.9,
2026-05|RNA|C_120,2026-05,RNA,THE DUDLEY GROUP NHS FOUNDATION TRUST,C_120,Ear Nose and Throat Service,4771,14.2,
2026-05|RNA|C_130,2026-05,RNA,THE DUDLEY GROUP NHS FOUNDATION TRUST,C_130,Ophthalmology Service,4489,12.0,
2026-05|RNA|C_140,2026-05,RNA,THE DUDLEY GROUP NHS FOUNDATION TRUST,C_140,Oral Surgery Service,2264,16.8,
2026-05|RNA|C_160,2026-05,RNA,THE DUDLEY GROUP NHS FOUNDATION TRUST,C_160,Plastic Surgery Service,1807,11.6,
2026-05|RNA|C_301,2026-05,RNA,THE DUDLEY GROUP NHS FOUNDATION TRUST,C_301,Gastroenterology Service,2213,12.1,
2026-05|RNA|C_320,2026-05,RNA,THE DUDLEY GROUP NHS FOUNDATION TRUST,C_320,Cardiology Service,1908,6.8,
2026-05|RNA|C_330,2026-05,RNA,THE DUDLEY GROUP NHS FOUNDATION TRUST,C_330,Dermatology Service,3442,10.3,
2026-05|RNA|C_340,2026-05,RNA,THE DUDLEY GROUP NHS FOUNDATION TRUST,C_340,Respiratory Medicine Service,1003,6.6,
2026-05|RNA|C_400,2026-05,RNA,THE DUDLEY GROUP NHS FOUNDATION TRUST,C_400,Neurology Service,1457,18.0,
2026-05|RNA|C_410,2026-05,RNA,THE DUDLEY GROUP NHS FOUNDATION TRUST,C_410,Rheumatology Service,851,8.3,
2026-05|RNA|C_430,2026-05,RNA,THE DUDLEY GROUP NHS FOUNDATION TRUST,C_430,Elderly Medicine Service,188,9.4,
2026-05|RNA|C_502,2026-05,RNA,THE DUDLEY GROUP NHS FOUNDATION TRUST,C_502,Gynaecology Service,3434,13.8,
2026-05|RNA|C_999,2026-05,RNA,THE DUDLEY GROUP NHS FOUNDATION TRUST,C_999,Total,46254,12.4,
2026-05|RNA|X02,2026-05,RNA,THE DUDLEY GROUP NHS FOUNDATION TRUST,X02,Other - Medical Services,3766,11.9,
2026-05|RNA|X04,2026-05,RNA,THE DUDLEY GROUP NHS FOUNDATION TRUST,X04,Other - Paediatric Services,2006,11.6,
2026-05|RNA|X05,2026-05,RNA,THE DUDLEY GROUP NHS FOUNDATION TRUST,X05,Other - Surgical Services,2240,9.1,
2026-05|RNA|X06,2026-05,RNA,THE DUDLEY GROUP NHS FOUNDATION TRUST,X06,Other - Other Services,1455,15.1,
2026-05|RNN|C_100,2026-05,RNN,NORTH CUMBRIA INTEGRATED CARE NHS FOUNDATION TRUST,C_100,General Surgery Service,1202,17.4,
2026-05|RNN|C_101,2026-05,RNN,NORTH CUMBRIA INTEGRATED CARE NHS FOUNDATION TRUST,C_101,Urology Service,2179,13.1,
2026-05|RNN|C_110,2026-05,RNN,NORTH CUMBRIA INTEGRATED CARE NHS FOUNDATION TRUST,C_110,Trauma and Orthopaedic Service,2761,15.0,
2026-05|RNN|C_120,2026-05,RNN,NORTH CUMBRIA INTEGRATED CARE NHS FOUNDATION TRUST,C_120,Ear Nose and Throat Service,3706,13.0,
2026-05|RNN|C_130,2026-05,RNN,NORTH CUMBRIA INTEGRATED CARE NHS FOUNDATION TRUST,C_130,Ophthalmology Service,1887,10.3,
2026-05|RNN|C_140,2026-05,RNN,NORTH CUMBRIA INTEGRATED CARE NHS FOUNDATION TRUST,C_140,Oral Surgery Service,990,9.2,
2026-05|RNN|C_300,2026-05,RNN,NORTH CUMBRIA INTEGRATED CARE NHS FOUNDATION TRUST,C_300,General Internal Medicine Service,107,15.5,
2026-05|RNN|C_301,2026-05,RNN,NORTH CUMBRIA INTEGRATED CARE NHS FOUNDATION TRUST,C_301,Gastroenterology Service,1782,13.6,
2026-05|RNN|C_320,2026-05,RNN,NORTH CUMBRIA INTEGRATED CARE NHS FOUNDATION TRUST,C_320,Cardiology Service,2791,14.7,
2026-05|RNN|C_330,2026-05,RNN,NORTH CUMBRIA INTEGRATED CARE NHS FOUNDATION TRUST,C_330,Dermatology Service,1891,9.6,
2026-05|RNN|C_340,2026-05,RNN,NORTH CUMBRIA INTEGRATED CARE NHS FOUNDATION TRUST,C_340,Respiratory Medicine Service,735,15.0,
2026-05|RNN|C_400,2026-05,RNN,NORTH CUMBRIA INTEGRATED CARE NHS FOUNDATION TRUST,C_400,Neurology Service,1389,13.6,
2026-05|RNN|C_410,2026-05,RNN,NORTH CUMBRIA INTEGRATED CARE NHS FOUNDATION TRUST,C_410,Rheumatology Service,1360,16.1,
2026-05|RNN|C_430,2026-05,RNN,NORTH CUMBRIA INTEGRATED CARE NHS FOUNDATION TRUST,C_430,Elderly Medicine Service,292,11.6,
2026-05|RNN|C_502,2026-05,RNN,NORTH CUMBRIA INTEGRATED CARE NHS FOUNDATION TRUST,C_502,Gynaecology Service,3866,17.5,
2026-05|RNN|C_999,2026-05,RNN,NORTH CUMBRIA INTEGRATED CARE NHS FOUNDATION TRUST,C_999,Total,35639,12.6,
2026-05|RNN|X02,2026-05,RNN,NORTH CUMBRIA INTEGRATED CARE NHS FOUNDATION TRUST,X02,Other - Medical Services,1038,11.4,
2026-05|RNN|X04,2026-05,RNN,NORTH CUMBRIA INTEGRATED CARE NHS FOUNDATION TRUST,X04,Other - Paediatric Services,637,5.9,
2026-05|RNN|X05,2026-05,RNN,NORTH CUMBRIA INTEGRATED CARE NHS FOUNDATION TRUST,X05,Other - Surgical Services,5352,12.6,
2026-05|RNN|X06,2026-05,RNN,NORTH CUMBRIA INTEGRATED CARE NHS FOUNDATION TRUST,X06,Other - Other Services,1674,6.0,
2026-05|RNQ|C_100,2026-05,RNQ,KETTERING GENERAL HOSPITAL NHS FOUNDATION TRUST,C_100,General Surgery Service,1805,12.8,
2026-05|RNQ|C_101,2026-05,RNQ,KETTERING GENERAL HOSPITAL NHS FOUNDATION TRUST,C_101,Urology Service,1550,12.1,
2026-05|RNQ|C_110,2026-05,RNQ,KETTERING GENERAL HOSPITAL NHS FOUNDATION TRUST,C_110,Trauma and Orthopaedic Service,1763,13.2,
2026-05|RNQ|C_120,2026-05,RNQ,KETTERING GENERAL HOSPITAL NHS FOUNDATION TRUST,C_120,Ear Nose and Throat Service,2219,18.4,
2026-05|RNQ|C_130,2026-05,RNQ,KETTERING GENERAL HOSPITAL NHS FOUNDATION TRUST,C_130,Ophthalmology Service,2525,10.5,
2026-05|RNQ|C_140,2026-05,RNQ,KETTERING GENERAL HOSPITAL NHS FOUNDATION TRUST,C_140,Oral Surgery Service,1762,24.7,
2026-05|RNQ|C_160,2026-05,RNQ,KETTERING GENERAL HOSPITAL NHS FOUNDATION TRUST,C_160,Plastic Surgery Service,97,12.1,
2026-05|RNQ|C_300,2026-05,RNQ,KETTERING GENERAL HOSPITAL NHS FOUNDATION TRUST,C_300,General Internal Medicine Service,15,1.3,
2026-05|RNQ|C_301,2026-05,RNQ,KETTERING GENERAL HOSPITAL NHS FOUNDATION TRUST,C_301,Gastroenterology Service,931,10.2,
2026-05|RNQ|C_320,2026-05,RNQ,KETTERING GENERAL HOSPITAL NHS FOUNDATION TRUST,C_320,Cardiology Service,1470,9.2,
2026-05|RNQ|C_330,2026-05,RNQ,KETTERING GENERAL HOSPITAL NHS FOUNDATION TRUST,C_330,Dermatology Service,1108,9.4,
2026-05|RNQ|C_340,2026-05,RNQ,KETTERING GENERAL HOSPITAL NHS FOUNDATION TRUST,C_340,Respiratory Medicine Service,802,10.0,
2026-05|RNQ|C_400,2026-05,RNQ,KETTERING GENERAL HOSPITAL NHS FOUNDATION TRUST,C_400,Neurology Service,1076,15.6,
2026-05|RNQ|C_410,2026-05,RNQ,KETTERING GENERAL HOSPITAL NHS FOUNDATION TRUST,C_410,Rheumatology Service,1055,12.9,
2026-05|RNQ|C_430,2026-05,RNQ,KETTERING GENERAL HOSPITAL NHS FOUNDATION TRUST,C_430,Elderly Medicine Service,247,11.4,
2026-05|RNQ|C_502,2026-05,RNQ,KETTERING GENERAL HOSPITAL NHS FOUNDATION TRUST,C_502,Gynaecology Service,2735,13.2,
2026-05|RNQ|C_999,2026-05,RNQ,KETTERING GENERAL HOSPITAL NHS FOUNDATION TRUST,C_999,Total,26714,13.1,
2026-05|RNQ|X02,2026-05,RNQ,KETTERING GENERAL HOSPITAL NHS FOUNDATION TRUST,X02,Other - Medical Services,3729,15.8,
2026-05|RNQ|X04,2026-05,RNQ,KETTERING GENERAL HOSPITAL NHS FOUNDATION TRUST,X04,Other - Paediatric Services,234,10.3,
2026-05|RNQ|X05,2026-05,RNQ,KETTERING GENERAL HOSPITAL NHS FOUNDATION TRUST,X05,Other - Surgical Services,1554,13.4,
2026-05|RNQ|X06,2026-05,RNQ,KETTERING GENERAL HOSPITAL NHS FOUNDATION TRUST,X06,Other - Other Services,37,5.2,
2026-05|RNS|C_100,2026-05,RNS,NORTHAMPTON GENERAL HOSPITAL NHS TRUST,C_100,General Surgery Service,2346,14.1,
2026-05|RNS|C_101,2026-05,RNS,NORTHAMPTON GENERAL HOSPITAL NHS TRUST,C_101,Urology Service,1188,9.1,
2026-05|RNS|C_110,2026-05,RNS,NORTHAMPTON GENERAL HOSPITAL NHS TRUST,C_110,Trauma and Orthopaedic Service,2722,16.1,
2026-05|RNS|C_120,2026-05,RNS,NORTHAMPTON GENERAL HOSPITAL NHS TRUST,C_120,Ear Nose and Throat Service,5341,16.5,
2026-05|RNS|C_130,2026-05,RNS,NORTHAMPTON GENERAL HOSPITAL NHS TRUST,C_130,Ophthalmology Service,3809,9.7,
2026-05|RNS|C_140,2026-05,RNS,NORTHAMPTON GENERAL HOSPITAL NHS TRUST,C_140,Oral Surgery Service,2428,18.9,
2026-05|RNS|C_160,2026-05,RNS,NORTHAMPTON GENERAL HOSPITAL NHS TRUST,C_160,Plastic Surgery Service,148,22.0,
2026-05|RNS|C_170,2026-05,RNS,NORTHAMPTON GENERAL HOSPITAL NHS TRUST,C_170,Cardiothoracic Surgery Service,14,0.8,
2026-05|RNS|C_300,2026-05,RNS,NORTHAMPTON GENERAL HOSPITAL NHS TRUST,C_300,General Internal Medicine Service,501,17.1,
2026-05|RNS|C_301,2026-05,RNS,NORTHAMPTON GENERAL HOSPITAL NHS TRUST,C_301,Gastroenterology Service,3060,13.5,
2026-05|RNS|C_320,2026-05,RNS,NORTHAMPTON GENERAL HOSPITAL NHS TRUST,C_320,Cardiology Service,3645,13.8,
2026-05|RNS|C_330,2026-05,RNS,NORTHAMPTON GENERAL HOSPITAL NHS TRUST,C_330,Dermatology Service,3913,17.4,
2026-05|RNS|C_340,2026-05,RNS,NORTHAMPTON GENERAL HOSPITAL NHS TRUST,C_340,Respiratory Medicine Service,1719,9.5,
2026-05|RNS|C_400,2026-05,RNS,NORTHAMPTON GENERAL HOSPITAL NHS TRUST,C_400,Neurology Service,1479,18.5,
2026-05|RNS|C_410,2026-05,RNS,NORTHAMPTON GENERAL HOSPITAL NHS TRUST,C_410,Rheumatology Service,533,13.7,
2026-05|RNS|C_430,2026-05,RNS,NORTHAMPTON GENERAL HOSPITAL NHS TRUST,C_430,Elderly Medicine Service,94,4.1,
2026-05|RNS|C_502,2026-05,RNS,NORTHAMPTON GENERAL HOSPITAL NHS TRUST,C_502,Gynaecology Service,3731,19.7,
2026-05|RNS|C_999,2026-05,RNS,NORTHAMPTON GENERAL HOSPITAL NHS TRUST,C_999,Total,40769,14.5,
2026-05|RNS|X02,2026-05,RNS,NORTHAMPTON GENERAL HOSPITAL NHS TRUST,X02,Other - Medical Services,2702,13.9,
2026-05|RNS|X04,2026-05,RNS,NORTHAMPTON GENERAL HOSPITAL NHS TRUST,X04,Other - Paediatric Services,431,9.3,
2026-05|RNS|X05,2026-05,RNS,NORTHAMPTON GENERAL HOSPITAL NHS TRUST,X05,Other - Surgical Services,596,17.6,
2026-05|RNS|X06,2026-05,RNS,NORTHAMPTON GENERAL HOSPITAL NHS TRUST,X06,Other - Other Services,369,6.2,
2026-05|RNZ|C_100,2026-05,RNZ,SALISBURY NHS FOUNDATION TRUST,C_100,General Surgery Service,1139,11.4,
2026-05|RNZ|C_101,2026-05,RNZ,SALISBURY NHS FOUNDATION TRUST,C_101,Urology Service,2545,10.6,
2026-05|RNZ|C_110,2026-05,RNZ,SALISBURY NHS FOUNDATION TRUST,C_110,Trauma and Orthopaedic Service,2875,12.4,
2026-05|RNZ|C_120,2026-05,RNZ,SALISBURY NHS FOUNDATION TRUST,C_120,Ear Nose and Throat Service,2895,14.6,
2026-05|RNZ|C_130,2026-05,RNZ,SALISBURY NHS FOUNDATION TRUST,C_130,Ophthalmology Service,2014,10.1,
2026-05|RNZ|C_140,2026-05,RNZ,SALISBURY NHS FOUNDATION TRUST,C_140,Oral Surgery Service,1803,13.4,
2026-05|RNZ|C_160,2026-05,RNZ,SALISBURY NHS FOUNDATION TRUST,C_160,Plastic Surgery Service,1987,10.6,
2026-05|RNZ|C_300,2026-05,RNZ,SALISBURY NHS FOUNDATION TRUST,C_300,General Internal Medicine Service,13,12.8,
2026-05|RNZ|C_301,2026-05,RNZ,SALISBURY NHS FOUNDATION TRUST,C_301,Gastroenterology Service,1585,11.2,
2026-05|RNZ|C_320,2026-05,RNZ,SALISBURY NHS FOUNDATION TRUST,C_320,Cardiology Service,1998,14.0,
2026-05|RNZ|C_330,2026-05,RNZ,SALISBURY NHS FOUNDATION TRUST,C_330,Dermatology Service,475,45.0,
2026-05|RNZ|C_340,2026-05,RNZ,SALISBURY NHS FOUNDATION TRUST,C_340,Respiratory Medicine Service,997,12.4,
2026-05|RNZ|C_410,2026-05,RNZ,SALISBURY NHS FOUNDATION TRUST,C_410,Rheumatology Service,665,12.1,
2026-05|RNZ|C_430,2026-05,RNZ,SALISBURY NHS FOUNDATION TRUST,C_430,Elderly Medicine Service,267,12.7,
2026-05|RNZ|C_502,2026-05,RNZ,SALISBURY NHS FOUNDATION TRUST,C_502,Gynaecology Service,2617,12.7,
2026-05|RNZ|C_999,2026-05,RNZ,SALISBURY NHS FOUNDATION TRUST,C_999,Total,30303,11.7,
2026-05|RNZ|X02,2026-05,RNZ,SALISBURY NHS FOUNDATION TRUST,X02,Other - Medical Services,3506,10.6,
2026-05|RNZ|X03,2026-05,RNZ,SALISBURY NHS FOUNDATION TRUST,X03,Other - Mental Health Services,94,4.3,
2026-05|RNZ|X04,2026-05,RNZ,SALISBURY NHS FOUNDATION TRUST,X04,Other - Paediatric Services,180,15.8,
2026-05|RNZ|X05,2026-05,RNZ,SALISBURY NHS FOUNDATION TRUST,X05,Other - Surgical Services,1658,9.4,
2026-05|RNZ|X06,2026-05,RNZ,SALISBURY NHS FOUNDATION TRUST,X06,Other - Other Services,990,8.0,
2026-05|RP4|C_999,2026-05,RP4,GREAT ORMOND STREET HOSPITAL FOR CHILDREN NHS FOUNDATION TRUST,C_999,Total,8228,11.6,
2026-05|RP4|X02,2026-05,RP4,GREAT ORMOND STREET HOSPITAL FOR CHILDREN NHS FOUNDATION TRUST,X02,Other - Medical Services,2043,9.1,
2026-05|RP4|X03,2026-05,RP4,GREAT ORMOND STREET HOSPITAL FOR CHILDREN NHS FOUNDATION TRUST,X03,Other - Mental Health Services,130,20.7,
2026-05|RP4|X04,2026-05,RP4,GREAT ORMOND STREET HOSPITAL FOR CHILDREN NHS FOUNDATION TRUST,X04,Other - Paediatric Services,5913,12.7,
2026-05|RP4|X05,2026-05,RP4,GREAT ORMOND STREET HOSPITAL FOR CHILDREN NHS FOUNDATION TRUST,X05,Other - Surgical Services,60,19.0,
2026-05|RP4|X06,2026-05,RP4,GREAT ORMOND STREET HOSPITAL FOR CHILDREN NHS FOUNDATION TRUST,X06,Other - Other Services,82,13.5,
2026-05|RP5|C_100,2026-05,RP5,DONCASTER AND BASSETLAW TEACHING HOSPITALS NHS FOUNDATION TRUST,C_100,General Surgery Service,3919,11.7,
2026-05|RP5|C_101,2026-05,RP5,DONCASTER AND BASSETLAW TEACHING HOSPITALS NHS FOUNDATION TRUST,C_101,Urology Service,2972,12.3,
2026-05|RP5|C_110,2026-05,RP5,DONCASTER AND BASSETLAW TEACHING HOSPITALS NHS FOUNDATION TRUST,C_110,Trauma and Orthopaedic Service,12725,17.2,
2026-05|RP5|C_120,2026-05,RP5,DONCASTER AND BASSETLAW TEACHING HOSPITALS NHS FOUNDATION TRUST,C_120,Ear Nose and Throat Service,6273,18.3,
2026-05|RP5|C_130,2026-05,RP5,DONCASTER AND BASSETLAW TEACHING HOSPITALS NHS FOUNDATION TRUST,C_130,Ophthalmology Service,3747,12.0,
2026-05|RP5|C_140,2026-05,RP5,DONCASTER AND BASSETLAW TEACHING HOSPITALS NHS FOUNDATION TRUST,C_140,Oral Surgery Service,2257,15.2,
2026-05|RP5|C_300,2026-05,RP5,DONCASTER AND BASSETLAW TEACHING HOSPITALS NHS FOUNDATION TRUST,C_300,General Internal Medicine Service,5,6.8,
2026-05|RP5|C_301,2026-05,RP5,DONCASTER AND BASSETLAW TEACHING HOSPITALS NHS FOUNDATION TRUST,C_301,Gastroenterology Service,3743,12.9,
2026-05|RP5|C_320,2026-05,RP5,DONCASTER AND BASSETLAW TEACHING HOSPITALS NHS FOUNDATION TRUST,C_320,Cardiology Service,2529,10.8,
2026-05|RP5|C_330,2026-05,RP5,DONCASTER AND BASSETLAW TEACHING HOSPITALS NHS FOUNDATION TRUST,C_330,Dermatology Service,2673,8.9,
2026-05|RP5|C_340,2026-05,RP5,DONCASTER AND BASSETLAW TEACHING HOSPITALS NHS FOUNDATION TRUST,C_340,Respiratory Medicine Service,2396,16.0,
2026-05|RP5|C_410,2026-05,RP5,DONCASTER AND BASSETLAW TEACHING HOSPITALS NHS FOUNDATION TRUST,C_410,Rheumatology Service,857,11.6,
2026-05|RP5|C_430,2026-05,RP5,DONCASTER AND BASSETLAW TEACHING HOSPITALS NHS FOUNDATION TRUST,C_430,Elderly Medicine Service,132,4.0,
2026-05|RP5|C_502,2026-05,RP5,DONCASTER AND BASSETLAW TEACHING HOSPITALS NHS FOUNDATION TRUST,C_502,Gynaecology Service,2770,7.7,
2026-05|RP5|C_999,2026-05,RP5,DONCASTER AND BASSETLAW TEACHING HOSPITALS NHS FOUNDATION TRUST,C_999,Total,54205,13.0,
2026-05|RP5|X02,2026-05,RP5,DONCASTER AND BASSETLAW TEACHING HOSPITALS NHS FOUNDATION TRUST,X02,Other - Medical Services,4587,9.9,
2026-05|RP5|X04,2026-05,RP5,DONCASTER AND BASSETLAW TEACHING HOSPITALS NHS FOUNDATION TRUST,X04,Other - Paediatric Services,240,9.8,
2026-05|RP5|X05,2026-05,RP5,DONCASTER AND BASSETLAW TEACHING HOSPITALS NHS FOUNDATION TRUST,X05,Other - Surgical Services,2380,9.4,
2026-05|RP6|C_130,2026-05,RP6,MOORFIELDS EYE HOSPITAL NHS FOUNDATION TRUST,C_130,Ophthalmology Service,39403,8.1,
2026-05|RP6|C_999,2026-05,RP6,MOORFIELDS EYE HOSPITAL NHS FOUNDATION TRUST,C_999,Total,39403,8.1,
2026-05|RP7|C_999,2026-05,RP7,LINCOLNSHIRE PARTNERSHIP NHS FOUNDATION TRUST,C_999,Total,14,3.0,
2026-05|RP7|X03,2026-05,RP7,LINCOLNSHIRE PARTNERSHIP NHS FOUNDATION TRUST,X03,Other - Mental Health Services,14,3.0,
2026-05|RPA|C_100,2026-05,RPA,MEDWAY NHS FOUNDATION TRUST,C_100,General Surgery Service,891,11.9,
2026-05|RPA|C_101,2026-05,RPA,MEDWAY NHS FOUNDATION TRUST,C_101,Urology Service,2332,10.8,
2026-05|RPA|C_110,2026-05,RPA,MEDWAY NHS FOUNDATION TRUST,C_110,Trauma and Orthopaedic Service,2774,14.2,
2026-05|RPA|C_120,2026-05,RPA,MEDWAY NHS FOUNDATION TRUST,C_120,Ear Nose and Throat Service,4299,11.3,
2026-05|RPA|C_300,2026-05,RPA,MEDWAY NHS FOUNDATION TRUST,C_300,General Internal Medicine Service,83,10.2,
2026-05|RPA|C_301,2026-05,RPA,MEDWAY NHS FOUNDATION TRUST,C_301,Gastroenterology Service,2830,14.2,
2026-05|RPA|C_320,2026-05,RPA,MEDWAY NHS FOUNDATION TRUST,C_320,Cardiology Service,3076,16.8,
2026-05|RPA|C_340,2026-05,RPA,MEDWAY NHS FOUNDATION TRUST,C_340,Respiratory Medicine Service,907,14.6,
2026-05|RPA|C_400,2026-05,RPA,MEDWAY NHS FOUNDATION TRUST,C_400,Neurology Service,1988,26.8,
2026-05|RPA|C_410,2026-05,RPA,MEDWAY NHS FOUNDATION TRUST,C_410,Rheumatology Service,3306,29.1,
2026-05|RPA|C_430,2026-05,RPA,MEDWAY NHS FOUNDATION TRUST,C_430,Elderly Medicine Service,62,4.4,
2026-05|RPA|C_502,2026-05,RPA,MEDWAY NHS FOUNDATION TRUST,C_502,Gynaecology Service,4054,14.7,
2026-05|RPA|C_999,2026-05,RPA,MEDWAY NHS FOUNDATION TRUST,C_999,Total,34468,14.1,
2026-05|RPA|X02,2026-05,RPA,MEDWAY NHS FOUNDATION TRUST,X02,Other - Medical Services,5410,13.6,
2026-05|RPA|X04,2026-05,RPA,MEDWAY NHS FOUNDATION TRUST,X04,Other - Paediatric Services,160,11.4,
2026-05|RPA|X05,2026-05,RPA,MEDWAY NHS FOUNDATION TRUST,X05,Other - Surgical Services,2190,7.4,
2026-05|RPA|X06,2026-05,RPA,MEDWAY NHS FOUNDATION TRUST,X06,Other - Other Services,106,4.5,
2026-05|RPC|C_120,2026-05,RPC,QUEEN VICTORIA HOSPITAL NHS FOUNDATION TRUST,C_120,Ear Nose and Throat Service,152,7.5,
2026-05|RPC|C_130,2026-05,RPC,QUEEN VICTORIA HOSPITAL NHS FOUNDATION TRUST,C_130,Ophthalmology Service,2337,11.9,
2026-05|RPC|C_140,2026-05,RPC,QUEEN VICTORIA HOSPITAL NHS FOUNDATION TRUST,C_140,Oral Surgery Service,7901,15.5,
2026-05|RPC|C_160,2026-05,RPC,QUEEN VICTORIA HOSPITAL NHS FOUNDATION TRUST,C_160,Plastic Surgery Service,5679,15.5,
2026-05|RPC|C_320,2026-05,RPC,QUEEN VICTORIA HOSPITAL NHS FOUNDATION TRUST,C_320,Cardiology Service,236,15.5,
2026-05|RPC|C_340,2026-05,RPC,QUEEN VICTORIA HOSPITAL NHS FOUNDATION TRUST,C_340,Respiratory Medicine Service,265,7.9,
2026-05|RPC|C_410,2026-05,RPC,QUEEN VICTORIA HOSPITAL NHS FOUNDATION TRUST,C_410,Rheumatology Service,57,8.2,
2026-05|RPC|C_999,2026-05,RPC,QUEEN VICTORIA HOSPITAL NHS FOUNDATION TRUST,C_999,Total,21770,14.1,
2026-05|RPC|X02,2026-05,RPC,QUEEN VICTORIA HOSPITAL NHS FOUNDATION TRUST,X02,Other - Medical Services,19,5.5,
2026-05|RPC|X06,2026-05,RPC,QUEEN VICTORIA HOSPITAL NHS FOUNDATION TRUST,X06,Other - Other Services,5124,13.0,
2026-05|RPG|C_999,2026-05,RPG,OXLEAS NHS FOUNDATION TRUST,C_999,Total,1435,10.9,
2026-05|RPG|X06,2026-05,RPG,OXLEAS NHS FOUNDATION TRUST,X06,Other - Other Services,1435,10.9,
2026-05|RPY|C_100,2026-05,RPY,THE ROYAL MARSDEN NHS FOUNDATION TRUST,C_100,General Surgery Service,129,7.2,
2026-05|RPY|C_101,2026-05,RPY,THE ROYAL MARSDEN NHS FOUNDATION TRUST,C_101,Urology Service,78,2.9,
2026-05|RPY|C_140,2026-05,RPY,THE ROYAL MARSDEN NHS FOUNDATION TRUST,C_140,Oral Surgery Service,129,5.8,
2026-05|RPY|C_160,2026-05,RPY,THE ROYAL MARSDEN NHS FOUNDATION TRUST,C_160,Plastic Surgery Service,41,7.2,
2026-05|RPY|C_301,2026-05,RPY,THE ROYAL MARSDEN NHS FOUNDATION TRUST,C_301,Gastroenterology Service,72,6.7,
2026-05|RPY|C_330,2026-05,RPY,THE ROYAL MARSDEN NHS FOUNDATION TRUST,C_330,Dermatology Service,4,5.0,
2026-05|RPY|C_340,2026-05,RPY,THE ROYAL MARSDEN NHS FOUNDATION TRUST,C_340,Respiratory Medicine Service,1,13.5,
2026-05|RPY|C_999,2026-05,RPY,THE ROYAL MARSDEN NHS FOUNDATION TRUST,C_999,Total,1919,4.2,
2026-05|RPY|X02,2026-05,RPY,THE ROYAL MARSDEN NHS FOUNDATION TRUST,X02,Other - Medical Services,498,4.5,
2026-05|RPY|X04,2026-05,RPY,THE ROYAL MARSDEN NHS FOUNDATION TRUST,X04,Other - Paediatric Services,9,3.5,
2026-05|RPY|X05,2026-05,RPY,THE ROYAL MARSDEN NHS FOUNDATION TRUST,X05,Other - Surgical Services,585,2.6,
2026-05|RPY|X06,2026-05,RPY,THE ROYAL MARSDEN NHS FOUNDATION TRUST,X06,Other - Other Services,373,4.6,
2026-05|RQ3|C_101,2026-05,RQ3,BIRMINGHAM WOMEN'S AND CHILDREN'S NHS FOUNDATION TRUST,C_101,Urology Service,1,32.5,
2026-05|RQ3|C_110,2026-05,RQ3,BIRMINGHAM WOMEN'S AND CHILDREN'S NHS FOUNDATION TRUST,C_110,Trauma and Orthopaedic Service,1,13.5,
2026-05|RQ3|C_120,2026-05,RQ3,BIRMINGHAM WOMEN'S AND CHILDREN'S NHS FOUNDATION TRUST,C_120,Ear Nose and Throat Service,3,37.5,
2026-05|RQ3|C_502,2026-05,RQ3,BIRMINGHAM WOMEN'S AND CHILDREN'S NHS FOUNDATION TRUST,C_502,Gynaecology Service,6215,13.5,
2026-05|RQ3|C_999,2026-05,RQ3,BIRMINGHAM WOMEN'S AND CHILDREN'S NHS FOUNDATION TRUST,C_999,Total,22008,12.7,
2026-05|RQ3|X02,2026-05,RQ3,BIRMINGHAM WOMEN'S AND CHILDREN'S NHS FOUNDATION TRUST,X02,Other - Medical Services,6406,12.1,
2026-05|RQ3|X03,2026-05,RQ3,BIRMINGHAM WOMEN'S AND CHILDREN'S NHS FOUNDATION TRUST,X03,Other - Mental Health Services,4,8.0,
2026-05|RQ3|X04,2026-05,RQ3,BIRMINGHAM WOMEN'S AND CHILDREN'S NHS FOUNDATION TRUST,X04,Other - Paediatric Services,8986,12.5,
2026-05|RQ3|X05,2026-05,RQ3,BIRMINGHAM WOMEN'S AND CHILDREN'S NHS FOUNDATION TRUST,X05,Other - Surgical Services,66,22.0,
2026-05|RQ3|X06,2026-05,RQ3,BIRMINGHAM WOMEN'S AND CHILDREN'S NHS FOUNDATION TRUST,X06,Other - Other Services,326,5.8,
2026-05|RQM|C_100,2026-05,RQM,CHELSEA AND WESTMINSTER HOSPITAL NHS FOUNDATION TRUST,C_100,General Surgery Service,4502,16.1,
2026-05|RQM|C_101,2026-05,RQM,CHELSEA AND WESTMINSTER HOSPITAL NHS FOUNDATION TRUST,C_101,Urology Service,7249,13.3,
2026-05|RQM|C_110,2026-05,RQM,CHELSEA AND WESTMINSTER HOSPITAL NHS FOUNDATION TRUST,C_110,Trauma and Orthopaedic Service,5832,17.3,
2026-05|RQM|C_120,2026-05,RQM,CHELSEA AND WESTMINSTER HOSPITAL NHS FOUNDATION TRUST,C_120,Ear Nose and Throat Service,5791,16.0,
2026-05|RQM|C_130,2026-05,RQM,CHELSEA AND WESTMINSTER HOSPITAL NHS FOUNDATION TRUST,C_130,Ophthalmology Service,2521,13.6,
2026-05|RQM|C_140,2026-05,RQM,CHELSEA AND WESTMINSTER HOSPITAL NHS FOUNDATION TRUST,C_140,Oral Surgery Service,2224,23.1,
2026-05|RQM|C_160,2026-05,RQM,CHELSEA AND WESTMINSTER HOSPITAL NHS FOUNDATION TRUST,C_160,Plastic Surgery Service,3132,19.5,
2026-05|RQM|C_300,2026-05,RQM,CHELSEA AND WESTMINSTER HOSPITAL NHS FOUNDATION TRUST,C_300,General Internal Medicine Service,22,5.0,
2026-05|RQM|C_301,2026-05,RQM,CHELSEA AND WESTMINSTER HOSPITAL NHS FOUNDATION TRUST,C_301,Gastroenterology Service,1924,9.9,
2026-05|RQM|C_320,2026-05,RQM,CHELSEA AND WESTMINSTER HOSPITAL NHS FOUNDATION TRUST,C_320,Cardiology Service,1841,9.0,
2026-05|RQM|C_330,2026-05,RQM,CHELSEA AND WESTMINSTER HOSPITAL NHS FOUNDATION TRUST,C_330,Dermatology Service,5398,11.3,
2026-05|RQM|C_340,2026-05,RQM,CHELSEA AND WESTMINSTER HOSPITAL NHS FOUNDATION TRUST,C_340,Respiratory Medicine Service,1430,9.0,
2026-05|RQM|C_400,2026-05,RQM,CHELSEA AND WESTMINSTER HOSPITAL NHS FOUNDATION TRUST,C_400,Neurology Service,1843,15.4,
2026-05|RQM|C_410,2026-05,RQM,CHELSEA AND WESTMINSTER HOSPITAL NHS FOUNDATION TRUST,C_410,Rheumatology Service,1287,11.1,
2026-05|RQM|C_430,2026-05,RQM,CHELSEA AND WESTMINSTER HOSPITAL NHS FOUNDATION TRUST,C_430,Elderly Medicine Service,293,7.9,
2026-05|RQM|C_502,2026-05,RQM,CHELSEA AND WESTMINSTER HOSPITAL NHS FOUNDATION TRUST,C_502,Gynaecology Service,6714,9.4,
2026-05|RQM|C_999,2026-05,RQM,CHELSEA AND WESTMINSTER HOSPITAL NHS FOUNDATION TRUST,C_999,Total,75533,12.9,
2026-05|RQM|X02,2026-05,RQM,CHELSEA AND WESTMINSTER HOSPITAL NHS FOUNDATION TRUST,X02,Other - Medical Services,1163,10.0,
2026-05|RQM|X03,2026-05,RQM,CHELSEA AND WESTMINSTER HOSPITAL NHS FOUNDATION TRUST,X03,Other - Mental Health Services,1,4.5,
2026-05|RQM|X04,2026-05,RQM,CHELSEA AND WESTMINSTER HOSPITAL NHS FOUNDATION TRUST,X04,Other - Paediatric Services,9582,12.7,
2026-05|RQM|X05,2026-05,RQM,CHELSEA AND WESTMINSTER HOSPITAL NHS FOUNDATION TRUST,X05,Other - Surgical Services,6851,13.8,
2026-05|RQM|X06,2026-05,RQM,CHELSEA AND WESTMINSTER HOSPITAL NHS FOUNDATION TRUST,X06,Other - Other Services,5933,11.3,
2026-05|RQW|C_100,2026-05,RQW,THE PRINCESS ALEXANDRA HOSPITAL NHS TRUST,C_100,General Surgery Service,3752,11.9,
2026-05|RQW|C_101,2026-05,RQW,THE PRINCESS ALEXANDRA HOSPITAL NHS TRUST,C_101,Urology Service,2875,11.7,
2026-05|RQW|C_110,2026-05,RQW,THE PRINCESS ALEXANDRA HOSPITAL NHS TRUST,C_110,Trauma and Orthopaedic Service,5430,15.7,
2026-05|RQW|C_120,2026-05,RQW,THE PRINCESS ALEXANDRA HOSPITAL NHS TRUST,C_120,Ear Nose and Throat Service,3191,12.7,
2026-05|RQW|C_130,2026-05,RQW,THE PRINCESS ALEXANDRA HOSPITAL NHS TRUST,C_130,Ophthalmology Service,2935,11.9,
2026-05|RQW|C_140,2026-05,RQW,THE PRINCESS ALEXANDRA HOSPITAL NHS TRUST,C_140,Oral Surgery Service,1847,17.8,
2026-05|RQW|C_300,2026-05,RQW,THE PRINCESS ALEXANDRA HOSPITAL NHS TRUST,C_300,General Internal Medicine Service,38,6.0,
2026-05|RQW|C_301,2026-05,RQW,THE PRINCESS ALEXANDRA HOSPITAL NHS TRUST,C_301,Gastroenterology Service,2844,13.5,
2026-05|RQW|C_320,2026-05,RQW,THE PRINCESS ALEXANDRA HOSPITAL NHS TRUST,C_320,Cardiology Service,4076,12.5,
2026-05|RQW|C_330,2026-05,RQW,THE PRINCESS ALEXANDRA HOSPITAL NHS TRUST,C_330,Dermatology Service,1492,6.0,
2026-05|RQW|C_340,2026-05,RQW,THE PRINCESS ALEXANDRA HOSPITAL NHS TRUST,C_340,Respiratory Medicine Service,1110,12.9,
2026-05|RQW|C_400,2026-05,RQW,THE PRINCESS ALEXANDRA HOSPITAL NHS TRUST,C_400,Neurology Service,1126,10.7,
2026-05|RQW|C_410,2026-05,RQW,THE PRINCESS ALEXANDRA HOSPITAL NHS TRUST,C_410,Rheumatology Service,1314,13.3,
2026-05|RQW|C_430,2026-05,RQW,THE PRINCESS ALEXANDRA HOSPITAL NHS TRUST,C_430,Elderly Medicine Service,25,7.5,
2026-05|RQW|C_502,2026-05,RQW,THE PRINCESS ALEXANDRA HOSPITAL NHS TRUST,C_502,Gynaecology Service,3251,10.8,
2026-05|RQW|C_999,2026-05,RQW,THE PRINCESS ALEXANDRA HOSPITAL NHS TRUST,C_999,Total,38802,12.2,
2026-05|RQW|X02,2026-05,RQW,THE PRINCESS ALEXANDRA HOSPITAL NHS TRUST,X02,Other - Medical Services,476,9.5,
2026-05|RQW|X04,2026-05,RQW,THE PRINCESS ALEXANDRA HOSPITAL NHS TRUST,X04,Other - Paediatric Services,622,6.6,
2026-05|RQW|X05,2026-05,RQW,THE PRINCESS ALEXANDRA HOSPITAL NHS TRUST,X05,Other - Surgical Services,992,17.1,
2026-05|RQW|X06,2026-05,RQW,THE PRINCESS ALEXANDRA HOSPITAL NHS TRUST,X06,Other - Other Services,1406,7.0,
2026-05|RQX|C_100,2026-05,RQX,HOMERTON HEALTHCARE NHS FOUNDATION TRUST,C_100,General Surgery Service,2844,14.1,
2026-05|RQX|C_101,2026-05,RQX,HOMERTON HEALTHCARE NHS FOUNDATION TRUST,C_101,Urology Service,2039,11.9,
2026-05|RQX|C_110,2026-05,RQX,HOMERTON HEALTHCARE NHS FOUNDATION TRUST,C_110,Trauma and Orthopaedic Service,2618,14.7,
2026-05|RQX|C_120,2026-05,RQX,HOMERTON HEALTHCARE NHS FOUNDATION TRUST,C_120,Ear Nose and Throat Service,2967,11.9,
2026-05|RQX|C_140,2026-05,RQX,HOMERTON HEALTHCARE NHS FOUNDATION TRUST,C_140,Oral Surgery Service,2192,11.6,
2026-05|RQX|C_160,2026-05,RQX,HOMERTON HEALTHCARE NHS FOUNDATION TRUST,C_160,Plastic Surgery Service,276,16.0,
2026-05|RQX|C_300,2026-05,RQX,HOMERTON HEALTHCARE NHS FOUNDATION TRUST,C_300,General Internal Medicine Service,86,8.8,
2026-05|RQX|C_301,2026-05,RQX,HOMERTON HEALTHCARE NHS FOUNDATION TRUST,C_301,Gastroenterology Service,971,6.1,
2026-05|RQX|C_320,2026-05,RQX,HOMERTON HEALTHCARE NHS FOUNDATION TRUST,C_320,Cardiology Service,1330,12.4,
2026-05|RQX|C_330,2026-05,RQX,HOMERTON HEALTHCARE NHS FOUNDATION TRUST,C_330,Dermatology Service,1378,7.3,
2026-05|RQX|C_340,2026-05,RQX,HOMERTON HEALTHCARE NHS FOUNDATION TRUST,C_340,Respiratory Medicine Service,374,3.7,
2026-05|RQX|C_400,2026-05,RQX,HOMERTON HEALTHCARE NHS FOUNDATION TRUST,C_400,Neurology Service,279,3.3,
2026-05|RQX|C_410,2026-05,RQX,HOMERTON HEALTHCARE NHS FOUNDATION TRUST,C_410,Rheumatology Service,136,2.8,
2026-05|RQX|C_430,2026-05,RQX,HOMERTON HEALTHCARE NHS FOUNDATION TRUST,C_430,Elderly Medicine Service,187,5.9,
2026-05|RQX|C_502,2026-05,RQX,HOMERTON HEALTHCARE NHS FOUNDATION TRUST,C_502,Gynaecology Service,4249,8.5,
2026-05|RQX|C_999,2026-05,RQX,HOMERTON HEALTHCARE NHS FOUNDATION TRUST,C_999,Total,27439,10.0,
2026-05|RQX|X02,2026-05,RQX,HOMERTON HEALTHCARE NHS FOUNDATION TRUST,X02,Other - Medical Services,2932,6.6,
2026-05|RQX|X04,2026-05,RQX,HOMERTON HEALTHCARE NHS FOUNDATION TRUST,X04,Other - Paediatric Services,2319,8.5,
2026-05|RQX|X05,2026-05,RQX,HOMERTON HEALTHCARE NHS FOUNDATION TRUST,X05,Other - Surgical Services,254,1.8,
2026-05|RQX|X06,2026-05,RQX,HOMERTON HEALTHCARE NHS FOUNDATION TRUST,X06,Other - Other Services,8,2.5,
2026-05|RR7|C_100,2026-05,RR7,GATESHEAD HEALTH NHS FOUNDATION TRUST,C_100,General Surgery Service,2371,5.8,
2026-05|RR7|C_101,2026-05,RR7,GATESHEAD HEALTH NHS FOUNDATION TRUST,C_101,Urology Service,782,12.3,
2026-05|RR7|C_110,2026-05,RR7,GATESHEAD HEALTH NHS FOUNDATION TRUST,C_110,Trauma and Orthopaedic Service,1730,14.2,
2026-05|RR7|C_300,2026-05,RR7,GATESHEAD HEALTH NHS FOUNDATION TRUST,C_300,General Internal Medicine Service,34,16.6,
2026-05|RR7|C_301,2026-05,RR7,GATESHEAD HEALTH NHS FOUNDATION TRUST,C_301,Gastroenterology Service,826,4.8,
2026-05|RR7|C_320,2026-05,RR7,GATESHEAD HEALTH NHS FOUNDATION TRUST,C_320,Cardiology Service,802,11.8,
2026-05|RR7|C_340,2026-05,RR7,GATESHEAD HEALTH NHS FOUNDATION TRUST,C_340,Respiratory Medicine Service,375,5.8,
2026-05|RR7|C_410,2026-05,RR7,GATESHEAD HEALTH NHS FOUNDATION TRUST,C_410,Rheumatology Service,402,10.0,
2026-05|RR7|C_430,2026-05,RR7,GATESHEAD HEALTH NHS FOUNDATION TRUST,C_430,Elderly Medicine Service,204,5.3,
2026-05|RR7|C_502,2026-05,RR7,GATESHEAD HEALTH NHS FOUNDATION TRUST,C_502,Gynaecology Service,2126,12.6,
2026-05|RR7|C_999,2026-05,RR7,GATESHEAD HEALTH NHS FOUNDATION TRUST,C_999,Total,11890,8.8,
2026-05|RR7|X02,2026-05,RR7,GATESHEAD HEALTH NHS FOUNDATION TRUST,X02,Other - Medical Services,1348,5.7,
2026-05|RR7|X03,2026-05,RR7,GATESHEAD HEALTH NHS FOUNDATION TRUST,X03,Other - Mental Health Services,83,4.1,
2026-05|RR7|X05,2026-05,RR7,GATESHEAD HEALTH NHS FOUNDATION TRUST,X05,Other - Surgical Services,18,10.7,
2026-05|RR7|X06,2026-05,RR7,GATESHEAD HEALTH NHS FOUNDATION TRUST,X06,Other - Other Services,789,9.9,
2026-05|RR8|C_100,2026-05,RR8,LEEDS TEACHING HOSPITALS NHS TRUST,C_100,General Surgery Service,1520,9.4,
2026-05|RR8|C_101,2026-05,RR8,LEEDS TEACHING HOSPITALS NHS TRUST,C_101,Urology Service,4085,11.5,
2026-05|RR8|C_110,2026-05,RR8,LEEDS TEACHING HOSPITALS NHS TRUST,C_110,Trauma and Orthopaedic Service,6134,15.4,
2026-05|RR8|C_120,2026-05,RR8,LEEDS TEACHING HOSPITALS NHS TRUST,C_120,Ear Nose and Throat Service,3738,17.4,
2026-05|RR8|C_130,2026-05,RR8,LEEDS TEACHING HOSPITALS NHS TRUST,C_130,Ophthalmology Service,4914,7.5,
2026-05|RR8|C_140,2026-05,RR8,LEEDS TEACHING HOSPITALS NHS TRUST,C_140,Oral Surgery Service,2146,11.1,
2026-05|RR8|C_150,2026-05,RR8,LEEDS TEACHING HOSPITALS NHS TRUST,C_150,Neurosurgical Service,584,10.2,
2026-05|RR8|C_160,2026-05,RR8,LEEDS TEACHING HOSPITALS NHS TRUST,C_160,Plastic Surgery Service,2396,13.6,
2026-05|RR8|C_170,2026-05,RR8,LEEDS TEACHING HOSPITALS NHS TRUST,C_170,Cardiothoracic Surgery Service,487,7.8,
2026-05|RR8|C_300,2026-05,RR8,LEEDS TEACHING HOSPITALS NHS TRUST,C_300,General Internal Medicine Service,52,1.0,
2026-05|RR8|C_301,2026-05,RR8,LEEDS TEACHING HOSPITALS NHS TRUST,C_301,Gastroenterology Service,3055,9.1,
2026-05|RR8|C_320,2026-05,RR8,LEEDS TEACHING HOSPITALS NHS TRUST,C_320,Cardiology Service,3124,4.8,
2026-05|RR8|C_330,2026-05,RR8,LEEDS TEACHING HOSPITALS NHS TRUST,C_330,Dermatology Service,5648,11.9,
2026-05|RR8|C_340,2026-05,RR8,LEEDS TEACHING HOSPITALS NHS TRUST,C_340,Respiratory Medicine Service,853,6.6,
2026-05|RR8|C_400,2026-05,RR8,LEEDS TEACHING HOSPITALS NHS TRUST,C_400,Neurology Service,2935,11.5,
2026-05|RR8|C_410,2026-05,RR8,LEEDS TEACHING HOSPITALS NHS TRUST,C_410,Rheumatology Service,2204,12.8,
2026-05|RR8|C_430,2026-05,RR8,LEEDS TEACHING HOSPITALS NHS TRUST,C_430,Elderly Medicine Service,51,4.2,
2026-05|RR8|C_502,2026-05,RR8,LEEDS TEACHING HOSPITALS NHS TRUST,C_502,Gynaecology Service,9751,12.7,
2026-05|RR8|C_999,2026-05,RR8,LEEDS TEACHING HOSPITALS NHS TRUST,C_999,Total,87202,11.0,
2026-05|RR8|X02,2026-05,RR8,LEEDS TEACHING HOSPITALS NHS TRUST,X02,Other - Medical Services,14101,9.3,
2026-05|RR8|X04,2026-05,RR8,LEEDS TEACHING HOSPITALS NHS TRUST,X04,Other - Paediatric Services,10345,13.0,
2026-05|RR8|X05,2026-05,RR8,LEEDS TEACHING HOSPITALS NHS TRUST,X05,Other - Surgical Services,8004,13.0,
2026-05|RR8|X06,2026-05,RR8,LEEDS TEACHING HOSPITALS NHS TRUST,X06,Other - Other Services,1075,6.3,
2026-05|RRE|C_400,2026-05,RRE,MIDLANDS PARTNERSHIP UNIVERSITY NHS FOUNDATION TRUST,C_400,Neurology Service,32,10.5,
2026-05|RRE|C_410,2026-05,RRE,MIDLANDS PARTNERSHIP UNIVERSITY NHS FOUNDATION TRUST,C_410,Rheumatology Service,4554,7.0,
2026-05|RRE|C_430,2026-05,RRE,MIDLANDS PARTNERSHIP UNIVERSITY NHS FOUNDATION TRUST,C_430,Elderly Medicine Service,7,2.5,
2026-05|RRE|C_999,2026-05,RRE,MIDLANDS PARTNERSHIP UNIVERSITY NHS FOUNDATION TRUST,C_999,Total,9467,5.1,
2026-05|RRE|X02,2026-05,RRE,MIDLANDS PARTNERSHIP UNIVERSITY NHS FOUNDATION TRUST,X02,Other - Medical Services,44,10.2,
2026-05|RRE|X06,2026-05,RRE,MIDLANDS PARTNERSHIP UNIVERSITY NHS FOUNDATION TRUST,X06,Other - Other Services,4830,3.8,
2026-05|RRF|C_100,2026-05,RRF,"WRIGHTINGTON, WIGAN AND LEIGH TEACHING HOSPITALS NHS FOUNDATION TRUST",C_100,General Surgery Service,2043,19.2,
2026-05|RRF|C_101,2026-05,RRF,"WRIGHTINGTON, WIGAN AND LEIGH TEACHING HOSPITALS NHS FOUNDATION TRUST",C_101,Urology Service,1787,11.2,
2026-05|RRF|C_110,2026-05,RRF,"WRIGHTINGTON, WIGAN AND LEIGH TEACHING HOSPITALS NHS FOUNDATION TRUST",C_110,Trauma and Orthopaedic Service,8817,14.8,
2026-05|RRF|C_120,2026-05,RRF,"WRIGHTINGTON, WIGAN AND LEIGH TEACHING HOSPITALS NHS FOUNDATION TRUST",C_120,Ear Nose and Throat Service,4937,17.4,
2026-05|RRF|C_130,2026-05,RRF,"WRIGHTINGTON, WIGAN AND LEIGH TEACHING HOSPITALS NHS FOUNDATION TRUST",C_130,Ophthalmology Service,1576,7.0,
2026-05|RRF|C_140,2026-05,RRF,"WRIGHTINGTON, WIGAN AND LEIGH TEACHING HOSPITALS NHS FOUNDATION TRUST",C_140,Oral Surgery Service,1490,14.1,
2026-05|RRF|C_150,2026-05,RRF,"WRIGHTINGTON, WIGAN AND LEIGH TEACHING HOSPITALS NHS FOUNDATION TRUST",C_150,Neurosurgical Service,10,16.5,
2026-05|RRF|C_170,2026-05,RRF,"WRIGHTINGTON, WIGAN AND LEIGH TEACHING HOSPITALS NHS FOUNDATION TRUST",C_170,Cardiothoracic Surgery Service,26,11.0,
2026-05|RRF|C_300,2026-05,RRF,"WRIGHTINGTON, WIGAN AND LEIGH TEACHING HOSPITALS NHS FOUNDATION TRUST",C_300,General Internal Medicine Service,182,13.4,
2026-05|RRF|C_301,2026-05,RRF,"WRIGHTINGTON, WIGAN AND LEIGH TEACHING HOSPITALS NHS FOUNDATION TRUST",C_301,Gastroenterology Service,4472,14.9,
2026-05|RRF|C_320,2026-05,RRF,"WRIGHTINGTON, WIGAN AND LEIGH TEACHING HOSPITALS NHS FOUNDATION TRUST",C_320,Cardiology Service,2934,12.6,
2026-05|RRF|C_330,2026-05,RRF,"WRIGHTINGTON, WIGAN AND LEIGH TEACHING HOSPITALS NHS FOUNDATION TRUST",C_330,Dermatology Service,2649,12.4,
2026-05|RRF|C_340,2026-05,RRF,"WRIGHTINGTON, WIGAN AND LEIGH TEACHING HOSPITALS NHS FOUNDATION TRUST",C_340,Respiratory Medicine Service,1947,11.6,
2026-05|RRF|C_410,2026-05,RRF,"WRIGHTINGTON, WIGAN AND LEIGH TEACHING HOSPITALS NHS FOUNDATION TRUST",C_410,Rheumatology Service,839,9.2,
2026-05|RRF|C_430,2026-05,RRF,"WRIGHTINGTON, WIGAN AND LEIGH TEACHING HOSPITALS NHS FOUNDATION TRUST",C_430,Elderly Medicine Service,320,13.6,
2026-05|RRF|C_502,2026-05,RRF,"WRIGHTINGTON, WIGAN AND LEIGH TEACHING HOSPITALS NHS FOUNDATION TRUST",C_502,Gynaecology Service,2987,12.4,
2026-05|RRF|C_999,2026-05,RRF,"WRIGHTINGTON, WIGAN AND LEIGH TEACHING HOSPITALS NHS FOUNDATION TRUST",C_999,Total,44695,13.9,
2026-05|RRF|X04,2026-05,RRF,"WRIGHTINGTON, WIGAN AND LEIGH TEACHING HOSPITALS NHS FOUNDATION TRUST",X04,Other - Paediatric Services,2689,13.5,
2026-05|RRF|X05,2026-05,RRF,"WRIGHTINGTON, WIGAN AND LEIGH TEACHING HOSPITALS NHS FOUNDATION TRUST",X05,Other - Surgical Services,4,41.0,
2026-05|RRF|X06,2026-05,RRF,"WRIGHTINGTON, WIGAN AND LEIGH TEACHING HOSPITALS NHS FOUNDATION TRUST",X06,Other - Other Services,4986,15.9,
2026-05|RRJ|C_110,2026-05,RRJ,THE ROYAL ORTHOPAEDIC HOSPITAL NHS FOUNDATION TRUST,C_110,Trauma and Orthopaedic Service,10892,13.0,
2026-05|RRJ|C_300,2026-05,RRJ,THE ROYAL ORTHOPAEDIC HOSPITAL NHS FOUNDATION TRUST,C_300,General Internal Medicine Service,228,10.6,
2026-05|RRJ|C_999,2026-05,RRJ,THE ROYAL ORTHOPAEDIC HOSPITAL NHS FOUNDATION TRUST,C_999,Total,13010,12.6,
2026-05|RRJ|X02,2026-05,RRJ,THE ROYAL ORTHOPAEDIC HOSPITAL NHS FOUNDATION TRUST,X02,Other - Medical Services,1045,13.6,
2026-05|RRJ|X06,2026-05,RRJ,THE ROYAL ORTHOPAEDIC HOSPITAL NHS FOUNDATION TRUST,X06,Other - Other Services,845,9.2,
2026-05|RRK|C_100,2026-05,RRK,UNIVERSITY HOSPITALS BIRMINGHAM NHS FOUNDATION TRUST,C_100,General Surgery Service,4392,12.9,
2026-05|RRK|C_101,2026-05,RRK,UNIVERSITY HOSPITALS BIRMINGHAM NHS FOUNDATION TRUST,C_101,Urology Service,6189,12.8,
2026-05|RRK|C_110,2026-05,RRK,UNIVERSITY HOSPITALS BIRMINGHAM NHS FOUNDATION TRUST,C_110,Trauma and Orthopaedic Service,4022,8.0,
2026-05|RRK|C_120,2026-05,RRK,UNIVERSITY HOSPITALS BIRMINGHAM NHS FOUNDATION TRUST,C_120,Ear Nose and Throat Service,8256,12.2,
2026-05|RRK|C_130,2026-05,RRK,UNIVERSITY HOSPITALS BIRMINGHAM NHS FOUNDATION TRUST,C_130,Ophthalmology Service,9410,12.8,
2026-05|RRK|C_140,2026-05,RRK,UNIVERSITY HOSPITALS BIRMINGHAM NHS FOUNDATION TRUST,C_140,Oral Surgery Service,2423,19.3,
2026-05|RRK|C_150,2026-05,RRK,UNIVERSITY HOSPITALS BIRMINGHAM NHS FOUNDATION TRUST,C_150,Neurosurgical Service,1888,13.5,
2026-05|RRK|C_160,2026-05,RRK,UNIVERSITY HOSPITALS BIRMINGHAM NHS FOUNDATION TRUST,C_160,Plastic Surgery Service,665,13.0,
2026-05|RRK|C_170,2026-05,RRK,UNIVERSITY HOSPITALS BIRMINGHAM NHS FOUNDATION TRUST,C_170,Cardiothoracic Surgery Service,184,6.1,
2026-05|RRK|C_300,2026-05,RRK,UNIVERSITY HOSPITALS BIRMINGHAM NHS FOUNDATION TRUST,C_300,General Internal Medicine Service,279,7.4,
2026-05|RRK|C_301,2026-05,RRK,UNIVERSITY HOSPITALS BIRMINGHAM NHS FOUNDATION TRUST,C_301,Gastroenterology Service,6888,12.6,
2026-05|RRK|C_320,2026-05,RRK,UNIVERSITY HOSPITALS BIRMINGHAM NHS FOUNDATION TRUST,C_320,Cardiology Service,4984,7.0,
2026-05|RRK|C_330,2026-05,RRK,UNIVERSITY HOSPITALS BIRMINGHAM NHS FOUNDATION TRUST,C_330,Dermatology Service,5299,9.5,
2026-05|RRK|C_340,2026-05,RRK,UNIVERSITY HOSPITALS BIRMINGHAM NHS FOUNDATION TRUST,C_340,Respiratory Medicine Service,2934,11.1,
2026-05|RRK|C_400,2026-05,RRK,UNIVERSITY HOSPITALS BIRMINGHAM NHS FOUNDATION TRUST,C_400,Neurology Service,4131,14.9,
2026-05|RRK|C_410,2026-05,RRK,UNIVERSITY HOSPITALS BIRMINGHAM NHS FOUNDATION TRUST,C_410,Rheumatology Service,1009,6.7,
2026-05|RRK|C_430,2026-05,RRK,UNIVERSITY HOSPITALS BIRMINGHAM NHS FOUNDATION TRUST,C_430,Elderly Medicine Service,287,7.5,
2026-05|RRK|C_502,2026-05,RRK,UNIVERSITY HOSPITALS BIRMINGHAM NHS FOUNDATION TRUST,C_502,Gynaecology Service,8514,12.8,
2026-05|RRK|C_999,2026-05,RRK,UNIVERSITY HOSPITALS BIRMINGHAM NHS FOUNDATION TRUST,C_999,Total,92998,11.4,
2026-05|RRK|X02,2026-05,RRK,UNIVERSITY HOSPITALS BIRMINGHAM NHS FOUNDATION TRUST,X02,Other - Medical Services,11710,10.8,
2026-05|RRK|X03,2026-05,RRK,UNIVERSITY HOSPITALS BIRMINGHAM NHS FOUNDATION TRUST,X03,Other - Mental Health Services,30,3.6,
2026-05|RRK|X04,2026-05,RRK,UNIVERSITY HOSPITALS BIRMINGHAM NHS FOUNDATION TRUST,X04,Other - Paediatric Services,2192,10.7,
2026-05|RRK|X05,2026-05,RRK,UNIVERSITY HOSPITALS BIRMINGHAM NHS FOUNDATION TRUST,X05,Other - Surgical Services,5313,10.5,
2026-05|RRK|X06,2026-05,RRK,UNIVERSITY HOSPITALS BIRMINGHAM NHS FOUNDATION TRUST,X06,Other - Other Services,1999,7.8,
2026-05|RRV|C_100,2026-05,RRV,UNIVERSITY COLLEGE LONDON HOSPITALS NHS FOUNDATION TRUST,C_100,General Surgery Service,90,6.2,
2026-05|RRV|C_101,2026-05,RRV,UNIVERSITY COLLEGE LONDON HOSPITALS NHS FOUNDATION TRUST,C_101,Urology Service,4934,17.5,
2026-05|RRV|C_110,2026-05,RRV,UNIVERSITY COLLEGE LONDON HOSPITALS NHS FOUNDATION TRUST,C_110,Trauma and Orthopaedic Service,3299,9.6,
2026-05|RRV|C_120,2026-05,RRV,UNIVERSITY COLLEGE LONDON HOSPITALS NHS FOUNDATION TRUST,C_120,Ear Nose and Throat Service,6896,14.8,
2026-05|RRV|C_140,2026-05,RRV,UNIVERSITY COLLEGE LONDON HOSPITALS NHS FOUNDATION TRUST,C_140,Oral Surgery Service,6943,11.4,
2026-05|RRV|C_150,2026-05,RRV,UNIVERSITY COLLEGE LONDON HOSPITALS NHS FOUNDATION TRUST,C_150,Neurosurgical Service,3607,13.5,
2026-05|RRV|C_300,2026-05,RRV,UNIVERSITY COLLEGE LONDON HOSPITALS NHS FOUNDATION TRUST,C_300,General Internal Medicine Service,6076,17.8,
2026-05|RRV|C_301,2026-05,RRV,UNIVERSITY COLLEGE LONDON HOSPITALS NHS FOUNDATION TRUST,C_301,Gastroenterology Service,3633,8.1,
2026-05|RRV|C_320,2026-05,RRV,UNIVERSITY COLLEGE LONDON HOSPITALS NHS FOUNDATION TRUST,C_320,Cardiology Service,829,10.8,
2026-05|RRV|C_330,2026-05,RRV,UNIVERSITY COLLEGE LONDON HOSPITALS NHS FOUNDATION TRUST,C_330,Dermatology Service,2699,12.8,
2026-05|RRV|C_340,2026-05,RRV,UNIVERSITY COLLEGE LONDON HOSPITALS NHS FOUNDATION TRUST,C_340,Respiratory Medicine Service,792,7.2,
2026-05|RRV|C_400,2026-05,RRV,UNIVERSITY COLLEGE LONDON HOSPITALS NHS FOUNDATION TRUST,C_400,Neurology Service,5390,11.1,
2026-05|RRV|C_410,2026-05,RRV,UNIVERSITY COLLEGE LONDON HOSPITALS NHS FOUNDATION TRUST,C_410,Rheumatology Service,950,14.6,
2026-05|RRV|C_430,2026-05,RRV,UNIVERSITY COLLEGE LONDON HOSPITALS NHS FOUNDATION TRUST,C_430,Elderly Medicine Service,71,7.3,
2026-05|RRV|C_502,2026-05,RRV,UNIVERSITY COLLEGE LONDON HOSPITALS NHS FOUNDATION TRUST,C_502,Gynaecology Service,6019,17.9,
2026-05|RRV|C_999,2026-05,RRV,UNIVERSITY COLLEGE LONDON HOSPITALS NHS FOUNDATION TRUST,C_999,Total,77649,12.7,
2026-05|RRV|X02,2026-05,RRV,UNIVERSITY COLLEGE LONDON HOSPITALS NHS FOUNDATION TRUST,X02,Other - Medical Services,10555,13.3,
2026-05|RRV|X03,2026-05,RRV,UNIVERSITY COLLEGE LONDON HOSPITALS NHS FOUNDATION TRUST,X03,Other - Mental Health Services,749,9.4,
2026-05|RRV|X04,2026-05,RRV,UNIVERSITY COLLEGE LONDON HOSPITALS NHS FOUNDATION TRUST,X04,Other - Paediatric Services,4956,12.6,
2026-05|RRV|X05,2026-05,RRV,UNIVERSITY COLLEGE LONDON HOSPITALS NHS FOUNDATION TRUST,X05,Other - Surgical Services,7575,11.2,
2026-05|RRV|X06,2026-05,RRV,UNIVERSITY COLLEGE LONDON HOSPITALS NHS FOUNDATION TRUST,X06,Other - Other Services,1586,6.8,
2026-05|RT1|C_999,2026-05,RT1,CAMBRIDGESHIRE AND PETERBOROUGH NHS FOUNDATION TRUST,C_999,Total,85,29.2,
2026-05|RT1|X06,2026-05,RT1,CAMBRIDGESHIRE AND PETERBOROUGH NHS FOUNDATION TRUST,X06,Other - Other Services,85,29.2,
2026-05|RTD|C_100,2026-05,RTD,THE NEWCASTLE UPON TYNE HOSPITALS NHS FOUNDATION TRUST,C_100,General Surgery Service,991,10.0,
2026-05|RTD|C_101,2026-05,RTD,THE NEWCASTLE UPON TYNE HOSPITALS NHS FOUNDATION TRUST,C_101,Urology Service,3204,12.2,
2026-05|RTD|C_110,2026-05,RTD,THE NEWCASTLE UPON TYNE HOSPITALS NHS FOUNDATION TRUST,C_110,Trauma and Orthopaedic Service,7616,13.6,
2026-05|RTD|C_120,2026-05,RTD,THE NEWCASTLE UPON TYNE HOSPITALS NHS FOUNDATION TRUST,C_120,Ear Nose and Throat Service,8474,9.7,
2026-05|RTD|C_130,2026-05,RTD,THE NEWCASTLE UPON TYNE HOSPITALS NHS FOUNDATION TRUST,C_130,Ophthalmology Service,9546,7.5,
2026-05|RTD|C_140,2026-05,RTD,THE NEWCASTLE UPON TYNE HOSPITALS NHS FOUNDATION TRUST,C_140,Oral Surgery Service,2372,12.1,
2026-05|RTD|C_150,2026-05,RTD,THE NEWCASTLE UPON TYNE HOSPITALS NHS FOUNDATION TRUST,C_150,Neurosurgical Service,1248,13.3,
2026-05|RTD|C_160,2026-05,RTD,THE NEWCASTLE UPON TYNE HOSPITALS NHS FOUNDATION TRUST,C_160,Plastic Surgery Service,1585,14.2,
2026-05|RTD|C_170,2026-05,RTD,THE NEWCASTLE UPON TYNE HOSPITALS NHS FOUNDATION TRUST,C_170,Cardiothoracic Surgery Service,103,17.5,
2026-05|RTD|C_300,2026-05,RTD,THE NEWCASTLE UPON TYNE HOSPITALS NHS FOUNDATION TRUST,C_300,General Internal Medicine Service,950,8.7,
2026-05|RTD|C_301,2026-05,RTD,THE NEWCASTLE UPON TYNE HOSPITALS NHS FOUNDATION TRUST,C_301,Gastroenterology Service,955,7.0,
2026-05|RTD|C_320,2026-05,RTD,THE NEWCASTLE UPON TYNE HOSPITALS NHS FOUNDATION TRUST,C_320,Cardiology Service,2777,10.1,
2026-05|RTD|C_330,2026-05,RTD,THE NEWCASTLE UPON TYNE HOSPITALS NHS FOUNDATION TRUST,C_330,Dermatology Service,8320,11.7,
2026-05|RTD|C_340,2026-05,RTD,THE NEWCASTLE UPON TYNE HOSPITALS NHS FOUNDATION TRUST,C_340,Respiratory Medicine Service,927,5.4,
2026-05|RTD|C_400,2026-05,RTD,THE NEWCASTLE UPON TYNE HOSPITALS NHS FOUNDATION TRUST,C_400,Neurology Service,1963,8.8,
2026-05|RTD|C_410,2026-05,RTD,THE NEWCASTLE UPON TYNE HOSPITALS NHS FOUNDATION TRUST,C_410,Rheumatology Service,791,6.7,
2026-05|RTD|C_430,2026-05,RTD,THE NEWCASTLE UPON TYNE HOSPITALS NHS FOUNDATION TRUST,C_430,Elderly Medicine Service,244,4.7,
2026-05|RTD|C_502,2026-05,RTD,THE NEWCASTLE UPON TYNE HOSPITALS NHS FOUNDATION TRUST,C_502,Gynaecology Service,3526,7.8,
2026-05|RTD|C_999,2026-05,RTD,THE NEWCASTLE UPON TYNE HOSPITALS NHS FOUNDATION TRUST,C_999,Total,86197,10.0,
2026-05|RTD|X02,2026-05,RTD,THE NEWCASTLE UPON TYNE HOSPITALS NHS FOUNDATION TRUST,X02,Other - Medical Services,9770,9.1,
2026-05|RTD|X04,2026-05,RTD,THE NEWCASTLE UPON TYNE HOSPITALS NHS FOUNDATION TRUST,X04,Other - Paediatric Services,8261,9.6,
2026-05|RTD|X05,2026-05,RTD,THE NEWCASTLE UPON TYNE HOSPITALS NHS FOUNDATION TRUST,X05,Other - Surgical Services,10238,11.8,
2026-05|RTD|X06,2026-05,RTD,THE NEWCASTLE UPON TYNE HOSPITALS NHS FOUNDATION TRUST,X06,Other - Other Services,2336,7.9,
2026-05|RTE|C_100,2026-05,RTE,GLOUCESTERSHIRE HOSPITALS NHS FOUNDATION TRUST,C_100,General Surgery Service,2,2.0,
2026-05|RTE|C_101,2026-05,RTE,GLOUCESTERSHIRE HOSPITALS NHS FOUNDATION TRUST,C_101,Urology Service,3747,10.5,
2026-05|RTE|C_110,2026-05,RTE,GLOUCESTERSHIRE HOSPITALS NHS FOUNDATION TRUST,C_110,Trauma and Orthopaedic Service,9731,16.1,
2026-05|RTE|C_120,2026-05,RTE,GLOUCESTERSHIRE HOSPITALS NHS FOUNDATION TRUST,C_120,Ear Nose and Throat Service,5585,14.5,
2026-05|RTE|C_130,2026-05,RTE,GLOUCESTERSHIRE HOSPITALS NHS FOUNDATION TRUST,C_130,Ophthalmology Service,3541,8.8,
2026-05|RTE|C_140,2026-05,RTE,GLOUCESTERSHIRE HOSPITALS NHS FOUNDATION TRUST,C_140,Oral Surgery Service,3486,12.9,
2026-05|RTE|C_170,2026-05,RTE,GLOUCESTERSHIRE HOSPITALS NHS FOUNDATION TRUST,C_170,Cardiothoracic Surgery Service,32,8.7,
2026-05|RTE|C_300,2026-05,RTE,GLOUCESTERSHIRE HOSPITALS NHS FOUNDATION TRUST,C_300,General Internal Medicine Service,251,10.0,
2026-05|RTE|C_301,2026-05,RTE,GLOUCESTERSHIRE HOSPITALS NHS FOUNDATION TRUST,C_301,Gastroenterology Service,4895,9.1,
2026-05|RTE|C_320,2026-05,RTE,GLOUCESTERSHIRE HOSPITALS NHS FOUNDATION TRUST,C_320,Cardiology Service,7360,10.8,
2026-05|RTE|C_330,2026-05,RTE,GLOUCESTERSHIRE HOSPITALS NHS FOUNDATION TRUST,C_330,Dermatology Service,4833,11.0,
2026-05|RTE|C_340,2026-05,RTE,GLOUCESTERSHIRE HOSPITALS NHS FOUNDATION TRUST,C_340,Respiratory Medicine Service,1182,8.4,
2026-05|RTE|C_400,2026-05,RTE,GLOUCESTERSHIRE HOSPITALS NHS FOUNDATION TRUST,C_400,Neurology Service,1912,10.0,
2026-05|RTE|C_410,2026-05,RTE,GLOUCESTERSHIRE HOSPITALS NHS FOUNDATION TRUST,C_410,Rheumatology Service,1140,11.5,
2026-05|RTE|C_430,2026-05,RTE,GLOUCESTERSHIRE HOSPITALS NHS FOUNDATION TRUST,C_430,Elderly Medicine Service,357,5.4,
2026-05|RTE|C_502,2026-05,RTE,GLOUCESTERSHIRE HOSPITALS NHS FOUNDATION TRUST,C_502,Gynaecology Service,4259,12.1,
2026-05|RTE|C_999,2026-05,RTE,GLOUCESTERSHIRE HOSPITALS NHS FOUNDATION TRUST,C_999,Total,70646,10.8,
2026-05|RTE|X02,2026-05,RTE,GLOUCESTERSHIRE HOSPITALS NHS FOUNDATION TRUST,X02,Other - Medical Services,9455,7.1,
2026-05|RTE|X04,2026-05,RTE,GLOUCESTERSHIRE HOSPITALS NHS FOUNDATION TRUST,X04,Other - Paediatric Services,1271,11.1,
2026-05|RTE|X05,2026-05,RTE,GLOUCESTERSHIRE HOSPITALS NHS FOUNDATION TRUST,X05,Other - Surgical Services,6844,9.3,
2026-05|RTE|X06,2026-05,RTE,GLOUCESTERSHIRE HOSPITALS NHS FOUNDATION TRUST,X06,Other - Other Services,763,7.1,
2026-05|RTF|C_100,2026-05,RTF,NORTHUMBRIA HEALTHCARE NHS FOUNDATION TRUST,C_100,General Surgery Service,6596,9.0,
2026-05|RTF|C_101,2026-05,RTF,NORTHUMBRIA HEALTHCARE NHS FOUNDATION TRUST,C_101,Urology Service,2900,8.9,
2026-05|RTF|C_110,2026-05,RTF,NORTHUMBRIA HEALTHCARE NHS FOUNDATION TRUST,C_110,Trauma and Orthopaedic Service,10217,12.5,
2026-05|RTF|C_140,2026-05,RTF,NORTHUMBRIA HEALTHCARE NHS FOUNDATION TRUST,C_140,Oral Surgery Service,1670,14.8,
2026-05|RTF|C_160,2026-05,RTF,NORTHUMBRIA HEALTHCARE NHS FOUNDATION TRUST,C_160,Plastic Surgery Service,2702,9.8,
2026-05|RTF|C_300,2026-05,RTF,NORTHUMBRIA HEALTHCARE NHS FOUNDATION TRUST,C_300,General Internal Medicine Service,1478,5.8,
2026-05|RTF|C_301,2026-05,RTF,NORTHUMBRIA HEALTHCARE NHS FOUNDATION TRUST,C_301,Gastroenterology Service,1612,8.3,
2026-05|RTF|C_320,2026-05,RTF,NORTHUMBRIA HEALTHCARE NHS FOUNDATION TRUST,C_320,Cardiology Service,1664,7.1,
2026-05|RTF|C_340,2026-05,RTF,NORTHUMBRIA HEALTHCARE NHS FOUNDATION TRUST,C_340,Respiratory Medicine Service,2773,8.6,
2026-05|RTF|C_400,2026-05,RTF,NORTHUMBRIA HEALTHCARE NHS FOUNDATION TRUST,C_400,Neurology Service,2,9.0,
2026-05|RTF|C_410,2026-05,RTF,NORTHUMBRIA HEALTHCARE NHS FOUNDATION TRUST,C_410,Rheumatology Service,1178,9.4,
2026-05|RTF|C_430,2026-05,RTF,NORTHUMBRIA HEALTHCARE NHS FOUNDATION TRUST,C_430,Elderly Medicine Service,658,5.2,
2026-05|RTF|C_502,2026-05,RTF,NORTHUMBRIA HEALTHCARE NHS FOUNDATION TRUST,C_502,Gynaecology Service,4133,10.4,
2026-05|RTF|C_999,2026-05,RTF,NORTHUMBRIA HEALTHCARE NHS FOUNDATION TRUST,C_999,Total,39520,9.7,
2026-05|RTF|X03,2026-05,RTF,NORTHUMBRIA HEALTHCARE NHS FOUNDATION TRUST,X03,Other - Mental Health Services,228,4.4,
2026-05|RTF|X04,2026-05,RTF,NORTHUMBRIA HEALTHCARE NHS FOUNDATION TRUST,X04,Other - Paediatric Services,1361,8.3,
2026-05|RTF|X06,2026-05,RTF,NORTHUMBRIA HEALTHCARE NHS FOUNDATION TRUST,X06,Other - Other Services,348,7.3,
2026-05|RTG|C_100,2026-05,RTG,UNIVERSITY HOSPITALS OF DERBY AND BURTON NHS FOUNDATION TRUST,C_100,General Surgery Service,4424,15.0,
2026-05|RTG|C_101,2026-05,RTG,UNIVERSITY HOSPITALS OF DERBY AND BURTON NHS FOUNDATION TRUST,C_101,Urology Service,3456,11.7,
2026-05|RTG|C_110,2026-05,RTG,UNIVERSITY HOSPITALS OF DERBY AND BURTON NHS FOUNDATION TRUST,C_110,Trauma and Orthopaedic Service,17299,19.1,
2026-05|RTG|C_120,2026-05,RTG,UNIVERSITY HOSPITALS OF DERBY AND BURTON NHS FOUNDATION TRUST,C_120,Ear Nose and Throat Service,9226,16.1,
2026-05|RTG|C_130,2026-05,RTG,UNIVERSITY HOSPITALS OF DERBY AND BURTON NHS FOUNDATION TRUST,C_130,Ophthalmology Service,9248,12.7,
2026-05|RTG|C_140,2026-05,RTG,UNIVERSITY HOSPITALS OF DERBY AND BURTON NHS FOUNDATION TRUST,C_140,Oral Surgery Service,2038,10.8,
2026-05|RTG|C_150,2026-05,RTG,UNIVERSITY HOSPITALS OF DERBY AND BURTON NHS FOUNDATION TRUST,C_150,Neurosurgical Service,177,15.5,
2026-05|RTG|C_160,2026-05,RTG,UNIVERSITY HOSPITALS OF DERBY AND BURTON NHS FOUNDATION TRUST,C_160,Plastic Surgery Service,406,9.6,
2026-05|RTG|C_170,2026-05,RTG,UNIVERSITY HOSPITALS OF DERBY AND BURTON NHS FOUNDATION TRUST,C_170,Cardiothoracic Surgery Service,40,10.3,
2026-05|RTG|C_300,2026-05,RTG,UNIVERSITY HOSPITALS OF DERBY AND BURTON NHS FOUNDATION TRUST,C_300,General Internal Medicine Service,2,4.0,
2026-05|RTG|C_301,2026-05,RTG,UNIVERSITY HOSPITALS OF DERBY AND BURTON NHS FOUNDATION TRUST,C_301,Gastroenterology Service,4086,11.5,
2026-05|RTG|C_320,2026-05,RTG,UNIVERSITY HOSPITALS OF DERBY AND BURTON NHS FOUNDATION TRUST,C_320,Cardiology Service,2885,10.1,
2026-05|RTG|C_330,2026-05,RTG,UNIVERSITY HOSPITALS OF DERBY AND BURTON NHS FOUNDATION TRUST,C_330,Dermatology Service,5605,12.2,
2026-05|RTG|C_340,2026-05,RTG,UNIVERSITY HOSPITALS OF DERBY AND BURTON NHS FOUNDATION TRUST,C_340,Respiratory Medicine Service,1604,9.6,
2026-05|RTG|C_400,2026-05,RTG,UNIVERSITY HOSPITALS OF DERBY AND BURTON NHS FOUNDATION TRUST,C_400,Neurology Service,3494,18.7,
2026-05|RTG|C_410,2026-05,RTG,UNIVERSITY HOSPITALS OF DERBY AND BURTON NHS FOUNDATION TRUST,C_410,Rheumatology Service,1510,7.0,
2026-05|RTG|C_430,2026-05,RTG,UNIVERSITY HOSPITALS OF DERBY AND BURTON NHS FOUNDATION TRUST,C_430,Elderly Medicine Service,253,5.9,
2026-05|RTG|C_502,2026-05,RTG,UNIVERSITY HOSPITALS OF DERBY AND BURTON NHS FOUNDATION TRUST,C_502,Gynaecology Service,7772,14.5,
2026-05|RTG|C_999,2026-05,RTG,UNIVERSITY HOSPITALS OF DERBY AND BURTON NHS FOUNDATION TRUST,C_999,Total,93839,13.8,
2026-05|RTG|X02,2026-05,RTG,UNIVERSITY HOSPITALS OF DERBY AND BURTON NHS FOUNDATION TRUST,X02,Other - Medical Services,8952,11.4,
2026-05|RTG|X04,2026-05,RTG,UNIVERSITY HOSPITALS OF DERBY AND BURTON NHS FOUNDATION TRUST,X04,Other - Paediatric Services,3218,14.2,
2026-05|RTG|X05,2026-05,RTG,UNIVERSITY HOSPITALS OF DERBY AND BURTON NHS FOUNDATION TRUST,X05,Other - Surgical Services,7309,13.5,
2026-05|RTG|X06,2026-05,RTG,UNIVERSITY HOSPITALS OF DERBY AND BURTON NHS FOUNDATION TRUST,X06,Other - Other Services,835,7.5,
2026-05|RTH|C_100,2026-05,RTH,OXFORD UNIVERSITY HOSPITALS NHS FOUNDATION TRUST,C_100,General Surgery Service,1601,11.2,
2026-05|RTH|C_101,2026-05,RTH,OXFORD UNIVERSITY HOSPITALS NHS FOUNDATION TRUST,C_101,Urology Service,4529,14.8,
2026-05|RTH|C_110,2026-05,RTH,OXFORD UNIVERSITY HOSPITALS NHS FOUNDATION TRUST,C_110,Trauma and Orthopaedic Service,8221,16.5,
2026-05|RTH|C_120,2026-05,RTH,OXFORD UNIVERSITY HOSPITALS NHS FOUNDATION TRUST,C_120,Ear Nose and Throat Service,7052,15.6,
2026-05|RTH|C_130,2026-05,RTH,OXFORD UNIVERSITY HOSPITALS NHS FOUNDATION TRUST,C_130,Ophthalmology Service,5161,16.7,
2026-05|RTH|C_140,2026-05,RTH,OXFORD UNIVERSITY HOSPITALS NHS FOUNDATION TRUST,C_140,Oral Surgery Service,3285,18.2,
2026-05|RTH|C_150,2026-05,RTH,OXFORD UNIVERSITY HOSPITALS NHS FOUNDATION TRUST,C_150,Neurosurgical Service,1097,10.5,
2026-05|RTH|C_160,2026-05,RTH,OXFORD UNIVERSITY HOSPITALS NHS FOUNDATION TRUST,C_160,Plastic Surgery Service,1742,14.4,
2026-05|RTH|C_300,2026-05,RTH,OXFORD UNIVERSITY HOSPITALS NHS FOUNDATION TRUST,C_300,General Internal Medicine Service,48,5.5,
2026-05|RTH|C_301,2026-05,RTH,OXFORD UNIVERSITY HOSPITALS NHS FOUNDATION TRUST,C_301,Gastroenterology Service,3943,12.1,
2026-05|RTH|C_320,2026-05,RTH,OXFORD UNIVERSITY HOSPITALS NHS FOUNDATION TRUST,C_320,Cardiology Service,4143,11.4,
2026-05|RTH|C_330,2026-05,RTH,OXFORD UNIVERSITY HOSPITALS NHS FOUNDATION TRUST,C_330,Dermatology Service,6383,18.1,
2026-05|RTH|C_340,2026-05,RTH,OXFORD UNIVERSITY HOSPITALS NHS FOUNDATION TRUST,C_340,Respiratory Medicine Service,1537,8.1,
2026-05|RTH|C_400,2026-05,RTH,OXFORD UNIVERSITY HOSPITALS NHS FOUNDATION TRUST,C_400,Neurology Service,3366,14.5,
2026-05|RTH|C_410,2026-05,RTH,OXFORD UNIVERSITY HOSPITALS NHS FOUNDATION TRUST,C_410,Rheumatology Service,1289,7.0,
2026-05|RTH|C_430,2026-05,RTH,OXFORD UNIVERSITY HOSPITALS NHS FOUNDATION TRUST,C_430,Elderly Medicine Service,659,5.9,
2026-05|RTH|C_502,2026-05,RTH,OXFORD UNIVERSITY HOSPITALS NHS FOUNDATION TRUST,C_502,Gynaecology Service,7333,15.4,
2026-05|RTH|C_999,2026-05,RTH,OXFORD UNIVERSITY HOSPITALS NHS FOUNDATION TRUST,C_999,Total,91148,13.5,
2026-05|RTH|X02,2026-05,RTH,OXFORD UNIVERSITY HOSPITALS NHS FOUNDATION TRUST,X02,Other - Medical Services,15756,11.3,
2026-05|RTH|X03,2026-05,RTH,OXFORD UNIVERSITY HOSPITALS NHS FOUNDATION TRUST,X03,Other - Mental Health Services,59,6.6,
2026-05|RTH|X04,2026-05,RTH,OXFORD UNIVERSITY HOSPITALS NHS FOUNDATION TRUST,X04,Other - Paediatric Services,6599,13.9,
2026-05|RTH|X05,2026-05,RTH,OXFORD UNIVERSITY HOSPITALS NHS FOUNDATION TRUST,X05,Other - Surgical Services,5954,11.6,
2026-05|RTH|X06,2026-05,RTH,OXFORD UNIVERSITY HOSPITALS NHS FOUNDATION TRUST,X06,Other - Other Services,1391,8.1,
2026-05|RTK|C_100,2026-05,RTK,ASHFORD AND ST PETER'S HOSPITALS NHS FOUNDATION TRUST,C_100,General Surgery Service,629,13.3,
2026-05|RTK|C_101,2026-05,RTK,ASHFORD AND ST PETER'S HOSPITALS NHS FOUNDATION TRUST,C_101,Urology Service,2014,15.1,
2026-05|RTK|C_110,2026-05,RTK,ASHFORD AND ST PETER'S HOSPITALS NHS FOUNDATION TRUST,C_110,Trauma and Orthopaedic Service,7446,12.6,
2026-05|RTK|C_120,2026-05,RTK,ASHFORD AND ST PETER'S HOSPITALS NHS FOUNDATION TRUST,C_120,Ear Nose and Throat Service,4228,14.2,
2026-05|RTK|C_130,2026-05,RTK,ASHFORD AND ST PETER'S HOSPITALS NHS FOUNDATION TRUST,C_130,Ophthalmology Service,5136,13.0,
2026-05|RTK|C_140,2026-05,RTK,ASHFORD AND ST PETER'S HOSPITALS NHS FOUNDATION TRUST,C_140,Oral Surgery Service,4499,15.9,
2026-05|RTK|C_160,2026-05,RTK,ASHFORD AND ST PETER'S HOSPITALS NHS FOUNDATION TRUST,C_160,Plastic Surgery Service,22,5.0,
2026-05|RTK|C_170,2026-05,RTK,ASHFORD AND ST PETER'S HOSPITALS NHS FOUNDATION TRUST,C_170,Cardiothoracic Surgery Service,9,2.5,
2026-05|RTK|C_300,2026-05,RTK,ASHFORD AND ST PETER'S HOSPITALS NHS FOUNDATION TRUST,C_300,General Internal Medicine Service,126,9.2,
2026-05|RTK|C_301,2026-05,RTK,ASHFORD AND ST PETER'S HOSPITALS NHS FOUNDATION TRUST,C_301,Gastroenterology Service,1864,14.0,
2026-05|RTK|C_320,2026-05,RTK,ASHFORD AND ST PETER'S HOSPITALS NHS FOUNDATION TRUST,C_320,Cardiology Service,2349,12.0,
2026-05|RTK|C_330,2026-05,RTK,ASHFORD AND ST PETER'S HOSPITALS NHS FOUNDATION TRUST,C_330,Dermatology Service,4626,12.5,
2026-05|RTK|C_340,2026-05,RTK,ASHFORD AND ST PETER'S HOSPITALS NHS FOUNDATION TRUST,C_340,Respiratory Medicine Service,1220,12.2,
2026-05|RTK|C_400,2026-05,RTK,ASHFORD AND ST PETER'S HOSPITALS NHS FOUNDATION TRUST,C_400,Neurology Service,1013,15.7,
2026-05|RTK|C_410,2026-05,RTK,ASHFORD AND ST PETER'S HOSPITALS NHS FOUNDATION TRUST,C_410,Rheumatology Service,381,10.0,
2026-05|RTK|C_430,2026-05,RTK,ASHFORD AND ST PETER'S HOSPITALS NHS FOUNDATION TRUST,C_430,Elderly Medicine Service,219,10.0,
2026-05|RTK|C_502,2026-05,RTK,ASHFORD AND ST PETER'S HOSPITALS NHS FOUNDATION TRUST,C_502,Gynaecology Service,3586,15.9,
2026-05|RTK|C_999,2026-05,RTK,ASHFORD AND ST PETER'S HOSPITALS NHS FOUNDATION TRUST,C_999,Total,52856,13.4,
2026-05|RTK|X02,2026-05,RTK,ASHFORD AND ST PETER'S HOSPITALS NHS FOUNDATION TRUST,X02,Other - Medical Services,2055,11.7,
2026-05|RTK|X04,2026-05,RTK,ASHFORD AND ST PETER'S HOSPITALS NHS FOUNDATION TRUST,X04,Other - Paediatric Services,2096,10.4,
2026-05|RTK|X05,2026-05,RTK,ASHFORD AND ST PETER'S HOSPITALS NHS FOUNDATION TRUST,X05,Other - Surgical Services,8546,15.3,
2026-05|RTK|X06,2026-05,RTK,ASHFORD AND ST PETER'S HOSPITALS NHS FOUNDATION TRUST,X06,Other - Other Services,792,7.9,
2026-05|RTP|C_100,2026-05,RTP,SURREY AND SUSSEX HEALTHCARE NHS TRUST,C_100,General Surgery Service,990,15.4,
2026-05|RTP|C_101,2026-05,RTP,SURREY AND SUSSEX HEALTHCARE NHS TRUST,C_101,Urology Service,2805,11.3,
2026-05|RTP|C_110,2026-05,RTP,SURREY AND SUSSEX HEALTHCARE NHS TRUST,C_110,Trauma and Orthopaedic Service,2978,16.4,
2026-05|RTP|C_120,2026-05,RTP,SURREY AND SUSSEX HEALTHCARE NHS TRUST,C_120,Ear Nose and Throat Service,5785,14.2,
2026-05|RTP|C_130,2026-05,RTP,SURREY AND SUSSEX HEALTHCARE NHS TRUST,C_130,Ophthalmology Service,2996,9.4,
2026-05|RTP|C_140,2026-05,RTP,SURREY AND SUSSEX HEALTHCARE NHS TRUST,C_140,Oral Surgery Service,1760,16.3,
2026-05|RTP|C_300,2026-05,RTP,SURREY AND SUSSEX HEALTHCARE NHS TRUST,C_300,General Internal Medicine Service,31,5.2,
2026-05|RTP|C_301,2026-05,RTP,SURREY AND SUSSEX HEALTHCARE NHS TRUST,C_301,Gastroenterology Service,4355,12.1,
2026-05|RTP|C_320,2026-05,RTP,SURREY AND SUSSEX HEALTHCARE NHS TRUST,C_320,Cardiology Service,2783,9.9,
2026-05|RTP|C_330,2026-05,RTP,SURREY AND SUSSEX HEALTHCARE NHS TRUST,C_330,Dermatology Service,4065,15.1,
2026-05|RTP|C_340,2026-05,RTP,SURREY AND SUSSEX HEALTHCARE NHS TRUST,C_340,Respiratory Medicine Service,1077,10.5,
2026-05|RTP|C_400,2026-05,RTP,SURREY AND SUSSEX HEALTHCARE NHS TRUST,C_400,Neurology Service,2006,15.8,
2026-05|RTP|C_410,2026-05,RTP,SURREY AND SUSSEX HEALTHCARE NHS TRUST,C_410,Rheumatology Service,802,11.3,
2026-05|RTP|C_430,2026-05,RTP,SURREY AND SUSSEX HEALTHCARE NHS TRUST,C_430,Elderly Medicine Service,223,9.2,
2026-05|RTP|C_502,2026-05,RTP,SURREY AND SUSSEX HEALTHCARE NHS TRUST,C_502,Gynaecology Service,3573,13.8,
2026-05|RTP|C_999,2026-05,RTP,SURREY AND SUSSEX HEALTHCARE NHS TRUST,C_999,Total,48877,12.8,
2026-05|RTP|X02,2026-05,RTP,SURREY AND SUSSEX HEALTHCARE NHS TRUST,X02,Other - Medical Services,4017,16.0,
2026-05|RTP|X04,2026-05,RTP,SURREY AND SUSSEX HEALTHCARE NHS TRUST,X04,Other - Paediatric Services,1786,10.7,
2026-05|RTP|X05,2026-05,RTP,SURREY AND SUSSEX HEALTHCARE NHS TRUST,X05,Other - Surgical Services,6505,10.9,
2026-05|RTP|X06,2026-05,RTP,SURREY AND SUSSEX HEALTHCARE NHS TRUST,X06,Other - Other Services,340,7.7,
2026-05|RTR|C_100,2026-05,RTR,SOUTH TEES HOSPITALS NHS FOUNDATION TRUST,C_100,General Surgery Service,1858,12.8,
2026-05|RTR|C_101,2026-05,RTR,SOUTH TEES HOSPITALS NHS FOUNDATION TRUST,C_101,Urology Service,3769,11.6,
2026-05|RTR|C_110,2026-05,RTR,SOUTH TEES HOSPITALS NHS FOUNDATION TRUST,C_110,Trauma and Orthopaedic Service,5439,12.1,
2026-05|RTR|C_120,2026-05,RTR,SOUTH TEES HOSPITALS NHS FOUNDATION TRUST,C_120,Ear Nose and Throat Service,6900,15.9,
2026-05|RTR|C_130,2026-05,RTR,SOUTH TEES HOSPITALS NHS FOUNDATION TRUST,C_130,Ophthalmology Service,3946,9.4,
2026-05|RTR|C_150,2026-05,RTR,SOUTH TEES HOSPITALS NHS FOUNDATION TRUST,C_150,Neurosurgical Service,1067,10.7,
2026-05|RTR|C_160,2026-05,RTR,SOUTH TEES HOSPITALS NHS FOUNDATION TRUST,C_160,Plastic Surgery Service,2027,12.6,
2026-05|RTR|C_170,2026-05,RTR,SOUTH TEES HOSPITALS NHS FOUNDATION TRUST,C_170,Cardiothoracic Surgery Service,338,10.0,
2026-05|RTR|C_300,2026-05,RTR,SOUTH TEES HOSPITALS NHS FOUNDATION TRUST,C_300,General Internal Medicine Service,100,3.5,
2026-05|RTR|C_301,2026-05,RTR,SOUTH TEES HOSPITALS NHS FOUNDATION TRUST,C_301,Gastroenterology Service,1641,5.7,
2026-05|RTR|C_320,2026-05,RTR,SOUTH TEES HOSPITALS NHS FOUNDATION TRUST,C_320,Cardiology Service,2299,12.0,
2026-05|RTR|C_330,2026-05,RTR,SOUTH TEES HOSPITALS NHS FOUNDATION TRUST,C_330,Dermatology Service,2850,13.2,
2026-05|RTR|C_340,2026-05,RTR,SOUTH TEES HOSPITALS NHS FOUNDATION TRUST,C_340,Respiratory Medicine Service,1012,7.4,
2026-05|RTR|C_400,2026-05,RTR,SOUTH TEES HOSPITALS NHS FOUNDATION TRUST,C_400,Neurology Service,2197,17.1,
2026-05|RTR|C_410,2026-05,RTR,SOUTH TEES HOSPITALS NHS FOUNDATION TRUST,C_410,Rheumatology Service,1457,15.4,
2026-05|RTR|C_430,2026-05,RTR,SOUTH TEES HOSPITALS NHS FOUNDATION TRUST,C_430,Elderly Medicine Service,44,5.3,
2026-05|RTR|C_502,2026-05,RTR,SOUTH TEES HOSPITALS NHS FOUNDATION TRUST,C_502,Gynaecology Service,3099,12.5,
2026-05|RTR|C_999,2026-05,RTR,SOUTH TEES HOSPITALS NHS FOUNDATION TRUST,C_999,Total,56598,12.4,
2026-05|RTR|X02,2026-05,RTR,SOUTH TEES HOSPITALS NHS FOUNDATION TRUST,X02,Other - Medical Services,7382,13.2,
2026-05|RTR|X04,2026-05,RTR,SOUTH TEES HOSPITALS NHS FOUNDATION TRUST,X04,Other - Paediatric Services,1881,12.1,
2026-05|RTR|X05,2026-05,RTR,SOUTH TEES HOSPITALS NHS FOUNDATION TRUST,X05,Other - Surgical Services,6909,14.6,
2026-05|RTR|X06,2026-05,RTR,SOUTH TEES HOSPITALS NHS FOUNDATION TRUST,X06,Other - Other Services,383,3.3,
2026-05|RTX|C_100,2026-05,RTX,UNIVERSITY HOSPITALS OF MORECAMBE BAY NHS FOUNDATION TRUST,C_100,General Surgery Service,2207,18.5,
2026-05|RTX|C_101,2026-05,RTX,UNIVERSITY HOSPITALS OF MORECAMBE BAY NHS FOUNDATION TRUST,C_101,Urology Service,2201,10.5,
2026-05|RTX|C_110,2026-05,RTX,UNIVERSITY HOSPITALS OF MORECAMBE BAY NHS FOUNDATION TRUST,C_110,Trauma and Orthopaedic Service,5937,12.2,
2026-05|RTX|C_120,2026-05,RTX,UNIVERSITY HOSPITALS OF MORECAMBE BAY NHS FOUNDATION TRUST,C_120,Ear Nose and Throat Service,3609,11.0,
2026-05|RTX|C_130,2026-05,RTX,UNIVERSITY HOSPITALS OF MORECAMBE BAY NHS FOUNDATION TRUST,C_130,Ophthalmology Service,2577,8.2,
2026-05|RTX|C_140,2026-05,RTX,UNIVERSITY HOSPITALS OF MORECAMBE BAY NHS FOUNDATION TRUST,C_140,Oral Surgery Service,2257,12.8,
2026-05|RTX|C_160,2026-05,RTX,UNIVERSITY HOSPITALS OF MORECAMBE BAY NHS FOUNDATION TRUST,C_160,Plastic Surgery Service,83,4.8,
2026-05|RTX|C_170,2026-05,RTX,UNIVERSITY HOSPITALS OF MORECAMBE BAY NHS FOUNDATION TRUST,C_170,Cardiothoracic Surgery Service,21,1.9,
2026-05|RTX|C_300,2026-05,RTX,UNIVERSITY HOSPITALS OF MORECAMBE BAY NHS FOUNDATION TRUST,C_300,General Internal Medicine Service,100,3.9,
2026-05|RTX|C_301,2026-05,RTX,UNIVERSITY HOSPITALS OF MORECAMBE BAY NHS FOUNDATION TRUST,C_301,Gastroenterology Service,2248,8.6,
2026-05|RTX|C_320,2026-05,RTX,UNIVERSITY HOSPITALS OF MORECAMBE BAY NHS FOUNDATION TRUST,C_320,Cardiology Service,768,8.5,
2026-05|RTX|C_330,2026-05,RTX,UNIVERSITY HOSPITALS OF MORECAMBE BAY NHS FOUNDATION TRUST,C_330,Dermatology Service,1193,4.4,
2026-05|RTX|C_340,2026-05,RTX,UNIVERSITY HOSPITALS OF MORECAMBE BAY NHS FOUNDATION TRUST,C_340,Respiratory Medicine Service,484,6.0,
2026-05|RTX|C_410,2026-05,RTX,UNIVERSITY HOSPITALS OF MORECAMBE BAY NHS FOUNDATION TRUST,C_410,Rheumatology Service,959,10.4,
2026-05|RTX|C_430,2026-05,RTX,UNIVERSITY HOSPITALS OF MORECAMBE BAY NHS FOUNDATION TRUST,C_430,Elderly Medicine Service,161,6.0,
2026-05|RTX|C_502,2026-05,RTX,UNIVERSITY HOSPITALS OF MORECAMBE BAY NHS FOUNDATION TRUST,C_502,Gynaecology Service,2540,11.5,
2026-05|RTX|C_999,2026-05,RTX,UNIVERSITY HOSPITALS OF MORECAMBE BAY NHS FOUNDATION TRUST,C_999,Total,34920,10.5,
2026-05|RTX|X02,2026-05,RTX,UNIVERSITY HOSPITALS OF MORECAMBE BAY NHS FOUNDATION TRUST,X02,Other - Medical Services,3556,12.2,
2026-05|RTX|X04,2026-05,RTX,UNIVERSITY HOSPITALS OF MORECAMBE BAY NHS FOUNDATION TRUST,X04,Other - Paediatric Services,2169,9.0,
2026-05|RTX|X05,2026-05,RTX,UNIVERSITY HOSPITALS OF MORECAMBE BAY NHS FOUNDATION TRUST,X05,Other - Surgical Services,1433,8.3,
2026-05|RTX|X06,2026-05,RTX,UNIVERSITY HOSPITALS OF MORECAMBE BAY NHS FOUNDATION TRUST,X06,Other - Other Services,417,5.2,
2026-05|RVJ|C_100,2026-05,RVJ,NORTH BRISTOL NHS TRUST,C_100,General Surgery Service,720,11.9,
2026-05|RVJ|C_101,2026-05,RVJ,NORTH BRISTOL NHS TRUST,C_101,Urology Service,5443,10.1,
2026-05|RVJ|C_110,2026-05,RVJ,NORTH BRISTOL NHS TRUST,C_110,Trauma and Orthopaedic Service,6030,13.2,
2026-05|RVJ|C_150,2026-05,RVJ,NORTH BRISTOL NHS TRUST,C_150,Neurosurgical Service,1276,9.5,
2026-05|RVJ|C_160,2026-05,RVJ,NORTH BRISTOL NHS TRUST,C_160,Plastic Surgery Service,2511,10.9,
2026-05|RVJ|C_170,2026-05,RVJ,NORTH BRISTOL NHS TRUST,C_170,Cardiothoracic Surgery Service,14,3.2,
2026-05|RVJ|C_301,2026-05,RVJ,NORTH BRISTOL NHS TRUST,C_301,Gastroenterology Service,370,4.7,
2026-05|RVJ|C_320,2026-05,RVJ,NORTH BRISTOL NHS TRUST,C_320,Cardiology Service,2385,9.8,
2026-05|RVJ|C_330,2026-05,RVJ,NORTH BRISTOL NHS TRUST,C_330,Dermatology Service,2336,7.7,
2026-05|RVJ|C_340,2026-05,RVJ,NORTH BRISTOL NHS TRUST,C_340,Respiratory Medicine Service,640,4.9,
2026-05|RVJ|C_400,2026-05,RVJ,NORTH BRISTOL NHS TRUST,C_400,Neurology Service,3598,14.3,
2026-05|RVJ|C_410,2026-05,RVJ,NORTH BRISTOL NHS TRUST,C_410,Rheumatology Service,1216,12.5,
2026-05|RVJ|C_430,2026-05,RVJ,NORTH BRISTOL NHS TRUST,C_430,Elderly Medicine Service,87,3.2,
2026-05|RVJ|C_502,2026-05,RVJ,NORTH BRISTOL NHS TRUST,C_502,Gynaecology Service,5121,12.3,
2026-05|RVJ|C_999,2026-05,RVJ,NORTH BRISTOL NHS TRUST,C_999,Total,41518,10.5,
2026-05|RVJ|X02,2026-05,RVJ,NORTH BRISTOL NHS TRUST,X02,Other - Medical Services,3964,9.9,
2026-05|RVJ|X04,2026-05,RVJ,NORTH BRISTOL NHS TRUST,X04,Other - Paediatric Services,7,2.2,
2026-05|RVJ|X05,2026-05,RVJ,NORTH BRISTOL NHS TRUST,X05,Other - Surgical Services,5643,8.6,
2026-05|RVJ|X06,2026-05,RVJ,NORTH BRISTOL NHS TRUST,X06,Other - Other Services,157,4.1,
2026-05|RVR|C_100,2026-05,RVR,EPSOM AND ST HELIER UNIVERSITY HOSPITALS NHS TRUST,C_100,General Surgery Service,2672,15.3,
2026-05|RVR|C_101,2026-05,RVR,EPSOM AND ST HELIER UNIVERSITY HOSPITALS NHS TRUST,C_101,Urology Service,2051,12.3,
2026-05|RVR|C_110,2026-05,RVR,EPSOM AND ST HELIER UNIVERSITY HOSPITALS NHS TRUST,C_110,Trauma and Orthopaedic Service,6413,12.9,
2026-05|RVR|C_120,2026-05,RVR,EPSOM AND ST HELIER UNIVERSITY HOSPITALS NHS TRUST,C_120,Ear Nose and Throat Service,2338,10.6,
2026-05|RVR|C_130,2026-05,RVR,EPSOM AND ST HELIER UNIVERSITY HOSPITALS NHS TRUST,C_130,Ophthalmology Service,2613,6.3,
2026-05|RVR|C_140,2026-05,RVR,EPSOM AND ST HELIER UNIVERSITY HOSPITALS NHS TRUST,C_140,Oral Surgery Service,2085,11.4,
2026-05|RVR|C_300,2026-05,RVR,EPSOM AND ST HELIER UNIVERSITY HOSPITALS NHS TRUST,C_300,General Internal Medicine Service,961,19.0,
2026-05|RVR|C_301,2026-05,RVR,EPSOM AND ST HELIER UNIVERSITY HOSPITALS NHS TRUST,C_301,Gastroenterology Service,3294,13.6,
2026-05|RVR|C_320,2026-05,RVR,EPSOM AND ST HELIER UNIVERSITY HOSPITALS NHS TRUST,C_320,Cardiology Service,3798,13.8,
2026-05|RVR|C_330,2026-05,RVR,EPSOM AND ST HELIER UNIVERSITY HOSPITALS NHS TRUST,C_330,Dermatology Service,3545,16.7,
2026-05|RVR|C_340,2026-05,RVR,EPSOM AND ST HELIER UNIVERSITY HOSPITALS NHS TRUST,C_340,Respiratory Medicine Service,1334,10.5,
2026-05|RVR|C_400,2026-05,RVR,EPSOM AND ST HELIER UNIVERSITY HOSPITALS NHS TRUST,C_400,Neurology Service,1851,15.9,
2026-05|RVR|C_410,2026-05,RVR,EPSOM AND ST HELIER UNIVERSITY HOSPITALS NHS TRUST,C_410,Rheumatology Service,620,8.8,
2026-05|RVR|C_430,2026-05,RVR,EPSOM AND ST HELIER UNIVERSITY HOSPITALS NHS TRUST,C_430,Elderly Medicine Service,205,11.6,
2026-05|RVR|C_502,2026-05,RVR,EPSOM AND ST HELIER UNIVERSITY HOSPITALS NHS TRUST,C_502,Gynaecology Service,6156,13.6,
2026-05|RVR|C_999,2026-05,RVR,EPSOM AND ST HELIER UNIVERSITY HOSPITALS NHS TRUST,C_999,Total,57374,12.2,
2026-05|RVR|X02,2026-05,RVR,EPSOM AND ST HELIER UNIVERSITY HOSPITALS NHS TRUST,X02,Other - Medical Services,8766,10.5,
2026-05|RVR|X03,2026-05,RVR,EPSOM AND ST HELIER UNIVERSITY HOSPITALS NHS TRUST,X03,Other - Mental Health Services,63,15.6,
2026-05|RVR|X04,2026-05,RVR,EPSOM AND ST HELIER UNIVERSITY HOSPITALS NHS TRUST,X04,Other - Paediatric Services,5790,11.4,
2026-05|RVR|X05,2026-05,RVR,EPSOM AND ST HELIER UNIVERSITY HOSPITALS NHS TRUST,X05,Other - Surgical Services,2037,12.5,
2026-05|RVR|X06,2026-05,RVR,EPSOM AND ST HELIER UNIVERSITY HOSPITALS NHS TRUST,X06,Other - Other Services,782,10.4,
2026-05|RVV|C_100,2026-05,RVV,EAST KENT HOSPITALS UNIVERSITY NHS FOUNDATION TRUST,C_100,General Surgery Service,8302,14.1,
2026-05|RVV|C_101,2026-05,RVV,EAST KENT HOSPITALS UNIVERSITY NHS FOUNDATION TRUST,C_101,Urology Service,4743,10.8,
2026-05|RVV|C_110,2026-05,RVV,EAST KENT HOSPITALS UNIVERSITY NHS FOUNDATION TRUST,C_110,Trauma and Orthopaedic Service,8011,19.8,
2026-05|RVV|C_120,2026-05,RVV,EAST KENT HOSPITALS UNIVERSITY NHS FOUNDATION TRUST,C_120,Ear Nose and Throat Service,9076,18.4,
2026-05|RVV|C_130,2026-05,RVV,EAST KENT HOSPITALS UNIVERSITY NHS FOUNDATION TRUST,C_130,Ophthalmology Service,5506,12.3,
2026-05|RVV|C_140,2026-05,RVV,EAST KENT HOSPITALS UNIVERSITY NHS FOUNDATION TRUST,C_140,Oral Surgery Service,5080,25.0,
2026-05|RVV|C_170,2026-05,RVV,EAST KENT HOSPITALS UNIVERSITY NHS FOUNDATION TRUST,C_170,Cardiothoracic Surgery Service,2,7.0,
2026-05|RVV|C_300,2026-05,RVV,EAST KENT HOSPITALS UNIVERSITY NHS FOUNDATION TRUST,C_300,General Internal Medicine Service,23,9.5,
2026-05|RVV|C_301,2026-05,RVV,EAST KENT HOSPITALS UNIVERSITY NHS FOUNDATION TRUST,C_301,Gastroenterology Service,5125,13.8,
2026-05|RVV|C_320,2026-05,RVV,EAST KENT HOSPITALS UNIVERSITY NHS FOUNDATION TRUST,C_320,Cardiology Service,5044,17.6,
2026-05|RVV|C_330,2026-05,RVV,EAST KENT HOSPITALS UNIVERSITY NHS FOUNDATION TRUST,C_330,Dermatology Service,5304,10.1,
2026-05|RVV|C_340,2026-05,RVV,EAST KENT HOSPITALS UNIVERSITY NHS FOUNDATION TRUST,C_340,Respiratory Medicine Service,4757,18.0,
2026-05|RVV|C_400,2026-05,RVV,EAST KENT HOSPITALS UNIVERSITY NHS FOUNDATION TRUST,C_400,Neurology Service,1553,10.8,
2026-05|RVV|C_410,2026-05,RVV,EAST KENT HOSPITALS UNIVERSITY NHS FOUNDATION TRUST,C_410,Rheumatology Service,3106,22.2,
2026-05|RVV|C_430,2026-05,RVV,EAST KENT HOSPITALS UNIVERSITY NHS FOUNDATION TRUST,C_430,Elderly Medicine Service,328,6.1,
2026-05|RVV|C_502,2026-05,RVV,EAST KENT HOSPITALS UNIVERSITY NHS FOUNDATION TRUST,C_502,Gynaecology Service,6470,14.1,
2026-05|RVV|C_999,2026-05,RVV,EAST KENT HOSPITALS UNIVERSITY NHS FOUNDATION TRUST,C_999,Total,82010,15.3,
2026-05|RVV|X02,2026-05,RVV,EAST KENT HOSPITALS UNIVERSITY NHS FOUNDATION TRUST,X02,Other - Medical Services,3078,11.7,
2026-05|RVV|X04,2026-05,RVV,EAST KENT HOSPITALS UNIVERSITY NHS FOUNDATION TRUST,X04,Other - Paediatric Services,715,3.4,
2026-05|RVV|X05,2026-05,RVV,EAST KENT HOSPITALS UNIVERSITY NHS FOUNDATION TRUST,X05,Other - Surgical Services,5615,16.8,
2026-05|RVV|X06,2026-05,RVV,EAST KENT HOSPITALS UNIVERSITY NHS FOUNDATION TRUST,X06,Other - Other Services,172,16.2,
2026-05|RVW|C_100,2026-05,RVW,NORTH TEES AND HARTLEPOOL NHS FOUNDATION TRUST,C_100,General Surgery Service,2553,14.5,
2026-05|RVW|C_101,2026-05,RVW,NORTH TEES AND HARTLEPOOL NHS FOUNDATION TRUST,C_101,Urology Service,1996,11.5,
2026-05|RVW|C_110,2026-05,RVW,NORTH TEES AND HARTLEPOOL NHS FOUNDATION TRUST,C_110,Trauma and Orthopaedic Service,6561,8.1,
2026-05|RVW|C_300,2026-05,RVW,NORTH TEES AND HARTLEPOOL NHS FOUNDATION TRUST,C_300,General Internal Medicine Service,221,5.3,
2026-05|RVW|C_301,2026-05,RVW,NORTH TEES AND HARTLEPOOL NHS FOUNDATION TRUST,C_301,Gastroenterology Service,1199,9.0,
2026-05|RVW|C_320,2026-05,RVW,NORTH TEES AND HARTLEPOOL NHS FOUNDATION TRUST,C_320,Cardiology Service,635,7.1,
2026-05|RVW|C_340,2026-05,RVW,NORTH TEES AND HARTLEPOOL NHS FOUNDATION TRUST,C_340,Respiratory Medicine Service,757,9.7,
2026-05|RVW|C_410,2026-05,RVW,NORTH TEES AND HARTLEPOOL NHS FOUNDATION TRUST,C_410,Rheumatology Service,573,9.2,
2026-05|RVW|C_430,2026-05,RVW,NORTH TEES AND HARTLEPOOL NHS FOUNDATION TRUST,C_430,Elderly Medicine Service,194,6.8,
2026-05|RVW|C_502,2026-05,RVW,NORTH TEES AND HARTLEPOOL NHS FOUNDATION TRUST,C_502,Gynaecology Service,3068,14.8,
2026-05|RVW|C_999,2026-05,RVW,NORTH TEES AND HARTLEPOOL NHS FOUNDATION TRUST,C_999,Total,22873,10.4,
2026-05|RVW|X04,2026-05,RVW,NORTH TEES AND HARTLEPOOL NHS FOUNDATION TRUST,X04,Other - Paediatric Services,1697,13.8,
2026-05|RVW|X05,2026-05,RVW,NORTH TEES AND HARTLEPOOL NHS FOUNDATION TRUST,X05,Other - Surgical Services,1412,3.5,
2026-05|RVW|X06,2026-05,RVW,NORTH TEES AND HARTLEPOOL NHS FOUNDATION TRUST,X06,Other - Other Services,2007,14.6,
2026-05|RW1|C_100,2026-05,RW1,HAMPSHIRE AND ISLE OF WIGHT HEALTHCARE NHS FOUNDATION TRUST,C_100,General Surgery Service,1,0.5,
2026-05|RW1|C_110,2026-05,RW1,HAMPSHIRE AND ISLE OF WIGHT HEALTHCARE NHS FOUNDATION TRUST,C_110,Trauma and Orthopaedic Service,3433,8.3,
2026-05|RW1|C_120,2026-05,RW1,HAMPSHIRE AND ISLE OF WIGHT HEALTHCARE NHS FOUNDATION TRUST,C_120,Ear Nose and Throat Service,36,1.9,
2026-05|RW1|C_300,2026-05,RW1,HAMPSHIRE AND ISLE OF WIGHT HEALTHCARE NHS FOUNDATION TRUST,C_300,General Internal Medicine Service,236,4.7,
2026-05|RW1|C_301,2026-05,RW1,HAMPSHIRE AND ISLE OF WIGHT HEALTHCARE NHS FOUNDATION TRUST,C_301,Gastroenterology Service,126,4.5,
2026-05|RW1|C_320,2026-05,RW1,HAMPSHIRE AND ISLE OF WIGHT HEALTHCARE NHS FOUNDATION TRUST,C_320,Cardiology Service,282,8.5,
2026-05|RW1|C_340,2026-05,RW1,HAMPSHIRE AND ISLE OF WIGHT HEALTHCARE NHS FOUNDATION TRUST,C_340,Respiratory Medicine Service,35,3.1,
2026-05|RW1|C_410,2026-05,RW1,HAMPSHIRE AND ISLE OF WIGHT HEALTHCARE NHS FOUNDATION TRUST,C_410,Rheumatology Service,82,4.6,
2026-05|RW1|C_430,2026-05,RW1,HAMPSHIRE AND ISLE OF WIGHT HEALTHCARE NHS FOUNDATION TRUST,C_430,Elderly Medicine Service,24,1.8,
2026-05|RW1|C_999,2026-05,RW1,HAMPSHIRE AND ISLE OF WIGHT HEALTHCARE NHS FOUNDATION TRUST,C_999,Total,4480,7.0,
2026-05|RW1|X02,2026-05,RW1,HAMPSHIRE AND ISLE OF WIGHT HEALTHCARE NHS FOUNDATION TRUST,X02,Other - Medical Services,190,3.2,
2026-05|RW1|X04,2026-05,RW1,HAMPSHIRE AND ISLE OF WIGHT HEALTHCARE NHS FOUNDATION TRUST,X04,Other - Paediatric Services,20,1.9,
2026-05|RW1|X05,2026-05,RW1,HAMPSHIRE AND ISLE OF WIGHT HEALTHCARE NHS FOUNDATION TRUST,X05,Other - Surgical Services,15,6.8,
2026-05|RW5|C_110,2026-05,RW5,LANCASHIRE & SOUTH CUMBRIA NHS FOUNDATION TRUST,C_110,Trauma and Orthopaedic Service,3678,6.1,
2026-05|RW5|C_410,2026-05,RW5,LANCASHIRE & SOUTH CUMBRIA NHS FOUNDATION TRUST,C_410,Rheumatology Service,463,7.5,
2026-05|RW5|C_999,2026-05,RW5,LANCASHIRE & SOUTH CUMBRIA NHS FOUNDATION TRUST,C_999,Total,4141,6.4,
2026-05|RWA|C_100,2026-05,RWA,HULL UNIVERSITY TEACHING HOSPITALS NHS TRUST,C_100,General Surgery Service,7644,14.5,
2026-05|RWA|C_101,2026-05,RWA,HULL UNIVERSITY TEACHING HOSPITALS NHS TRUST,C_101,Urology Service,4135,15.8,
2026-05|RWA|C_110,2026-05,RWA,HULL UNIVERSITY TEACHING HOSPITALS NHS TRUST,C_110,Trauma and Orthopaedic Service,4477,14.6,
2026-05|RWA|C_120,2026-05,RWA,HULL UNIVERSITY TEACHING HOSPITALS NHS TRUST,C_120,Ear Nose and Throat Service,6775,18.0,
2026-05|RWA|C_130,2026-05,RWA,HULL UNIVERSITY TEACHING HOSPITALS NHS TRUST,C_130,Ophthalmology Service,9234,12.7,
2026-05|RWA|C_140,2026-05,RWA,HULL UNIVERSITY TEACHING HOSPITALS NHS TRUST,C_140,Oral Surgery Service,2691,18.8,
2026-05|RWA|C_150,2026-05,RWA,HULL UNIVERSITY TEACHING HOSPITALS NHS TRUST,C_150,Neurosurgical Service,3381,12.5,
2026-05|RWA|C_160,2026-05,RWA,HULL UNIVERSITY TEACHING HOSPITALS NHS TRUST,C_160,Plastic Surgery Service,4340,23.2,
2026-05|RWA|C_170,2026-05,RWA,HULL UNIVERSITY TEACHING HOSPITALS NHS TRUST,C_170,Cardiothoracic Surgery Service,340,10.8,
2026-05|RWA|C_300,2026-05,RWA,HULL UNIVERSITY TEACHING HOSPITALS NHS TRUST,C_300,General Internal Medicine Service,574,8.8,
2026-05|RWA|C_301,2026-05,RWA,HULL UNIVERSITY TEACHING HOSPITALS NHS TRUST,C_301,Gastroenterology Service,3285,17.2,
2026-05|RWA|C_320,2026-05,RWA,HULL UNIVERSITY TEACHING HOSPITALS NHS TRUST,C_320,Cardiology Service,4936,16.7,
2026-05|RWA|C_330,2026-05,RWA,HULL UNIVERSITY TEACHING HOSPITALS NHS TRUST,C_330,Dermatology Service,3933,19.5,
2026-05|RWA|C_340,2026-05,RWA,HULL UNIVERSITY TEACHING HOSPITALS NHS TRUST,C_340,Respiratory Medicine Service,2899,12.5,
2026-05|RWA|C_400,2026-05,RWA,HULL UNIVERSITY TEACHING HOSPITALS NHS TRUST,C_400,Neurology Service,4706,15.1,
2026-05|RWA|C_410,2026-05,RWA,HULL UNIVERSITY TEACHING HOSPITALS NHS TRUST,C_410,Rheumatology Service,1058,12.3,
2026-05|RWA|C_430,2026-05,RWA,HULL UNIVERSITY TEACHING HOSPITALS NHS TRUST,C_430,Elderly Medicine Service,84,8.5,
2026-05|RWA|C_502,2026-05,RWA,HULL UNIVERSITY TEACHING HOSPITALS NHS TRUST,C_502,Gynaecology Service,6595,18.2,
2026-05|RWA|C_999,2026-05,RWA,HULL UNIVERSITY TEACHING HOSPITALS NHS TRUST,C_999,Total,84209,15.0,
2026-05|RWA|X02,2026-05,RWA,HULL UNIVERSITY TEACHING HOSPITALS NHS TRUST,X02,Other - Medical Services,6888,13.2,
2026-05|RWA|X03,2026-05,RWA,HULL UNIVERSITY TEACHING HOSPITALS NHS TRUST,X03,Other - Mental Health Services,8,9.0,
2026-05|RWA|X04,2026-05,RWA,HULL UNIVERSITY TEACHING HOSPITALS NHS TRUST,X04,Other - Paediatric Services,1513,10.9,
2026-05|RWA|X05,2026-05,RWA,HULL UNIVERSITY TEACHING HOSPITALS NHS TRUST,X05,Other - Surgical Services,1279,8.9,
2026-05|RWA|X06,2026-05,RWA,HULL UNIVERSITY TEACHING HOSPITALS NHS TRUST,X06,Other - Other Services,3434,11.5,
2026-05|RWD|C_100,2026-05,RWD,UNITED LINCOLNSHIRE TEACHING HOSPITALS NHS TRUST,C_100,General Surgery Service,4895,11.2,
2026-05|RWD|C_101,2026-05,RWD,UNITED LINCOLNSHIRE TEACHING HOSPITALS NHS TRUST,C_101,Urology Service,3728,11.8,
2026-05|RWD|C_110,2026-05,RWD,UNITED LINCOLNSHIRE TEACHING HOSPITALS NHS TRUST,C_110,Trauma and Orthopaedic Service,6551,14.8,
2026-05|RWD|C_120,2026-05,RWD,UNITED LINCOLNSHIRE TEACHING HOSPITALS NHS TRUST,C_120,Ear Nose and Throat Service,9715,18.0,
2026-05|RWD|C_130,2026-05,RWD,UNITED LINCOLNSHIRE TEACHING HOSPITALS NHS TRUST,C_130,Ophthalmology Service,5875,11.7,
2026-05|RWD|C_140,2026-05,RWD,UNITED LINCOLNSHIRE TEACHING HOSPITALS NHS TRUST,C_140,Oral Surgery Service,2891,18.1,
2026-05|RWD|C_300,2026-05,RWD,UNITED LINCOLNSHIRE TEACHING HOSPITALS NHS TRUST,C_300,General Internal Medicine Service,893,13.6,
2026-05|RWD|C_301,2026-05,RWD,UNITED LINCOLNSHIRE TEACHING HOSPITALS NHS TRUST,C_301,Gastroenterology Service,5220,15.1,
2026-05|RWD|C_320,2026-05,RWD,UNITED LINCOLNSHIRE TEACHING HOSPITALS NHS TRUST,C_320,Cardiology Service,939,5.8,
2026-05|RWD|C_330,2026-05,RWD,UNITED LINCOLNSHIRE TEACHING HOSPITALS NHS TRUST,C_330,Dermatology Service,4992,12.5,
2026-05|RWD|C_340,2026-05,RWD,UNITED LINCOLNSHIRE TEACHING HOSPITALS NHS TRUST,C_340,Respiratory Medicine Service,1512,11.5,
2026-05|RWD|C_400,2026-05,RWD,UNITED LINCOLNSHIRE TEACHING HOSPITALS NHS TRUST,C_400,Neurology Service,2510,15.2,
2026-05|RWD|C_410,2026-05,RWD,UNITED LINCOLNSHIRE TEACHING HOSPITALS NHS TRUST,C_410,Rheumatology Service,1762,18.8,
2026-05|RWD|C_430,2026-05,RWD,UNITED LINCOLNSHIRE TEACHING HOSPITALS NHS TRUST,C_430,Elderly Medicine Service,385,13.0,
2026-05|RWD|C_502,2026-05,RWD,UNITED LINCOLNSHIRE TEACHING HOSPITALS NHS TRUST,C_502,Gynaecology Service,6236,16.6,
2026-05|RWD|C_999,2026-05,RWD,UNITED LINCOLNSHIRE TEACHING HOSPITALS NHS TRUST,C_999,Total,69131,14.0,
2026-05|RWD|X02,2026-05,RWD,UNITED LINCOLNSHIRE TEACHING HOSPITALS NHS TRUST,X02,Other - Medical Services,5346,10.3,
2026-05|RWD|X04,2026-05,RWD,UNITED LINCOLNSHIRE TEACHING HOSPITALS NHS TRUST,X04,Other - Paediatric Services,1358,18.1,
2026-05|RWD|X05,2026-05,RWD,UNITED LINCOLNSHIRE TEACHING HOSPITALS NHS TRUST,X05,Other - Surgical Services,4005,16.6,
2026-05|RWD|X06,2026-05,RWD,UNITED LINCOLNSHIRE TEACHING HOSPITALS NHS TRUST,X06,Other - Other Services,318,7.7,
2026-05|RWE|C_100,2026-05,RWE,UNIVERSITY HOSPITALS OF LEICESTER NHS TRUST,C_100,General Surgery Service,6800,13.3,
2026-05|RWE|C_101,2026-05,RWE,UNIVERSITY HOSPITALS OF LEICESTER NHS TRUST,C_101,Urology Service,3670,9.6,
2026-05|RWE|C_110,2026-05,RWE,UNIVERSITY HOSPITALS OF LEICESTER NHS TRUST,C_110,Trauma and Orthopaedic Service,11697,23.8,
2026-05|RWE|C_120,2026-05,RWE,UNIVERSITY HOSPITALS OF LEICESTER NHS TRUST,C_120,Ear Nose and Throat Service,7254,17.1,
2026-05|RWE|C_130,2026-05,RWE,UNIVERSITY HOSPITALS OF LEICESTER NHS TRUST,C_130,Ophthalmology Service,9875,9.8,
2026-05|RWE|C_140,2026-05,RWE,UNIVERSITY HOSPITALS OF LEICESTER NHS TRUST,C_140,Oral Surgery Service,7179,20.0,
2026-05|RWE|C_150,2026-05,RWE,UNIVERSITY HOSPITALS OF LEICESTER NHS TRUST,C_150,Neurosurgical Service,165,23.2,
2026-05|RWE|C_160,2026-05,RWE,UNIVERSITY HOSPITALS OF LEICESTER NHS TRUST,C_160,Plastic Surgery Service,1247,16.6,
2026-05|RWE|C_170,2026-05,RWE,UNIVERSITY HOSPITALS OF LEICESTER NHS TRUST,C_170,Cardiothoracic Surgery Service,482,9.6,
2026-05|RWE|C_300,2026-05,RWE,UNIVERSITY HOSPITALS OF LEICESTER NHS TRUST,C_300,General Internal Medicine Service,160,1.8,
2026-05|RWE|C_301,2026-05,RWE,UNIVERSITY HOSPITALS OF LEICESTER NHS TRUST,C_301,Gastroenterology Service,4884,14.9,
2026-05|RWE|C_320,2026-05,RWE,UNIVERSITY HOSPITALS OF LEICESTER NHS TRUST,C_320,Cardiology Service,5991,12.9,
2026-05|RWE|C_330,2026-05,RWE,UNIVERSITY HOSPITALS OF LEICESTER NHS TRUST,C_330,Dermatology Service,2374,5.5,
2026-05|RWE|C_340,2026-05,RWE,UNIVERSITY HOSPITALS OF LEICESTER NHS TRUST,C_340,Respiratory Medicine Service,2347,9.2,
2026-05|RWE|C_400,2026-05,RWE,UNIVERSITY HOSPITALS OF LEICESTER NHS TRUST,C_400,Neurology Service,4012,24.5,
2026-05|RWE|C_410,2026-05,RWE,UNIVERSITY HOSPITALS OF LEICESTER NHS TRUST,C_410,Rheumatology Service,4210,20.2,
2026-05|RWE|C_430,2026-05,RWE,UNIVERSITY HOSPITALS OF LEICESTER NHS TRUST,C_430,Elderly Medicine Service,554,8.9,
2026-05|RWE|C_502,2026-05,RWE,UNIVERSITY HOSPITALS OF LEICESTER NHS TRUST,C_502,Gynaecology Service,9387,14.8,
2026-05|RWE|C_999,2026-05,RWE,UNIVERSITY HOSPITALS OF LEICESTER NHS TRUST,C_999,Total,116019,14.4,
2026-05|RWE|X02,2026-05,RWE,UNIVERSITY HOSPITALS OF LEICESTER NHS TRUST,X02,Other - Medical Services,15240,13.5,
2026-05|RWE|X04,2026-05,RWE,UNIVERSITY HOSPITALS OF LEICESTER NHS TRUST,X04,Other - Paediatric Services,8055,12.6,
2026-05|RWE|X05,2026-05,RWE,UNIVERSITY HOSPITALS OF LEICESTER NHS TRUST,X05,Other - Surgical Services,6798,14.5,
2026-05|RWE|X06,2026-05,RWE,UNIVERSITY HOSPITALS OF LEICESTER NHS TRUST,X06,Other - Other Services,3638,13.1,
2026-05|RWF|C_100,2026-05,RWF,MAIDSTONE AND TUNBRIDGE WELLS NHS TRUST,C_100,General Surgery Service,5596,10.8,
2026-05|RWF|C_101,2026-05,RWF,MAIDSTONE AND TUNBRIDGE WELLS NHS TRUST,C_101,Urology Service,2414,7.2,
2026-05|RWF|C_110,2026-05,RWF,MAIDSTONE AND TUNBRIDGE WELLS NHS TRUST,C_110,Trauma and Orthopaedic Service,4061,10.1,
2026-05|RWF|C_120,2026-05,RWF,MAIDSTONE AND TUNBRIDGE WELLS NHS TRUST,C_120,Ear Nose and Throat Service,5828,13.3,
2026-05|RWF|C_130,2026-05,RWF,MAIDSTONE AND TUNBRIDGE WELLS NHS TRUST,C_130,Ophthalmology Service,6416,8.7,
2026-05|RWF|C_170,2026-05,RWF,MAIDSTONE AND TUNBRIDGE WELLS NHS TRUST,C_170,Cardiothoracic Surgery Service,30,5.0,
2026-05|RWF|C_300,2026-05,RWF,MAIDSTONE AND TUNBRIDGE WELLS NHS TRUST,C_300,General Internal Medicine Service,1,14.5,
2026-05|RWF|C_301,2026-05,RWF,MAIDSTONE AND TUNBRIDGE WELLS NHS TRUST,C_301,Gastroenterology Service,3060,13.2,
2026-05|RWF|C_320,2026-05,RWF,MAIDSTONE AND TUNBRIDGE WELLS NHS TRUST,C_320,Cardiology Service,2338,10.7,
2026-05|RWF|C_340,2026-05,RWF,MAIDSTONE AND TUNBRIDGE WELLS NHS TRUST,C_340,Respiratory Medicine Service,1285,8.9,
2026-05|RWF|C_400,2026-05,RWF,MAIDSTONE AND TUNBRIDGE WELLS NHS TRUST,C_400,Neurology Service,1788,12.7,
2026-05|RWF|C_410,2026-05,RWF,MAIDSTONE AND TUNBRIDGE WELLS NHS TRUST,C_410,Rheumatology Service,373,3.1,
2026-05|RWF|C_430,2026-05,RWF,MAIDSTONE AND TUNBRIDGE WELLS NHS TRUST,C_430,Elderly Medicine Service,168,3.7,
2026-05|RWF|C_502,2026-05,RWF,MAIDSTONE AND TUNBRIDGE WELLS NHS TRUST,C_502,Gynaecology Service,5329,10.8,
2026-05|RWF|C_999,2026-05,RWF,MAIDSTONE AND TUNBRIDGE WELLS NHS TRUST,C_999,Total,50333,10.2,
2026-05|RWF|X02,2026-05,RWF,MAIDSTONE AND TUNBRIDGE WELLS NHS TRUST,X02,Other - Medical Services,5910,8.6,
2026-05|RWF|X04,2026-05,RWF,MAIDSTONE AND TUNBRIDGE WELLS NHS TRUST,X04,Other - Paediatric Services,4605,13.6,
2026-05|RWF|X05,2026-05,RWF,MAIDSTONE AND TUNBRIDGE WELLS NHS TRUST,X05,Other - Surgical Services,1131,5.7,
2026-05|RWG|C_100,2026-05,RWG,WEST HERTFORDSHIRE TEACHING HOSPITALS NHS TRUST,C_100,General Surgery Service,3322,15.6,
2026-05|RWG|C_101,2026-05,RWG,WEST HERTFORDSHIRE TEACHING HOSPITALS NHS TRUST,C_101,Urology Service,2912,12.1,
2026-05|RWG|C_110,2026-05,RWG,WEST HERTFORDSHIRE TEACHING HOSPITALS NHS TRUST,C_110,Trauma and Orthopaedic Service,4566,15.8,
2026-05|RWG|C_120,2026-05,RWG,WEST HERTFORDSHIRE TEACHING HOSPITALS NHS TRUST,C_120,Ear Nose and Throat Service,3289,19.9,
2026-05|RWG|C_130,2026-05,RWG,WEST HERTFORDSHIRE TEACHING HOSPITALS NHS TRUST,C_130,Ophthalmology Service,3473,13.6,
2026-05|RWG|C_140,2026-05,RWG,WEST HERTFORDSHIRE TEACHING HOSPITALS NHS TRUST,C_140,Oral Surgery Service,2747,15.7,
2026-05|RWG|C_300,2026-05,RWG,WEST HERTFORDSHIRE TEACHING HOSPITALS NHS TRUST,C_300,General Internal Medicine Service,48,4.6,
2026-05|RWG|C_301,2026-05,RWG,WEST HERTFORDSHIRE TEACHING HOSPITALS NHS TRUST,C_301,Gastroenterology Service,3571,10.3,
2026-05|RWG|C_320,2026-05,RWG,WEST HERTFORDSHIRE TEACHING HOSPITALS NHS TRUST,C_320,Cardiology Service,4624,12.1,
2026-05|RWG|C_330,2026-05,RWG,WEST HERTFORDSHIRE TEACHING HOSPITALS NHS TRUST,C_330,Dermatology Service,3640,10.4,
2026-05|RWG|C_340,2026-05,RWG,WEST HERTFORDSHIRE TEACHING HOSPITALS NHS TRUST,C_340,Respiratory Medicine Service,1802,9.4,
2026-05|RWG|C_400,2026-05,RWG,WEST HERTFORDSHIRE TEACHING HOSPITALS NHS TRUST,C_400,Neurology Service,1312,12.9,
2026-05|RWG|C_410,2026-05,RWG,WEST HERTFORDSHIRE TEACHING HOSPITALS NHS TRUST,C_410,Rheumatology Service,1076,11.3,
2026-05|RWG|C_430,2026-05,RWG,WEST HERTFORDSHIRE TEACHING HOSPITALS NHS TRUST,C_430,Elderly Medicine Service,48,6.0,
2026-05|RWG|C_502,2026-05,RWG,WEST HERTFORDSHIRE TEACHING HOSPITALS NHS TRUST,C_502,Gynaecology Service,2230,11.8,
2026-05|RWG|C_999,2026-05,RWG,WEST HERTFORDSHIRE TEACHING HOSPITALS NHS TRUST,C_999,Total,45479,12.4,
2026-05|RWG|X02,2026-05,RWG,WEST HERTFORDSHIRE TEACHING HOSPITALS NHS TRUST,X02,Other - Medical Services,3590,10.0,
2026-05|RWG|X03,2026-05,RWG,WEST HERTFORDSHIRE TEACHING HOSPITALS NHS TRUST,X03,Other - Mental Health Services,4,2.0,
2026-05|RWG|X04,2026-05,RWG,WEST HERTFORDSHIRE TEACHING HOSPITALS NHS TRUST,X04,Other - Paediatric Services,1902,14.1,
2026-05|RWG|X05,2026-05,RWG,WEST HERTFORDSHIRE TEACHING HOSPITALS NHS TRUST,X05,Other - Surgical Services,1153,7.0,
2026-05|RWG|X06,2026-05,RWG,WEST HERTFORDSHIRE TEACHING HOSPITALS NHS TRUST,X06,Other - Other Services,170,5.4,
2026-05|RWH|C_100,2026-05,RWH,EAST AND NORTH HERTFORDSHIRE TEACHING NHS TRUST,C_100,General Surgery Service,1905,11.9,
2026-05|RWH|C_101,2026-05,RWH,EAST AND NORTH HERTFORDSHIRE TEACHING NHS TRUST,C_101,Urology Service,4022,14.8,
2026-05|RWH|C_110,2026-05,RWH,EAST AND NORTH HERTFORDSHIRE TEACHING NHS TRUST,C_110,Trauma and Orthopaedic Service,4336,18.5,
2026-05|RWH|C_120,2026-05,RWH,EAST AND NORTH HERTFORDSHIRE TEACHING NHS TRUST,C_120,Ear Nose and Throat Service,5724,14.5,
2026-05|RWH|C_130,2026-05,RWH,EAST AND NORTH HERTFORDSHIRE TEACHING NHS TRUST,C_130,Ophthalmology Service,2650,9.3,
2026-05|RWH|C_140,2026-05,RWH,EAST AND NORTH HERTFORDSHIRE TEACHING NHS TRUST,C_140,Oral Surgery Service,1076,24.0,
2026-05|RWH|C_160,2026-05,RWH,EAST AND NORTH HERTFORDSHIRE TEACHING NHS TRUST,C_160,Plastic Surgery Service,2914,8.6,
2026-05|RWH|C_170,2026-05,RWH,EAST AND NORTH HERTFORDSHIRE TEACHING NHS TRUST,C_170,Cardiothoracic Surgery Service,127,7.4,
2026-05|RWH|C_300,2026-05,RWH,EAST AND NORTH HERTFORDSHIRE TEACHING NHS TRUST,C_300,General Internal Medicine Service,46,1.2,
2026-05|RWH|C_301,2026-05,RWH,EAST AND NORTH HERTFORDSHIRE TEACHING NHS TRUST,C_301,Gastroenterology Service,2135,14.1,
2026-05|RWH|C_320,2026-05,RWH,EAST AND NORTH HERTFORDSHIRE TEACHING NHS TRUST,C_320,Cardiology Service,3123,7.4,
2026-05|RWH|C_330,2026-05,RWH,EAST AND NORTH HERTFORDSHIRE TEACHING NHS TRUST,C_330,Dermatology Service,1377,17.1,
2026-05|RWH|C_340,2026-05,RWH,EAST AND NORTH HERTFORDSHIRE TEACHING NHS TRUST,C_340,Respiratory Medicine Service,997,6.5,
2026-05|RWH|C_400,2026-05,RWH,EAST AND NORTH HERTFORDSHIRE TEACHING NHS TRUST,C_400,Neurology Service,709,7.2,
2026-05|RWH|C_410,2026-05,RWH,EAST AND NORTH HERTFORDSHIRE TEACHING NHS TRUST,C_410,Rheumatology Service,1225,15.8,
2026-05|RWH|C_430,2026-05,RWH,EAST AND NORTH HERTFORDSHIRE TEACHING NHS TRUST,C_430,Elderly Medicine Service,151,6.8,
2026-05|RWH|C_502,2026-05,RWH,EAST AND NORTH HERTFORDSHIRE TEACHING NHS TRUST,C_502,Gynaecology Service,4297,11.5,
2026-05|RWH|C_999,2026-05,RWH,EAST AND NORTH HERTFORDSHIRE TEACHING NHS TRUST,C_999,Total,54018,12.0,
2026-05|RWH|X06,2026-05,RWH,EAST AND NORTH HERTFORDSHIRE TEACHING NHS TRUST,X06,Other - Other Services,17204,11.9,
2026-05|RWJ|C_100,2026-05,RWJ,STOCKPORT NHS FOUNDATION TRUST,C_100,General Surgery Service,3397,13.1,
2026-05|RWJ|C_101,2026-05,RWJ,STOCKPORT NHS FOUNDATION TRUST,C_101,Urology Service,2182,11.4,
2026-05|RWJ|C_110,2026-05,RWJ,STOCKPORT NHS FOUNDATION TRUST,C_110,Trauma and Orthopaedic Service,6223,14.5,
2026-05|RWJ|C_120,2026-05,RWJ,STOCKPORT NHS FOUNDATION TRUST,C_120,Ear Nose and Throat Service,4035,14.0,
2026-05|RWJ|C_130,2026-05,RWJ,STOCKPORT NHS FOUNDATION TRUST,C_130,Ophthalmology Service,4114,13.2,
2026-05|RWJ|C_140,2026-05,RWJ,STOCKPORT NHS FOUNDATION TRUST,C_140,Oral Surgery Service,16,5.4,
2026-05|RWJ|C_170,2026-05,RWJ,STOCKPORT NHS FOUNDATION TRUST,C_170,Cardiothoracic Surgery Service,7,4.5,
2026-05|RWJ|C_300,2026-05,RWJ,STOCKPORT NHS FOUNDATION TRUST,C_300,General Internal Medicine Service,7,6.2,
2026-05|RWJ|C_301,2026-05,RWJ,STOCKPORT NHS FOUNDATION TRUST,C_301,Gastroenterology Service,2896,13.9,
2026-05|RWJ|C_320,2026-05,RWJ,STOCKPORT NHS FOUNDATION TRUST,C_320,Cardiology Service,3190,16.5,
2026-05|RWJ|C_340,2026-05,RWJ,STOCKPORT NHS FOUNDATION TRUST,C_340,Respiratory Medicine Service,582,7.1,
2026-05|RWJ|C_410,2026-05,RWJ,STOCKPORT NHS FOUNDATION TRUST,C_410,Rheumatology Service,1260,13.2,
2026-05|RWJ|C_430,2026-05,RWJ,STOCKPORT NHS FOUNDATION TRUST,C_430,Elderly Medicine Service,124,2.9,
2026-05|RWJ|C_502,2026-05,RWJ,STOCKPORT NHS FOUNDATION TRUST,C_502,Gynaecology Service,2953,13.7,
2026-05|RWJ|C_999,2026-05,RWJ,STOCKPORT NHS FOUNDATION TRUST,C_999,Total,34649,13.6,
2026-05|RWJ|X02,2026-05,RWJ,STOCKPORT NHS FOUNDATION TRUST,X02,Other - Medical Services,3080,13.0,
2026-05|RWJ|X04,2026-05,RWJ,STOCKPORT NHS FOUNDATION TRUST,X04,Other - Paediatric Services,140,3.9,
2026-05|RWJ|X05,2026-05,RWJ,STOCKPORT NHS FOUNDATION TRUST,X05,Other - Surgical Services,229,21.3,
2026-05|RWJ|X06,2026-05,RWJ,STOCKPORT NHS FOUNDATION TRUST,X06,Other - Other Services,214,18.0,
2026-05|RWP|C_100,2026-05,RWP,WORCESTERSHIRE ACUTE HOSPITALS NHS TRUST,C_100,General Surgery Service,4763,14.1,
2026-05|RWP|C_101,2026-05,RWP,WORCESTERSHIRE ACUTE HOSPITALS NHS TRUST,C_101,Urology Service,5057,15.6,
2026-05|RWP|C_110,2026-05,RWP,WORCESTERSHIRE ACUTE HOSPITALS NHS TRUST,C_110,Trauma and Orthopaedic Service,5192,17.5,
2026-05|RWP|C_120,2026-05,RWP,WORCESTERSHIRE ACUTE HOSPITALS NHS TRUST,C_120,Ear Nose and Throat Service,7887,18.0,
2026-05|RWP|C_130,2026-05,RWP,WORCESTERSHIRE ACUTE HOSPITALS NHS TRUST,C_130,Ophthalmology Service,6045,12.0,
2026-05|RWP|C_140,2026-05,RWP,WORCESTERSHIRE ACUTE HOSPITALS NHS TRUST,C_140,Oral Surgery Service,3936,25.6,
2026-05|RWP|C_160,2026-05,RWP,WORCESTERSHIRE ACUTE HOSPITALS NHS TRUST,C_160,Plastic Surgery Service,16,17.5,
2026-05|RWP|C_300,2026-05,RWP,WORCESTERSHIRE ACUTE HOSPITALS NHS TRUST,C_300,General Internal Medicine Service,80,3.6,
2026-05|RWP|C_301,2026-05,RWP,WORCESTERSHIRE ACUTE HOSPITALS NHS TRUST,C_301,Gastroenterology Service,2559,9.4,
2026-05|RWP|C_320,2026-05,RWP,WORCESTERSHIRE ACUTE HOSPITALS NHS TRUST,C_320,Cardiology Service,1930,8.6,
2026-05|RWP|C_330,2026-05,RWP,WORCESTERSHIRE ACUTE HOSPITALS NHS TRUST,C_330,Dermatology Service,2377,9.9,
2026-05|RWP|C_340,2026-05,RWP,WORCESTERSHIRE ACUTE HOSPITALS NHS TRUST,C_340,Respiratory Medicine Service,1271,11.3,
2026-05|RWP|C_400,2026-05,RWP,WORCESTERSHIRE ACUTE HOSPITALS NHS TRUST,C_400,Neurology Service,754,5.1,
2026-05|RWP|C_410,2026-05,RWP,WORCESTERSHIRE ACUTE HOSPITALS NHS TRUST,C_410,Rheumatology Service,644,5.8,
2026-05|RWP|C_430,2026-05,RWP,WORCESTERSHIRE ACUTE HOSPITALS NHS TRUST,C_430,Elderly Medicine Service,38,4.8,
2026-05|RWP|C_502,2026-05,RWP,WORCESTERSHIRE ACUTE HOSPITALS NHS TRUST,C_502,Gynaecology Service,5609,14.5,
2026-05|RWP|C_999,2026-05,RWP,WORCESTERSHIRE ACUTE HOSPITALS NHS TRUST,C_999,Total,57652,13.2,
2026-05|RWP|X02,2026-05,RWP,WORCESTERSHIRE ACUTE HOSPITALS NHS TRUST,X02,Other - Medical Services,5047,11.9,
2026-05|RWP|X04,2026-05,RWP,WORCESTERSHIRE ACUTE HOSPITALS NHS TRUST,X04,Other - Paediatric Services,124,7.0,
2026-05|RWP|X05,2026-05,RWP,WORCESTERSHIRE ACUTE HOSPITALS NHS TRUST,X05,Other - Surgical Services,2387,8.8,
2026-05|RWP|X06,2026-05,RWP,WORCESTERSHIRE ACUTE HOSPITALS NHS TRUST,X06,Other - Other Services,1936,7.0,
2026-05|RWW|C_100,2026-05,RWW,NORTH CHESHIRE AND MERSEY NHS FOUNDATION TRUST,C_100,General Surgery Service,715,8.7,
2026-05|RWW|C_101,2026-05,RWW,NORTH CHESHIRE AND MERSEY NHS FOUNDATION TRUST,C_101,Urology Service,2158,12.0,
2026-05|RWW|C_110,2026-05,RWW,NORTH CHESHIRE AND MERSEY NHS FOUNDATION TRUST,C_110,Trauma and Orthopaedic Service,3459,18.2,
2026-05|RWW|C_120,2026-05,RWW,NORTH CHESHIRE AND MERSEY NHS FOUNDATION TRUST,C_120,Ear Nose and Throat Service,3259,15.0,
2026-05|RWW|C_130,2026-05,RWW,NORTH CHESHIRE AND MERSEY NHS FOUNDATION TRUST,C_130,Ophthalmology Service,2247,7.4,
2026-05|RWW|C_300,2026-05,RWW,NORTH CHESHIRE AND MERSEY NHS FOUNDATION TRUST,C_300,General Internal Medicine Service,53,6.4,
2026-05|RWW|C_301,2026-05,RWW,NORTH CHESHIRE AND MERSEY NHS FOUNDATION TRUST,C_301,Gastroenterology Service,2816,11.0,
2026-05|RWW|C_320,2026-05,RWW,NORTH CHESHIRE AND MERSEY NHS FOUNDATION TRUST,C_320,Cardiology Service,1762,11.7,
2026-05|RWW|C_340,2026-05,RWW,NORTH CHESHIRE AND MERSEY NHS FOUNDATION TRUST,C_340,Respiratory Medicine Service,1049,11.9,
2026-05|RWW|C_410,2026-05,RWW,NORTH CHESHIRE AND MERSEY NHS FOUNDATION TRUST,C_410,Rheumatology Service,1257,17.5,
2026-05|RWW|C_430,2026-05,RWW,NORTH CHESHIRE AND MERSEY NHS FOUNDATION TRUST,C_430,Elderly Medicine Service,279,17.0,
2026-05|RWW|C_502,2026-05,RWW,NORTH CHESHIRE AND MERSEY NHS FOUNDATION TRUST,C_502,Gynaecology Service,3479,13.3,
2026-05|RWW|C_999,2026-05,RWW,NORTH CHESHIRE AND MERSEY NHS FOUNDATION TRUST,C_999,Total,33932,13.1,
2026-05|RWW|X02,2026-05,RWW,NORTH CHESHIRE AND MERSEY NHS FOUNDATION TRUST,X02,Other - Medical Services,3408,15.6,
2026-05|RWW|X04,2026-05,RWW,NORTH CHESHIRE AND MERSEY NHS FOUNDATION TRUST,X04,Other - Paediatric Services,1949,9.9,
2026-05|RWW|X05,2026-05,RWW,NORTH CHESHIRE AND MERSEY NHS FOUNDATION TRUST,X05,Other - Surgical Services,5457,14.3,
2026-05|RWW|X06,2026-05,RWW,NORTH CHESHIRE AND MERSEY NHS FOUNDATION TRUST,X06,Other - Other Services,585,21.6,
2026-05|RWX|C_999,2026-05,RWX,BERKSHIRE HEALTHCARE NHS FOUNDATION TRUST,C_999,Total,115,5.5,
2026-05|RWX|X04,2026-05,RWX,BERKSHIRE HEALTHCARE NHS FOUNDATION TRUST,X04,Other - Paediatric Services,115,5.5,
2026-05|RWY|C_100,2026-05,RWY,CALDERDALE AND HUDDERSFIELD NHS FOUNDATION TRUST,C_100,General Surgery Service,5387,9.8,
2026-05|RWY|C_101,2026-05,RWY,CALDERDALE AND HUDDERSFIELD NHS FOUNDATION TRUST,C_101,Urology Service,1914,9.7,
2026-05|RWY|C_110,2026-05,RWY,CALDERDALE AND HUDDERSFIELD NHS FOUNDATION TRUST,C_110,Trauma and Orthopaedic Service,2486,10.5,
2026-05|RWY|C_120,2026-05,RWY,CALDERDALE AND HUDDERSFIELD NHS FOUNDATION TRUST,C_120,Ear Nose and Throat Service,5421,14.2,
2026-05|RWY|C_130,2026-05,RWY,CALDERDALE AND HUDDERSFIELD NHS FOUNDATION TRUST,C_130,Ophthalmology Service,2359,6.5,
2026-05|RWY|C_140,2026-05,RWY,CALDERDALE AND HUDDERSFIELD NHS FOUNDATION TRUST,C_140,Oral Surgery Service,1894,15.7,
2026-05|RWY|C_160,2026-05,RWY,CALDERDALE AND HUDDERSFIELD NHS FOUNDATION TRUST,C_160,Plastic Surgery Service,572,14.7,
2026-05|RWY|C_300,2026-05,RWY,CALDERDALE AND HUDDERSFIELD NHS FOUNDATION TRUST,C_300,General Internal Medicine Service,91,10.2,
2026-05|RWY|C_301,2026-05,RWY,CALDERDALE AND HUDDERSFIELD NHS FOUNDATION TRUST,C_301,Gastroenterology Service,2735,10.6,
2026-05|RWY|C_320,2026-05,RWY,CALDERDALE AND HUDDERSFIELD NHS FOUNDATION TRUST,C_320,Cardiology Service,1827,9.4,
2026-05|RWY|C_330,2026-05,RWY,CALDERDALE AND HUDDERSFIELD NHS FOUNDATION TRUST,C_330,Dermatology Service,1474,5.8,
2026-05|RWY|C_340,2026-05,RWY,CALDERDALE AND HUDDERSFIELD NHS FOUNDATION TRUST,C_340,Respiratory Medicine Service,969,10.3,
2026-05|RWY|C_400,2026-05,RWY,CALDERDALE AND HUDDERSFIELD NHS FOUNDATION TRUST,C_400,Neurology Service,856,6.9,
2026-05|RWY|C_410,2026-05,RWY,CALDERDALE AND HUDDERSFIELD NHS FOUNDATION TRUST,C_410,Rheumatology Service,1075,11.2,
2026-05|RWY|C_430,2026-05,RWY,CALDERDALE AND HUDDERSFIELD NHS FOUNDATION TRUST,C_430,Elderly Medicine Service,173,10.6,
2026-05|RWY|C_502,2026-05,RWY,CALDERDALE AND HUDDERSFIELD NHS FOUNDATION TRUST,C_502,Gynaecology Service,2984,11.2,
2026-05|RWY|C_999,2026-05,RWY,CALDERDALE AND HUDDERSFIELD NHS FOUNDATION TRUST,C_999,Total,36074,10.4,
2026-05|RWY|X02,2026-05,RWY,CALDERDALE AND HUDDERSFIELD NHS FOUNDATION TRUST,X02,Other - Medical Services,1611,9.2,
2026-05|RWY|X04,2026-05,RWY,CALDERDALE AND HUDDERSFIELD NHS FOUNDATION TRUST,X04,Other - Paediatric Services,1668,10.4,
2026-05|RWY|X05,2026-05,RWY,CALDERDALE AND HUDDERSFIELD NHS FOUNDATION TRUST,X05,Other - Surgical Services,358,10.1,
2026-05|RWY|X06,2026-05,RWY,CALDERDALE AND HUDDERSFIELD NHS FOUNDATION TRUST,X06,Other - Other Services,220,6.2,
2026-05|RX1|C_100,2026-05,RX1,NOTTINGHAM UNIVERSITY HOSPITALS NHS TRUST,C_100,General Surgery Service,988,14.6,
2026-05|RX1|C_101,2026-05,RX1,NOTTINGHAM UNIVERSITY HOSPITALS NHS TRUST,C_101,Urology Service,3219,13.2,
2026-05|RX1|C_110,2026-05,RX1,NOTTINGHAM UNIVERSITY HOSPITALS NHS TRUST,C_110,Trauma and Orthopaedic Service,7818,15.6,
2026-05|RX1|C_120,2026-05,RX1,NOTTINGHAM UNIVERSITY HOSPITALS NHS TRUST,C_120,Ear Nose and Throat Service,8207,13.0,
2026-05|RX1|C_130,2026-05,RX1,NOTTINGHAM UNIVERSITY HOSPITALS NHS TRUST,C_130,Ophthalmology Service,6722,13.0,
2026-05|RX1|C_140,2026-05,RX1,NOTTINGHAM UNIVERSITY HOSPITALS NHS TRUST,C_140,Oral Surgery Service,2211,19.3,
2026-05|RX1|C_150,2026-05,RX1,NOTTINGHAM UNIVERSITY HOSPITALS NHS TRUST,C_150,Neurosurgical Service,1003,10.6,
2026-05|RX1|C_160,2026-05,RX1,NOTTINGHAM UNIVERSITY HOSPITALS NHS TRUST,C_160,Plastic Surgery Service,966,15.2,
2026-05|RX1|C_170,2026-05,RX1,NOTTINGHAM UNIVERSITY HOSPITALS NHS TRUST,C_170,Cardiothoracic Surgery Service,243,8.2,
2026-05|RX1|C_300,2026-05,RX1,NOTTINGHAM UNIVERSITY HOSPITALS NHS TRUST,C_300,General Internal Medicine Service,2,44.0,
2026-05|RX1|C_301,2026-05,RX1,NOTTINGHAM UNIVERSITY HOSPITALS NHS TRUST,C_301,Gastroenterology Service,8240,12.5,
2026-05|RX1|C_320,2026-05,RX1,NOTTINGHAM UNIVERSITY HOSPITALS NHS TRUST,C_320,Cardiology Service,1357,8.4,
2026-05|RX1|C_330,2026-05,RX1,NOTTINGHAM UNIVERSITY HOSPITALS NHS TRUST,C_330,Dermatology Service,7811,13.1,
2026-05|RX1|C_340,2026-05,RX1,NOTTINGHAM UNIVERSITY HOSPITALS NHS TRUST,C_340,Respiratory Medicine Service,1976,8.9,
2026-05|RX1|C_400,2026-05,RX1,NOTTINGHAM UNIVERSITY HOSPITALS NHS TRUST,C_400,Neurology Service,1806,10.8,
2026-05|RX1|C_410,2026-05,RX1,NOTTINGHAM UNIVERSITY HOSPITALS NHS TRUST,C_410,Rheumatology Service,693,7.4,
2026-05|RX1|C_430,2026-05,RX1,NOTTINGHAM UNIVERSITY HOSPITALS NHS TRUST,C_430,Elderly Medicine Service,1209,19.4,
2026-05|RX1|C_502,2026-05,RX1,NOTTINGHAM UNIVERSITY HOSPITALS NHS TRUST,C_502,Gynaecology Service,7979,16.4,
2026-05|RX1|C_999,2026-05,RX1,NOTTINGHAM UNIVERSITY HOSPITALS NHS TRUST,C_999,Total,84603,12.9,
2026-05|RX1|X02,2026-05,RX1,NOTTINGHAM UNIVERSITY HOSPITALS NHS TRUST,X02,Other - Medical Services,12795,13.1,
2026-05|RX1|X04,2026-05,RX1,NOTTINGHAM UNIVERSITY HOSPITALS NHS TRUST,X04,Other - Paediatric Services,3016,9.2,
2026-05|RX1|X05,2026-05,RX1,NOTTINGHAM UNIVERSITY HOSPITALS NHS TRUST,X05,Other - Surgical Services,5297,10.3,
2026-05|RX1|X06,2026-05,RX1,NOTTINGHAM UNIVERSITY HOSPITALS NHS TRUST,X06,Other - Other Services,1045,7.1,
2026-05|RX4|C_999,2026-05,RX4,"CUMBRIA, NORTHUMBERLAND, TYNE AND WEAR NHS FOUNDATION TRUST",C_999,Total,133,4.7,
2026-05|RX4|X06,2026-05,RX4,"CUMBRIA, NORTHUMBERLAND, TYNE AND WEAR NHS FOUNDATION TRUST",X06,Other - Other Services,133,4.7,
2026-05|RXC|C_100,2026-05,RXC,EAST SUSSEX HEALTHCARE NHS TRUST,C_100,General Surgery Service,4952,12.3,
2026-05|RXC|C_101,2026-05,RXC,EAST SUSSEX HEALTHCARE NHS TRUST,C_101,Urology Service,4681,15.0,
2026-05|RXC|C_110,2026-05,RXC,EAST SUSSEX HEALTHCARE NHS TRUST,C_110,Trauma and Orthopaedic Service,9982,9.1,
2026-05|RXC|C_120,2026-05,RXC,EAST SUSSEX HEALTHCARE NHS TRUST,C_120,Ear Nose and Throat Service,5782,14.2,
2026-05|RXC|C_130,2026-05,RXC,EAST SUSSEX HEALTHCARE NHS TRUST,C_130,Ophthalmology Service,3968,7.9,
2026-05|RXC|C_140,2026-05,RXC,EAST SUSSEX HEALTHCARE NHS TRUST,C_140,Oral Surgery Service,2166,16.7,
2026-05|RXC|C_300,2026-05,RXC,EAST SUSSEX HEALTHCARE NHS TRUST,C_300,General Internal Medicine Service,25,2.8,
2026-05|RXC|C_301,2026-05,RXC,EAST SUSSEX HEALTHCARE NHS TRUST,C_301,Gastroenterology Service,2548,10.1,
2026-05|RXC|C_320,2026-05,RXC,EAST SUSSEX HEALTHCARE NHS TRUST,C_320,Cardiology Service,4082,13.3,
2026-05|RXC|C_330,2026-05,RXC,EAST SUSSEX HEALTHCARE NHS TRUST,C_330,Dermatology Service,1742,4.5,
2026-05|RXC|C_340,2026-05,RXC,EAST SUSSEX HEALTHCARE NHS TRUST,C_340,Respiratory Medicine Service,2250,11.2,
2026-05|RXC|C_400,2026-05,RXC,EAST SUSSEX HEALTHCARE NHS TRUST,C_400,Neurology Service,2033,11.8,
2026-05|RXC|C_410,2026-05,RXC,EAST SUSSEX HEALTHCARE NHS TRUST,C_410,Rheumatology Service,784,8.5,
2026-05|RXC|C_430,2026-05,RXC,EAST SUSSEX HEALTHCARE NHS TRUST,C_430,Elderly Medicine Service,145,5.0,
2026-05|RXC|C_502,2026-05,RXC,EAST SUSSEX HEALTHCARE NHS TRUST,C_502,Gynaecology Service,5270,18.3,
2026-05|RXC|C_999,2026-05,RXC,EAST SUSSEX HEALTHCARE NHS TRUST,C_999,Total,57746,11.6,
2026-05|RXC|X02,2026-05,RXC,EAST SUSSEX HEALTHCARE NHS TRUST,X02,Other - Medical Services,4034,14.0,
2026-05|RXC|X04,2026-05,RXC,EAST SUSSEX HEALTHCARE NHS TRUST,X04,Other - Paediatric Services,323,11.3,
2026-05|RXC|X05,2026-05,RXC,EAST SUSSEX HEALTHCARE NHS TRUST,X05,Other - Surgical Services,2046,7.1,
2026-05|RXC|X06,2026-05,RXC,EAST SUSSEX HEALTHCARE NHS TRUST,X06,Other - Other Services,933,14.2,
2026-05|RXF|C_100,2026-05,RXF,MID YORKSHIRE TEACHING NHS TRUST,C_100,General Surgery Service,1593,13.0,
2026-05|RXF|C_101,2026-05,RXF,MID YORKSHIRE TEACHING NHS TRUST,C_101,Urology Service,3504,11.4,
2026-05|RXF|C_110,2026-05,RXF,MID YORKSHIRE TEACHING NHS TRUST,C_110,Trauma and Orthopaedic Service,4840,16.8,
2026-05|RXF|C_120,2026-05,RXF,MID YORKSHIRE TEACHING NHS TRUST,C_120,Ear Nose and Throat Service,7382,14.6,
2026-05|RXF|C_130,2026-05,RXF,MID YORKSHIRE TEACHING NHS TRUST,C_130,Ophthalmology Service,4904,11.9,
2026-05|RXF|C_140,2026-05,RXF,MID YORKSHIRE TEACHING NHS TRUST,C_140,Oral Surgery Service,3158,10.2,
2026-05|RXF|C_160,2026-05,RXF,MID YORKSHIRE TEACHING NHS TRUST,C_160,Plastic Surgery Service,1538,10.4,
2026-05|RXF|C_300,2026-05,RXF,MID YORKSHIRE TEACHING NHS TRUST,C_300,General Internal Medicine Service,70,6.8,
2026-05|RXF|C_301,2026-05,RXF,MID YORKSHIRE TEACHING NHS TRUST,C_301,Gastroenterology Service,3496,9.4,
2026-05|RXF|C_320,2026-05,RXF,MID YORKSHIRE TEACHING NHS TRUST,C_320,Cardiology Service,858,6.0,
2026-05|RXF|C_330,2026-05,RXF,MID YORKSHIRE TEACHING NHS TRUST,C_330,Dermatology Service,1470,4.9,
2026-05|RXF|C_340,2026-05,RXF,MID YORKSHIRE TEACHING NHS TRUST,C_340,Respiratory Medicine Service,1349,10.7,
2026-05|RXF|C_400,2026-05,RXF,MID YORKSHIRE TEACHING NHS TRUST,C_400,Neurology Service,2025,15.7,
2026-05|RXF|C_410,2026-05,RXF,MID YORKSHIRE TEACHING NHS TRUST,C_410,Rheumatology Service,722,10.0,
2026-05|RXF|C_430,2026-05,RXF,MID YORKSHIRE TEACHING NHS TRUST,C_430,Elderly Medicine Service,453,15.9,
2026-05|RXF|C_502,2026-05,RXF,MID YORKSHIRE TEACHING NHS TRUST,C_502,Gynaecology Service,5716,13.7,
2026-05|RXF|C_999,2026-05,RXF,MID YORKSHIRE TEACHING NHS TRUST,C_999,Total,55592,12.2,
2026-05|RXF|X02,2026-05,RXF,MID YORKSHIRE TEACHING NHS TRUST,X02,Other - Medical Services,6780,11.7,
2026-05|RXF|X04,2026-05,RXF,MID YORKSHIRE TEACHING NHS TRUST,X04,Other - Paediatric Services,662,14.4,
2026-05|RXF|X05,2026-05,RXF,MID YORKSHIRE TEACHING NHS TRUST,X05,Other - Surgical Services,4575,10.9,
2026-05|RXF|X06,2026-05,RXF,MID YORKSHIRE TEACHING NHS TRUST,X06,Other - Other Services,497,7.7,
2026-05|RXG|C_999,2026-05,RXG,SOUTH WEST YORKSHIRE PARTNERSHIP NHS FOUNDATION TRUST,C_999,Total,4465,5.6,
2026-05|RXG|X06,2026-05,RXG,SOUTH WEST YORKSHIRE PARTNERSHIP NHS FOUNDATION TRUST,X06,Other - Other Services,4465,5.6,
2026-05|RXK|C_100,2026-05,RXK,SANDWELL AND WEST BIRMINGHAM HOSPITALS NHS TRUST,C_100,General Surgery Service,4533,13.5,
2026-05|RXK|C_101,2026-05,RXK,SANDWELL AND WEST BIRMINGHAM HOSPITALS NHS TRUST,C_101,Urology Service,3627,13.8,
2026-05|RXK|C_110,2026-05,RXK,SANDWELL AND WEST BIRMINGHAM HOSPITALS NHS TRUST,C_110,Trauma and Orthopaedic Service,5721,13.7,
2026-05|RXK|C_120,2026-05,RXK,SANDWELL AND WEST BIRMINGHAM HOSPITALS NHS TRUST,C_120,Ear Nose and Throat Service,7211,20.2,
2026-05|RXK|C_130,2026-05,RXK,SANDWELL AND WEST BIRMINGHAM HOSPITALS NHS TRUST,C_130,Ophthalmology Service,7743,9.7,
2026-05|RXK|C_140,2026-05,RXK,SANDWELL AND WEST BIRMINGHAM HOSPITALS NHS TRUST,C_140,Oral Surgery Service,1313,14.2,
2026-05|RXK|C_160,2026-05,RXK,SANDWELL AND WEST BIRMINGHAM HOSPITALS NHS TRUST,C_160,Plastic Surgery Service,642,14.0,
2026-05|RXK|C_170,2026-05,RXK,SANDWELL AND WEST BIRMINGHAM HOSPITALS NHS TRUST,C_170,Cardiothoracic Surgery Service,15,5.5,
2026-05|RXK|C_301,2026-05,RXK,SANDWELL AND WEST BIRMINGHAM HOSPITALS NHS TRUST,C_301,Gastroenterology Service,2377,18.1,
2026-05|RXK|C_320,2026-05,RXK,SANDWELL AND WEST BIRMINGHAM HOSPITALS NHS TRUST,C_320,Cardiology Service,5338,18.5,
2026-05|RXK|C_330,2026-05,RXK,SANDWELL AND WEST BIRMINGHAM HOSPITALS NHS TRUST,C_330,Dermatology Service,3474,15.4,
2026-05|RXK|C_340,2026-05,RXK,SANDWELL AND WEST BIRMINGHAM HOSPITALS NHS TRUST,C_340,Respiratory Medicine Service,1869,8.5,
2026-05|RXK|C_400,2026-05,RXK,SANDWELL AND WEST BIRMINGHAM HOSPITALS NHS TRUST,C_400,Neurology Service,1586,23.1,
2026-05|RXK|C_410,2026-05,RXK,SANDWELL AND WEST BIRMINGHAM HOSPITALS NHS TRUST,C_410,Rheumatology Service,532,5.4,
2026-05|RXK|C_430,2026-05,RXK,SANDWELL AND WEST BIRMINGHAM HOSPITALS NHS TRUST,C_430,Elderly Medicine Service,21,6.5,
2026-05|RXK|C_502,2026-05,RXK,SANDWELL AND WEST BIRMINGHAM HOSPITALS NHS TRUST,C_502,Gynaecology Service,5079,14.5,
2026-05|RXK|C_999,2026-05,RXK,SANDWELL AND WEST BIRMINGHAM HOSPITALS NHS TRUST,C_999,Total,66145,13.9,
2026-05|RXK|X02,2026-05,RXK,SANDWELL AND WEST BIRMINGHAM HOSPITALS NHS TRUST,X02,Other - Medical Services,3062,13.6,
2026-05|RXK|X04,2026-05,RXK,SANDWELL AND WEST BIRMINGHAM HOSPITALS NHS TRUST,X04,Other - Paediatric Services,5998,10.7,
2026-05|RXK|X05,2026-05,RXK,SANDWELL AND WEST BIRMINGHAM HOSPITALS NHS TRUST,X05,Other - Surgical Services,5379,13.0,
2026-05|RXK|X06,2026-05,RXK,SANDWELL AND WEST BIRMINGHAM HOSPITALS NHS TRUST,X06,Other - Other Services,625,37.3,
2026-05|RXL|C_100,2026-05,RXL,BLACKPOOL TEACHING HOSPITALS NHS FOUNDATION TRUST,C_100,General Surgery Service,1147,15.4,
2026-05|RXL|C_101,2026-05,RXL,BLACKPOOL TEACHING HOSPITALS NHS FOUNDATION TRUST,C_101,Urology Service,2550,16.8,
2026-05|RXL|C_110,2026-05,RXL,BLACKPOOL TEACHING HOSPITALS NHS FOUNDATION TRUST,C_110,Trauma and Orthopaedic Service,2804,14.7,
2026-05|RXL|C_120,2026-05,RXL,BLACKPOOL TEACHING HOSPITALS NHS FOUNDATION TRUST,C_120,Ear Nose and Throat Service,3417,12.5,
2026-05|RXL|C_130,2026-05,RXL,BLACKPOOL TEACHING HOSPITALS NHS FOUNDATION TRUST,C_130,Ophthalmology Service,3568,14.1,
2026-05|RXL|C_140,2026-05,RXL,BLACKPOOL TEACHING HOSPITALS NHS FOUNDATION TRUST,C_140,Oral Surgery Service,2080,19.1,
2026-05|RXL|C_160,2026-05,RXL,BLACKPOOL TEACHING HOSPITALS NHS FOUNDATION TRUST,C_160,Plastic Surgery Service,226,10.6,
2026-05|RXL|C_170,2026-05,RXL,BLACKPOOL TEACHING HOSPITALS NHS FOUNDATION TRUST,C_170,Cardiothoracic Surgery Service,992,20.4,
2026-05|RXL|C_301,2026-05,RXL,BLACKPOOL TEACHING HOSPITALS NHS FOUNDATION TRUST,C_301,Gastroenterology Service,3674,15.9,
2026-05|RXL|C_320,2026-05,RXL,BLACKPOOL TEACHING HOSPITALS NHS FOUNDATION TRUST,C_320,Cardiology Service,5349,16.8,
2026-05|RXL|C_330,2026-05,RXL,BLACKPOOL TEACHING HOSPITALS NHS FOUNDATION TRUST,C_330,Dermatology Service,3171,12.6,
2026-05|RXL|C_340,2026-05,RXL,BLACKPOOL TEACHING HOSPITALS NHS FOUNDATION TRUST,C_340,Respiratory Medicine Service,1334,14.1,
2026-05|RXL|C_410,2026-05,RXL,BLACKPOOL TEACHING HOSPITALS NHS FOUNDATION TRUST,C_410,Rheumatology Service,1210,14.0,
2026-05|RXL|C_430,2026-05,RXL,BLACKPOOL TEACHING HOSPITALS NHS FOUNDATION TRUST,C_430,Elderly Medicine Service,45,5.4,
2026-05|RXL|C_502,2026-05,RXL,BLACKPOOL TEACHING HOSPITALS NHS FOUNDATION TRUST,C_502,Gynaecology Service,3159,19.2,
2026-05|RXL|C_999,2026-05,RXL,BLACKPOOL TEACHING HOSPITALS NHS FOUNDATION TRUST,C_999,Total,41045,14.5,
2026-05|RXL|X02,2026-05,RXL,BLACKPOOL TEACHING HOSPITALS NHS FOUNDATION TRUST,X02,Other - Medical Services,3073,11.7,
2026-05|RXL|X04,2026-05,RXL,BLACKPOOL TEACHING HOSPITALS NHS FOUNDATION TRUST,X04,Other - Paediatric Services,1287,13.3,
2026-05|RXL|X05,2026-05,RXL,BLACKPOOL TEACHING HOSPITALS NHS FOUNDATION TRUST,X05,Other - Surgical Services,1959,7.5,
2026-05|RXN|C_100,2026-05,RXN,LANCASHIRE TEACHING HOSPITALS NHS FOUNDATION TRUST,C_100,General Surgery Service,210,17.6,
2026-05|RXN|C_101,2026-05,RXN,LANCASHIRE TEACHING HOSPITALS NHS FOUNDATION TRUST,C_101,Urology Service,1910,13.2,
2026-05|RXN|C_110,2026-05,RXN,LANCASHIRE TEACHING HOSPITALS NHS FOUNDATION TRUST,C_110,Trauma and Orthopaedic Service,4448,17.3,
2026-05|RXN|C_120,2026-05,RXN,LANCASHIRE TEACHING HOSPITALS NHS FOUNDATION TRUST,C_120,Ear Nose and Throat Service,3116,12.1,
2026-05|RXN|C_130,2026-05,RXN,LANCASHIRE TEACHING HOSPITALS NHS FOUNDATION TRUST,C_130,Ophthalmology Service,3510,10.9,
2026-05|RXN|C_140,2026-05,RXN,LANCASHIRE TEACHING HOSPITALS NHS FOUNDATION TRUST,C_140,Oral Surgery Service,4588,17.2,
2026-05|RXN|C_150,2026-05,RXN,LANCASHIRE TEACHING HOSPITALS NHS FOUNDATION TRUST,C_150,Neurosurgical Service,3563,14.5,
2026-05|RXN|C_160,2026-05,RXN,LANCASHIRE TEACHING HOSPITALS NHS FOUNDATION TRUST,C_160,Plastic Surgery Service,4070,17.1,
2026-05|RXN|C_300,2026-05,RXN,LANCASHIRE TEACHING HOSPITALS NHS FOUNDATION TRUST,C_300,General Internal Medicine Service,1954,15.5,
2026-05|RXN|C_301,2026-05,RXN,LANCASHIRE TEACHING HOSPITALS NHS FOUNDATION TRUST,C_301,Gastroenterology Service,2072,20.4,
2026-05|RXN|C_320,2026-05,RXN,LANCASHIRE TEACHING HOSPITALS NHS FOUNDATION TRUST,C_320,Cardiology Service,2834,12.7,
2026-05|RXN|C_330,2026-05,RXN,LANCASHIRE TEACHING HOSPITALS NHS FOUNDATION TRUST,C_330,Dermatology Service,1815,13.8,
2026-05|RXN|C_400,2026-05,RXN,LANCASHIRE TEACHING HOSPITALS NHS FOUNDATION TRUST,C_400,Neurology Service,8495,19.0,
2026-05|RXN|C_430,2026-05,RXN,LANCASHIRE TEACHING HOSPITALS NHS FOUNDATION TRUST,C_430,Elderly Medicine Service,161,6.8,
2026-05|RXN|C_502,2026-05,RXN,LANCASHIRE TEACHING HOSPITALS NHS FOUNDATION TRUST,C_502,Gynaecology Service,1794,16.2,
2026-05|RXN|C_999,2026-05,RXN,LANCASHIRE TEACHING HOSPITALS NHS FOUNDATION TRUST,C_999,Total,60428,15.5,
2026-05|RXN|X02,2026-05,RXN,LANCASHIRE TEACHING HOSPITALS NHS FOUNDATION TRUST,X02,Other - Medical Services,6296,15.1,
2026-05|RXN|X04,2026-05,RXN,LANCASHIRE TEACHING HOSPITALS NHS FOUNDATION TRUST,X04,Other - Paediatric Services,1932,16.8,
2026-05|RXN|X05,2026-05,RXN,LANCASHIRE TEACHING HOSPITALS NHS FOUNDATION TRUST,X05,Other - Surgical Services,7185,15.1,
2026-05|RXN|X06,2026-05,RXN,LANCASHIRE TEACHING HOSPITALS NHS FOUNDATION TRUST,X06,Other - Other Services,475,3.9,
2026-05|RXP|C_100,2026-05,RXP,COUNTY DURHAM AND DARLINGTON NHS FOUNDATION TRUST,C_100,General Surgery Service,6100,13.9,
2026-05|RXP|C_110,2026-05,RXP,COUNTY DURHAM AND DARLINGTON NHS FOUNDATION TRUST,C_110,Trauma and Orthopaedic Service,10985,9.8,
2026-05|RXP|C_120,2026-05,RXP,COUNTY DURHAM AND DARLINGTON NHS FOUNDATION TRUST,C_120,Ear Nose and Throat Service,3590,12.0,
2026-05|RXP|C_130,2026-05,RXP,COUNTY DURHAM AND DARLINGTON NHS FOUNDATION TRUST,C_130,Ophthalmology Service,3085,11.5,
2026-05|RXP|C_140,2026-05,RXP,COUNTY DURHAM AND DARLINGTON NHS FOUNDATION TRUST,C_140,Oral Surgery Service,737,13.4,
2026-05|RXP|C_160,2026-05,RXP,COUNTY DURHAM AND DARLINGTON NHS FOUNDATION TRUST,C_160,Plastic Surgery Service,1485,12.3,
2026-05|RXP|C_170,2026-05,RXP,COUNTY DURHAM AND DARLINGTON NHS FOUNDATION TRUST,C_170,Cardiothoracic Surgery Service,22,24.5,
2026-05|RXP|C_300,2026-05,RXP,COUNTY DURHAM AND DARLINGTON NHS FOUNDATION TRUST,C_300,General Internal Medicine Service,1831,12.2,
2026-05|RXP|C_301,2026-05,RXP,COUNTY DURHAM AND DARLINGTON NHS FOUNDATION TRUST,C_301,Gastroenterology Service,3565,13.4,
2026-05|RXP|C_320,2026-05,RXP,COUNTY DURHAM AND DARLINGTON NHS FOUNDATION TRUST,C_320,Cardiology Service,1363,9.1,
2026-05|RXP|C_330,2026-05,RXP,COUNTY DURHAM AND DARLINGTON NHS FOUNDATION TRUST,C_330,Dermatology Service,5163,16.7,
2026-05|RXP|C_340,2026-05,RXP,COUNTY DURHAM AND DARLINGTON NHS FOUNDATION TRUST,C_340,Respiratory Medicine Service,1601,13.0,
2026-05|RXP|C_410,2026-05,RXP,COUNTY DURHAM AND DARLINGTON NHS FOUNDATION TRUST,C_410,Rheumatology Service,1889,17.5,
2026-05|RXP|C_430,2026-05,RXP,COUNTY DURHAM AND DARLINGTON NHS FOUNDATION TRUST,C_430,Elderly Medicine Service,390,7.6,
2026-05|RXP|C_502,2026-05,RXP,COUNTY DURHAM AND DARLINGTON NHS FOUNDATION TRUST,C_502,Gynaecology Service,4532,12.7,
2026-05|RXP|C_999,2026-05,RXP,COUNTY DURHAM AND DARLINGTON NHS FOUNDATION TRUST,C_999,Total,52378,12.2,
2026-05|RXP|X02,2026-05,RXP,COUNTY DURHAM AND DARLINGTON NHS FOUNDATION TRUST,X02,Other - Medical Services,172,5.9,
2026-05|RXP|X03,2026-05,RXP,COUNTY DURHAM AND DARLINGTON NHS FOUNDATION TRUST,X03,Other - Mental Health Services,746,11.9,
2026-05|RXP|X04,2026-05,RXP,COUNTY DURHAM AND DARLINGTON NHS FOUNDATION TRUST,X04,Other - Paediatric Services,5122,13.4,
2026-05|RXQ|C_100,2026-05,RXQ,BUCKINGHAMSHIRE HEALTHCARE NHS TRUST,C_100,General Surgery Service,2397,14.5,
2026-05|RXQ|C_101,2026-05,RXQ,BUCKINGHAMSHIRE HEALTHCARE NHS TRUST,C_101,Urology Service,2691,13.4,
2026-05|RXQ|C_110,2026-05,RXQ,BUCKINGHAMSHIRE HEALTHCARE NHS TRUST,C_110,Trauma and Orthopaedic Service,4672,17.7,
2026-05|RXQ|C_120,2026-05,RXQ,BUCKINGHAMSHIRE HEALTHCARE NHS TRUST,C_120,Ear Nose and Throat Service,4477,14.9,
2026-05|RXQ|C_130,2026-05,RXQ,BUCKINGHAMSHIRE HEALTHCARE NHS TRUST,C_130,Ophthalmology Service,5394,11.6,
2026-05|RXQ|C_140,2026-05,RXQ,BUCKINGHAMSHIRE HEALTHCARE NHS TRUST,C_140,Oral Surgery Service,986,10.4,
2026-05|RXQ|C_160,2026-05,RXQ,BUCKINGHAMSHIRE HEALTHCARE NHS TRUST,C_160,Plastic Surgery Service,1401,12.0,
2026-05|RXQ|C_301,2026-05,RXQ,BUCKINGHAMSHIRE HEALTHCARE NHS TRUST,C_301,Gastroenterology Service,3541,12.7,
2026-05|RXQ|C_320,2026-05,RXQ,BUCKINGHAMSHIRE HEALTHCARE NHS TRUST,C_320,Cardiology Service,3081,17.2,
2026-05|RXQ|C_330,2026-05,RXQ,BUCKINGHAMSHIRE HEALTHCARE NHS TRUST,C_330,Dermatology Service,2889,13.9,
2026-05|RXQ|C_340,2026-05,RXQ,BUCKINGHAMSHIRE HEALTHCARE NHS TRUST,C_340,Respiratory Medicine Service,936,10.0,
2026-05|RXQ|C_400,2026-05,RXQ,BUCKINGHAMSHIRE HEALTHCARE NHS TRUST,C_400,Neurology Service,2866,19.9,
2026-05|RXQ|C_410,2026-05,RXQ,BUCKINGHAMSHIRE HEALTHCARE NHS TRUST,C_410,Rheumatology Service,474,7.0,
2026-05|RXQ|C_430,2026-05,RXQ,BUCKINGHAMSHIRE HEALTHCARE NHS TRUST,C_430,Elderly Medicine Service,235,4.6,
2026-05|RXQ|C_502,2026-05,RXQ,BUCKINGHAMSHIRE HEALTHCARE NHS TRUST,C_502,Gynaecology Service,3802,18.0,
2026-05|RXQ|C_999,2026-05,RXQ,BUCKINGHAMSHIRE HEALTHCARE NHS TRUST,C_999,Total,46681,13.9,
2026-05|RXQ|X02,2026-05,RXQ,BUCKINGHAMSHIRE HEALTHCARE NHS TRUST,X02,Other - Medical Services,4329,12.6,
2026-05|RXQ|X04,2026-05,RXQ,BUCKINGHAMSHIRE HEALTHCARE NHS TRUST,X04,Other - Paediatric Services,827,11.6,
2026-05|RXQ|X05,2026-05,RXQ,BUCKINGHAMSHIRE HEALTHCARE NHS TRUST,X05,Other - Surgical Services,1368,7.1,
2026-05|RXQ|X06,2026-05,RXQ,BUCKINGHAMSHIRE HEALTHCARE NHS TRUST,X06,Other - Other Services,315,6.3,
2026-05|RXR|C_100,2026-05,RXR,EAST LANCASHIRE HOSPITALS NHS TRUST,C_100,General Surgery Service,3257,13.5,
2026-05|RXR|C_101,2026-05,RXR,EAST LANCASHIRE HOSPITALS NHS TRUST,C_101,Urology Service,2298,7.8,
2026-05|RXR|C_110,2026-05,RXR,EAST LANCASHIRE HOSPITALS NHS TRUST,C_110,Trauma and Orthopaedic Service,6425,7.3,
2026-05|RXR|C_120,2026-05,RXR,EAST LANCASHIRE HOSPITALS NHS TRUST,C_120,Ear Nose and Throat Service,3627,7.5,
2026-05|RXR|C_130,2026-05,RXR,EAST LANCASHIRE HOSPITALS NHS TRUST,C_130,Ophthalmology Service,4354,11.1,
2026-05|RXR|C_140,2026-05,RXR,EAST LANCASHIRE HOSPITALS NHS TRUST,C_140,Oral Surgery Service,4182,14.5,
2026-05|RXR|C_300,2026-05,RXR,EAST LANCASHIRE HOSPITALS NHS TRUST,C_300,General Internal Medicine Service,6,5.0,
2026-05|RXR|C_301,2026-05,RXR,EAST LANCASHIRE HOSPITALS NHS TRUST,C_301,Gastroenterology Service,2279,7.4,
2026-05|RXR|C_320,2026-05,RXR,EAST LANCASHIRE HOSPITALS NHS TRUST,C_320,Cardiology Service,2018,8.5,
2026-05|RXR|C_330,2026-05,RXR,EAST LANCASHIRE HOSPITALS NHS TRUST,C_330,Dermatology Service,2129,13.3,
2026-05|RXR|C_340,2026-05,RXR,EAST LANCASHIRE HOSPITALS NHS TRUST,C_340,Respiratory Medicine Service,730,4.8,
2026-05|RXR|C_410,2026-05,RXR,EAST LANCASHIRE HOSPITALS NHS TRUST,C_410,Rheumatology Service,873,11.5,
2026-05|RXR|C_430,2026-05,RXR,EAST LANCASHIRE HOSPITALS NHS TRUST,C_430,Elderly Medicine Service,59,3.1,
2026-05|RXR|C_502,2026-05,RXR,EAST LANCASHIRE HOSPITALS NHS TRUST,C_502,Gynaecology Service,6793,15.2,
2026-05|RXR|C_999,2026-05,RXR,EAST LANCASHIRE HOSPITALS NHS TRUST,C_999,Total,46714,10.0,
2026-05|RXR|X02,2026-05,RXR,EAST LANCASHIRE HOSPITALS NHS TRUST,X02,Other - Medical Services,3546,11.5,
2026-05|RXR|X04,2026-05,RXR,EAST LANCASHIRE HOSPITALS NHS TRUST,X04,Other - Paediatric Services,1496,8.4,
2026-05|RXR|X05,2026-05,RXR,EAST LANCASHIRE HOSPITALS NHS TRUST,X05,Other - Surgical Services,2576,8.6,
2026-05|RXR|X06,2026-05,RXR,EAST LANCASHIRE HOSPITALS NHS TRUST,X06,Other - Other Services,66,4.3,
2026-05|RXW|C_100,2026-05,RXW,THE SHREWSBURY AND TELFORD HOSPITAL NHS TRUST,C_100,General Surgery Service,4477,10.5,
2026-05|RXW|C_101,2026-05,RXW,THE SHREWSBURY AND TELFORD HOSPITAL NHS TRUST,C_101,Urology Service,1987,12.6,
2026-05|RXW|C_110,2026-05,RXW,THE SHREWSBURY AND TELFORD HOSPITAL NHS TRUST,C_110,Trauma and Orthopaedic Service,2205,18.5,
2026-05|RXW|C_120,2026-05,RXW,THE SHREWSBURY AND TELFORD HOSPITAL NHS TRUST,C_120,Ear Nose and Throat Service,4343,13.2,
2026-05|RXW|C_130,2026-05,RXW,THE SHREWSBURY AND TELFORD HOSPITAL NHS TRUST,C_130,Ophthalmology Service,3631,9.9,
2026-05|RXW|C_140,2026-05,RXW,THE SHREWSBURY AND TELFORD HOSPITAL NHS TRUST,C_140,Oral Surgery Service,2150,15.0,
2026-05|RXW|C_170,2026-05,RXW,THE SHREWSBURY AND TELFORD HOSPITAL NHS TRUST,C_170,Cardiothoracic Surgery Service,81,8.9,
2026-05|RXW|C_300,2026-05,RXW,THE SHREWSBURY AND TELFORD HOSPITAL NHS TRUST,C_300,General Internal Medicine Service,1433,9.9,
2026-05|RXW|C_301,2026-05,RXW,THE SHREWSBURY AND TELFORD HOSPITAL NHS TRUST,C_301,Gastroenterology Service,1814,9.5,
2026-05|RXW|C_320,2026-05,RXW,THE SHREWSBURY AND TELFORD HOSPITAL NHS TRUST,C_320,Cardiology Service,2977,11.2,
2026-05|RXW|C_330,2026-05,RXW,THE SHREWSBURY AND TELFORD HOSPITAL NHS TRUST,C_330,Dermatology Service,3235,9.3,
2026-05|RXW|C_340,2026-05,RXW,THE SHREWSBURY AND TELFORD HOSPITAL NHS TRUST,C_340,Respiratory Medicine Service,1739,12.0,
2026-05|RXW|C_400,2026-05,RXW,THE SHREWSBURY AND TELFORD HOSPITAL NHS TRUST,C_400,Neurology Service,8,0.6,
2026-05|RXW|C_410,2026-05,RXW,THE SHREWSBURY AND TELFORD HOSPITAL NHS TRUST,C_410,Rheumatology Service,1,1.5,
2026-05|RXW|C_430,2026-05,RXW,THE SHREWSBURY AND TELFORD HOSPITAL NHS TRUST,C_430,Elderly Medicine Service,219,6.6,
2026-05|RXW|C_502,2026-05,RXW,THE SHREWSBURY AND TELFORD HOSPITAL NHS TRUST,C_502,Gynaecology Service,4437,13.8,
2026-05|RXW|C_999,2026-05,RXW,THE SHREWSBURY AND TELFORD HOSPITAL NHS TRUST,C_999,Total,36456,11.8,
2026-05|RXW|X02,2026-05,RXW,THE SHREWSBURY AND TELFORD HOSPITAL NHS TRUST,X02,Other - Medical Services,10,1.0,
2026-05|RXW|X04,2026-05,RXW,THE SHREWSBURY AND TELFORD HOSPITAL NHS TRUST,X04,Other - Paediatric Services,1116,12.5,
2026-05|RXW|X05,2026-05,RXW,THE SHREWSBURY AND TELFORD HOSPITAL NHS TRUST,X05,Other - Surgical Services,161,15.6,
2026-05|RXW|X06,2026-05,RXW,THE SHREWSBURY AND TELFORD HOSPITAL NHS TRUST,X06,Other - Other Services,432,8.9,
2026-05|RYJ|C_100,2026-05,RYJ,IMPERIAL COLLEGE HEALTHCARE NHS TRUST,C_100,General Surgery Service,2163,14.4,
2026-05|RYJ|C_101,2026-05,RYJ,IMPERIAL COLLEGE HEALTHCARE NHS TRUST,C_101,Urology Service,3541,13.1,
2026-05|RYJ|C_110,2026-05,RYJ,IMPERIAL COLLEGE HEALTHCARE NHS TRUST,C_110,Trauma and Orthopaedic Service,2991,13.0,
2026-05|RYJ|C_120,2026-05,RYJ,IMPERIAL COLLEGE HEALTHCARE NHS TRUST,C_120,Ear Nose and Throat Service,8284,14.1,
2026-05|RYJ|C_130,2026-05,RYJ,IMPERIAL COLLEGE HEALTHCARE NHS TRUST,C_130,Ophthalmology Service,5395,8.6,
2026-05|RYJ|C_140,2026-05,RYJ,IMPERIAL COLLEGE HEALTHCARE NHS TRUST,C_140,Oral Surgery Service,439,8.8,
2026-05|RYJ|C_150,2026-05,RYJ,IMPERIAL COLLEGE HEALTHCARE NHS TRUST,C_150,Neurosurgical Service,2853,13.1,
2026-05|RYJ|C_160,2026-05,RYJ,IMPERIAL COLLEGE HEALTHCARE NHS TRUST,C_160,Plastic Surgery Service,1964,16.2,
2026-05|RYJ|C_170,2026-05,RYJ,IMPERIAL COLLEGE HEALTHCARE NHS TRUST,C_170,Cardiothoracic Surgery Service,536,9.4,
2026-05|RYJ|C_300,2026-05,RYJ,IMPERIAL COLLEGE HEALTHCARE NHS TRUST,C_300,General Internal Medicine Service,125,10.5,
2026-05|RYJ|C_301,2026-05,RYJ,IMPERIAL COLLEGE HEALTHCARE NHS TRUST,C_301,Gastroenterology Service,2914,8.9,
2026-05|RYJ|C_320,2026-05,RYJ,IMPERIAL COLLEGE HEALTHCARE NHS TRUST,C_320,Cardiology Service,7607,11.9,
2026-05|RYJ|C_330,2026-05,RYJ,IMPERIAL COLLEGE HEALTHCARE NHS TRUST,C_330,Dermatology Service,4171,9.5,
2026-05|RYJ|C_340,2026-05,RYJ,IMPERIAL COLLEGE HEALTHCARE NHS TRUST,C_340,Respiratory Medicine Service,2325,8.2,
2026-05|RYJ|C_400,2026-05,RYJ,IMPERIAL COLLEGE HEALTHCARE NHS TRUST,C_400,Neurology Service,3917,15.2,
2026-05|RYJ|C_410,2026-05,RYJ,IMPERIAL COLLEGE HEALTHCARE NHS TRUST,C_410,Rheumatology Service,620,8.5,
2026-05|RYJ|C_430,2026-05,RYJ,IMPERIAL COLLEGE HEALTHCARE NHS TRUST,C_430,Elderly Medicine Service,330,11.8,
2026-05|RYJ|C_502,2026-05,RYJ,IMPERIAL COLLEGE HEALTHCARE NHS TRUST,C_502,Gynaecology Service,6437,10.1,
2026-05|RYJ|C_999,2026-05,RYJ,IMPERIAL COLLEGE HEALTHCARE NHS TRUST,C_999,Total,83513,11.2,
2026-05|RYJ|X02,2026-05,RYJ,IMPERIAL COLLEGE HEALTHCARE NHS TRUST,X02,Other - Medical Services,12430,9.6,
2026-05|RYJ|X04,2026-05,RYJ,IMPERIAL COLLEGE HEALTHCARE NHS TRUST,X04,Other - Paediatric Services,4629,9.1,
2026-05|RYJ|X05,2026-05,RYJ,IMPERIAL COLLEGE HEALTHCARE NHS TRUST,X05,Other - Surgical Services,9446,12.6,
2026-05|RYJ|X06,2026-05,RYJ,IMPERIAL COLLEGE HEALTHCARE NHS TRUST,X06,Other - Other Services,396,3.5,
2026-05|RYR|C_100,2026-05,RYR,UNIVERSITY HOSPITALS SUSSEX NHS FOUNDATION TRUST,C_100,General Surgery Service,2800,27.1,
2026-05|RYR|C_101,2026-05,RYR,UNIVERSITY HOSPITALS SUSSEX NHS FOUNDATION TRUST,C_101,Urology Service,6138,16.2,
2026-05|RYR|C_110,2026-05,RYR,UNIVERSITY HOSPITALS SUSSEX NHS FOUNDATION TRUST,C_110,Trauma and Orthopaedic Service,7311,20.0,
2026-05|RYR|C_120,2026-05,RYR,UNIVERSITY HOSPITALS SUSSEX NHS FOUNDATION TRUST,C_120,Ear Nose and Throat Service,7661,18.4,
2026-05|RYR|C_130,2026-05,RYR,UNIVERSITY HOSPITALS SUSSEX NHS FOUNDATION TRUST,C_130,Ophthalmology Service,12760,15.9,
2026-05|RYR|C_140,2026-05,RYR,UNIVERSITY HOSPITALS SUSSEX NHS FOUNDATION TRUST,C_140,Oral Surgery Service,8543,21.6,
2026-05|RYR|C_150,2026-05,RYR,UNIVERSITY HOSPITALS SUSSEX NHS FOUNDATION TRUST,C_150,Neurosurgical Service,626,13.2,
2026-05|RYR|C_170,2026-05,RYR,UNIVERSITY HOSPITALS SUSSEX NHS FOUNDATION TRUST,C_170,Cardiothoracic Surgery Service,132,9.8,
2026-05|RYR|C_300,2026-05,RYR,UNIVERSITY HOSPITALS SUSSEX NHS FOUNDATION TRUST,C_300,General Internal Medicine Service,8,20.0,
2026-05|RYR|C_301,2026-05,RYR,UNIVERSITY HOSPITALS SUSSEX NHS FOUNDATION TRUST,C_301,Gastroenterology Service,4835,15.6,
2026-05|RYR|C_320,2026-05,RYR,UNIVERSITY HOSPITALS SUSSEX NHS FOUNDATION TRUST,C_320,Cardiology Service,9122,13.8,
2026-05|RYR|C_330,2026-05,RYR,UNIVERSITY HOSPITALS SUSSEX NHS FOUNDATION TRUST,C_330,Dermatology Service,8159,14.1,
2026-05|RYR|C_340,2026-05,RYR,UNIVERSITY HOSPITALS SUSSEX NHS FOUNDATION TRUST,C_340,Respiratory Medicine Service,1798,9.9,
2026-05|RYR|C_400,2026-05,RYR,UNIVERSITY HOSPITALS SUSSEX NHS FOUNDATION TRUST,C_400,Neurology Service,4905,23.2,
2026-05|RYR|C_410,2026-05,RYR,UNIVERSITY HOSPITALS SUSSEX NHS FOUNDATION TRUST,C_410,Rheumatology Service,1179,13.2,
2026-05|RYR|C_430,2026-05,RYR,UNIVERSITY HOSPITALS SUSSEX NHS FOUNDATION TRUST,C_430,Elderly Medicine Service,171,12.8,
2026-05|RYR|C_502,2026-05,RYR,UNIVERSITY HOSPITALS SUSSEX NHS FOUNDATION TRUST,C_502,Gynaecology Service,10547,16.3,
2026-05|RYR|C_999,2026-05,RYR,UNIVERSITY HOSPITALS SUSSEX NHS FOUNDATION TRUST,C_999,Total,116207,16.3,
2026-05|RYR|X02,2026-05,RYR,UNIVERSITY HOSPITALS SUSSEX NHS FOUNDATION TRUST,X02,Other - Medical Services,7304,15.6,
2026-05|RYR|X04,2026-05,RYR,UNIVERSITY HOSPITALS SUSSEX NHS FOUNDATION TRUST,X04,Other - Paediatric Services,5823,12.7,
2026-05|RYR|X05,2026-05,RYR,UNIVERSITY HOSPITALS SUSSEX NHS FOUNDATION TRUST,X05,Other - Surgical Services,15696,15.2,
2026-05|RYR|X06,2026-05,RYR,UNIVERSITY HOSPITALS SUSSEX NHS FOUNDATION TRUST,X06,Other - Other Services,689,11.1,
2026-05|RYW|C_110,2026-05,RYW,BIRMINGHAM COMMUNITY HEALTHCARE NHS FOUNDATION TRUST,C_110,Trauma and Orthopaedic Service,87,3.1,
2026-05|RYW|C_140,2026-05,RYW,BIRMINGHAM COMMUNITY HEALTHCARE NHS FOUNDATION TRUST,C_140,Oral Surgery Service,6207,11.7,
2026-05|RYW|C_999,2026-05,RYW,BIRMINGHAM COMMUNITY HEALTHCARE NHS FOUNDATION TRUST,C_999,Total,14636,9.6,
2026-05|RYW|X02,2026-05,RYW,BIRMINGHAM COMMUNITY HEALTHCARE NHS FOUNDATION TRUST,X02,Other - Medical Services,3618,5.6,
2026-05|RYW|X03,2026-05,RYW,BIRMINGHAM COMMUNITY HEALTHCARE NHS FOUNDATION TRUST,X03,Other - Mental Health Services,1025,9.6,
2026-05|RYW|X05,2026-05,RYW,BIRMINGHAM COMMUNITY HEALTHCARE NHS FOUNDATION TRUST,X05,Other - Surgical Services,3699,11.4,
2026-05|RYY|C_110,2026-05,RYY,KENT COMMUNITY HEALTH NHS FOUNDATION TRUST,C_110,Trauma and Orthopaedic Service,3626,6.8,
2026-05|RYY|C_999,2026-05,RYY,KENT COMMUNITY HEALTH NHS FOUNDATION TRUST,C_999,Total,4572,6.0,
2026-05|RYY|X02,2026-05,RYY,KENT COMMUNITY HEALTH NHS FOUNDATION TRUST,X02,Other - Medical Services,946,4.2,
2026-05|S0L9O|C_130,2026-05,S0L9O,ACES BIRMINGHAM,C_130,Ophthalmology Service,21,10.5,
2026-05|S0L9O|C_999,2026-05,S0L9O,ACES BIRMINGHAM,C_999,Total,21,10.5,
2026-05|S1Z4X|C_130,2026-05,S1Z4X,NEWMEDICA - BIRMINGHAM,C_130,Ophthalmology Service,957,7.0,
2026-05|S1Z4X|C_999,2026-05,S1Z4X,NEWMEDICA - BIRMINGHAM,C_999,Total,957,7.0,
2026-05|S3H9L|C_100,2026-05,S3H9L,THE HAMPTONS HOSPITAL LTD,C_100,General Surgery Service,46,27.0,
2026-05|S3H9L|C_101,2026-05,S3H9L,THE HAMPTONS HOSPITAL LTD,C_101,Urology Service,90,26.0,
2026-05|S3H9L|C_110,2026-05,S3H9L,THE HAMPTONS HOSPITAL LTD,C_110,Trauma and Orthopaedic Service,62,22.0,
2026-05|S3H9L|C_120,2026-05,S3H9L,THE HAMPTONS HOSPITAL LTD,C_120,Ear Nose and Throat Service,238,10.6,
2026-05|S3H9L|C_301,2026-05,S3H9L,THE HAMPTONS HOSPITAL LTD,C_301,Gastroenterology Service,5,12.2,
2026-05|S3H9L|C_320,2026-05,S3H9L,THE HAMPTONS HOSPITAL LTD,C_320,Cardiology Service,62,16.0,
2026-05|S3H9L|C_340,2026-05,S3H9L,THE HAMPTONS HOSPITAL LTD,C_340,Respiratory Medicine Service,172,12.0,
2026-05|S3H9L|C_502,2026-05,S3H9L,THE HAMPTONS HOSPITAL LTD,C_502,Gynaecology Service,69,11.4,
2026-05|S3H9L|C_999,2026-05,S3H9L,THE HAMPTONS HOSPITAL LTD,C_999,Total,744,13.9,
2026-05|S4E3I|C_130,2026-05,S4E3I,MIDLAND EYE (EYE-DOCS LTD),C_130,Ophthalmology Service,638,9.0,
2026-05|S4E3I|C_999,2026-05,S4E3I,MIDLAND EYE (EYE-DOCS LTD),C_999,Total,638,9.0,
2026-05|S5D8W|C_130,2026-05,S5D8W,ACES MIDDLESBOROUGH,C_130,Ophthalmology Service,1,6.5,
2026-05|S5D8W|C_999,2026-05,S5D8W,ACES MIDDLESBOROUGH,C_999,Total,1,6.5,
2026-05|S8O6A|C_130,2026-05,S8O6A,ACES MANCHESTER TRAFFORD,C_130,Ophthalmology Service,4,5.0,
2026-05|S8O6A|C_999,2026-05,S8O6A,ACES MANCHESTER TRAFFORD,C_999,Total,4,5.0,
2026-05|T1I9W|C_130,2026-05,T1I9W,ACES LINCOLN,C_130,Ophthalmology Service,7,4.5,
2026-05|T1I9W|C_999,2026-05,T1I9W,ACES LINCOLN,C_999,Total,7,4.5,
2026-05|T1T4S|C_130,2026-05,T1T4S,ACES BRISTOL,C_130,Ophthalmology Service,83,8.6,
2026-05|T1T4S|C_999,2026-05,T1T4S,ACES BRISTOL,C_999,Total,83,8.6,
2026-05|T4I8V|C_130,2026-05,T4I8V,SPAMEDICA CHESTERFIELD,C_130,Ophthalmology Service,229,5.2,
2026-05|T4I8V|C_999,2026-05,T4I8V,SPAMEDICA CHESTERFIELD,C_999,Total,229,5.2,
2026-05|T8R5I|C_130,2026-05,T8R5I,SPAMEDICA WOKINGHAM,C_130,Ophthalmology Service,242,4.0,
2026-05|T8R5I|C_999,2026-05,T8R5I,SPAMEDICA WOKINGHAM,C_999,Total,242,4.0,
2026-05|T8V3L|C_130,2026-05,T8V3L,SPAMEDICA DONCASTER,C_130,Ophthalmology Service,499,6.1,
2026-05|T8V3L|C_999,2026-05,T8V3L,SPAMEDICA DONCASTER,C_999,Total,499,6.1,
2026-05|TAD|C_999,2026-05,TAD,BRADFORD DISTRICT CARE NHS FOUNDATION TRUST,C_999,Total,571,17.0,
2026-05|TAD|X02,2026-05,TAD,BRADFORD DISTRICT CARE NHS FOUNDATION TRUST,X02,Other - Medical Services,571,17.0,
2026-05|U0K8N|C_130,2026-05,U0K8N,CES MEDICAL,C_130,Ophthalmology Service,58,8.2,
2026-05|U0K8N|C_999,2026-05,U0K8N,CES MEDICAL,C_999,Total,58,8.2,
2026-05|U1P4Z|C_130,2026-05,U1P4Z,ACES MILTON KEYNES,C_130,Ophthalmology Service,144,8.0,
2026-05|U1P4Z|C_999,2026-05,U1P4Z,ACES MILTON KEYNES,C_999,Total,144,8.0,
2026-05|U6A5N|C_130,2026-05,U6A5N,ACES CHISWICK,C_130,Ophthalmology Service,5,9.5,
2026-05|U6A5N|C_999,2026-05,U6A5N,ACES CHISWICK,C_999,Total,5,9.5,
2026-05|V3J9W|C_999,2026-05,V3J9W,PASTEL HEALTH,C_999,Total,188,5.8,
2026-05|V3J9W|X02,2026-05,V3J9W,PASTEL HEALTH,X02,Other - Medical Services,188,5.8,
2026-05|V4U1Y|C_130,2026-05,V4U1Y,SPAMEDICA CHESTER,C_130,Ophthalmology Service,218,5.6,
2026-05|V4U1Y|C_999,2026-05,V4U1Y,SPAMEDICA CHESTER,C_999,Total,218,5.6,
2026-05|V5F1D|C_130,2026-05,V5F1D,SPAMEDICA TELFORD,C_130,Ophthalmology Service,504,7.6,
2026-05|V5F1D|C_999,2026-05,V5F1D,SPAMEDICA TELFORD,C_999,Total,504,7.6,
2026-05|V8A3H|C_130,2026-05,V8A3H,SPAMEDICA SHEFFIELD COMMUNITY DIAGNOSTIC & TREATMENT CENTRE,C_130,Ophthalmology Service,59,5.3,
2026-05|V8A3H|C_999,2026-05,V8A3H,SPAMEDICA SHEFFIELD COMMUNITY DIAGNOSTIC & TREATMENT CENTRE,C_999,Total,59,5.3,
2026-05|V8N5R|C_130,2026-05,V8N5R,SPAMEDICA DALSTON,C_130,Ophthalmology Service,555,6.6,
2026-05|V8N5R|C_999,2026-05,V8N5R,SPAMEDICA DALSTON,C_999,Total,555,6.6,
2026-05|W7J4C|C_130,2026-05,W7J4C,ACES MANCHESTER,C_130,Ophthalmology Service,77,10.3,
2026-05|W7J4C|C_999,2026-05,W7J4C,ACES MANCHESTER,C_999,Total,77,10.3,
2026-05|X0R3Y|C_130,2026-05,X0R3Y,ACES LEEDS KING STREET,C_130,Ophthalmology Service,23,3.8,
2026-05|X0R3Y|C_999,2026-05,X0R3Y,ACES LEEDS KING STREET,C_999,Total,23,3.8,
2026-05|X1M4L|C_130,2026-05,X1M4L,ACES MAIDSTONE,C_130,Ophthalmology Service,3,42.5,
2026-05|X1M4L|C_999,2026-05,X1M4L,ACES MAIDSTONE,C_999,Total,3,42.5,
2026-05|X7M7U|C_130,2026-05,X7M7U,ACES LAKESIDE,C_130,Ophthalmology Service,9,8.8,
2026-05|X7M7U|C_999,2026-05,X7M7U,ACES LAKESIDE,C_999,Total,9,8.8,
2026-05|X7Y2H|C_130,2026-05,X7Y2H,ACES WILMSLOW,C_130,Ophthalmology Service,6,9.0,
2026-05|X7Y2H|C_999,2026-05,X7Y2H,ACES WILMSLOW,C_999,Total,6,9.0,
2026-05|Y7W8F|C_130,2026-05,Y7W8F,ACES SOUTHAMPTON - EAST ST,C_130,Ophthalmology Service,18,6.5,
2026-05|Y7W8F|C_999,2026-05,Y7W8F,ACES SOUTHAMPTON - EAST ST,C_999,Total,18,6.5,
2026-05|Y8L9S|C_130,2026-05,Y8L9S,SPAMEDICA BROMLEY,C_130,Ophthalmology Service,704,8.2,
2026-05|Y8L9S|C_999,2026-05,Y8L9S,SPAMEDICA BROMLEY,C_999,Total,704,8.2,
2026-05|Y9S1N|C_100,2026-05,Y9S1N,FAIRFIELD INDEPENDENT HOSPITAL,C_100,General Surgery Service,394,11.9,
2026-05|Y9S1N|C_101,2026-05,Y9S1N,FAIRFIELD INDEPENDENT HOSPITAL,C_101,Urology Service,241,16.8,
2026-05|Y9S1N|C_110,2026-05,Y9S1N,FAIRFIELD INDEPENDENT HOSPITAL,C_110,Trauma and Orthopaedic Service,585,18.6,
2026-05|Y9S1N|C_120,2026-05,Y9S1N,FAIRFIELD INDEPENDENT HOSPITAL,C_120,Ear Nose and Throat Service,201,8.2,
2026-05|Y9S1N|C_130,2026-05,Y9S1N,FAIRFIELD INDEPENDENT HOSPITAL,C_130,Ophthalmology Service,45,12.2,
2026-05|Y9S1N|C_301,2026-05,Y9S1N,FAIRFIELD INDEPENDENT HOSPITAL,C_301,Gastroenterology Service,134,10.3,
2026-05|Y9S1N|C_999,2026-05,Y9S1N,FAIRFIELD INDEPENDENT HOSPITAL,C_999,Total,1600,14.2,
2026-05|Z1E5F|C_130,2026-05,Z1E5F,NEWMEDICA - HARROGATE,C_130,Ophthalmology Service,276,6.4,
2026-05|Z1E5F|C_999,2026-05,Z1E5F,NEWMEDICA - HARROGATE,C_999,Total,276,6.4,
2026-05|Z2L9B|C_130,2026-05,Z2L9B,NEWMEDICA - MANCHESTER WEST,C_130,Ophthalmology Service,355,7.9,
2026-05|Z2L9B|C_999,2026-05,Z2L9B,NEWMEDICA - MANCHESTER WEST,C_999,Total,355,7.9,
2026-05|Z4F8Y|C_130,2026-05,Z4F8Y,ACES DARTFORD,C_130,Ophthalmology Service,486,8.5,
2026-05|Z4F8Y|C_999,2026-05,Z4F8Y,ACES DARTFORD,C_999,Total,486,8.5,
2026-05|Z5J5V|C_130,2026-05,Z5J5V,SPAMEDICA HAYDOCK,C_130,Ophthalmology Service,353,5.2,
2026-05|Z5J5V|C_999,2026-05,Z5J5V,SPAMEDICA HAYDOCK,C_999,Total,353,5.2,
2026-05|Z9Z1G|C_130,2026-05,Z9Z1G,SPAMEDICA GATESHEAD,C_130,Ophthalmology Service,580,9.0,
2026-05|Z9Z1G|C_999,2026-05,Z9Z1G,SPAMEDICA GATESHEAD,C_999,Total,580,9.0,
